ISO-10303-21;
HEADER;
FILE_DESCRIPTION (( 'STEP AP214' ),
    '1' );
FILE_NAME ('H5007NL.STEP',
    '2020-04-03T18:02:10',
    ( '' ),
    ( '' ),
    'SwSTEP 2.0',
    'SolidWorks 2017',
    '' );
FILE_SCHEMA (( 'AUTOMOTIVE_DESIGN' ));
ENDSEC;

DATA;
#1 = ORIENTED_EDGE ( 'NONE', *, *, #3428, .F. ) ;
#2 = DIRECTION ( 'NONE',  ( 1.000000000000000000, 0.0000000000000000000, 0.0000000000000000000 ) ) ;
#3 = FACE_OUTER_BOUND ( 'NONE', #7077, .T. ) ;
#4 = DIRECTION ( 'NONE',  ( -1.000000000000000000, -0.0000000000000000000, -0.0000000000000000000 ) ) ;
#5 = CARTESIAN_POINT ( 'NONE',  ( -0.1149999999999999600, 0.1024999999999999800, 0.2399999999999999100 ) ) ;
#6 = CARTESIAN_POINT ( 'NONE',  ( 0.03500000000000003800, 0.009999999999999956800, -0.3150000000000000000 ) ) ;
#7 = AXIS2_PLACEMENT_3D ( 'NONE', #5536, #1986, #7957 ) ;
#8 = CARTESIAN_POINT ( 'NONE',  ( -0.01499999999999994200, 0.01210138312730608600, 0.2819175359259424300 ) ) ;
#9 = DIRECTION ( 'NONE',  ( 0.0000000000000000000, 0.0000000000000000000, -1.000000000000000000 ) ) ;
#10 = EDGE_CURVE ( 'NONE', #629, #10766, #3265, .T. ) ;
#11 = ADVANCED_FACE ( 'NONE', ( #4741 ), #8531, .F. ) ;
#12 = CARTESIAN_POINT ( 'NONE',  ( -0.2150000000000000000, 0.009999999999999759100, -0.2819175359259424300 ) ) ;
#13 = ORIENTED_EDGE ( 'NONE', *, *, #5915, .T. ) ;
#14 = ORIENTED_EDGE ( 'NONE', *, *, #4632, .F. ) ;
#15 = VECTOR ( 'NONE', #6193, 39.37007874015748100 ) ;
#16 = PLANE ( 'NONE',  #2234 ) ;
#17 = CLOSED_SHELL ( 'NONE', ( #1667, #6011, #8497, #5433, #10538, #4868, #4721, #246, #3482, #3857, #9743, #6179, #7311, #10274 ) ) ;
#18 = VECTOR ( 'NONE', #7995, 39.37007874015748100 ) ;
#19 = CARTESIAN_POINT ( 'NONE',  ( -0.1349999999999999500, 0.009999999999999753900, -0.2819175359259424300 ) ) ;
#20 = CARTESIAN_POINT ( 'NONE',  ( -0.03499999999999993400, 0.01210138312730608600, -0.2819175359259424300 ) ) ;
#21 = CARTESIAN_POINT ( 'NONE',  ( -0.06499999999999996100, 0.009999999999999956800, -0.3150000000000000000 ) ) ;
#22 = CARTESIAN_POINT ( 'NONE',  ( -0.1649999999999999800, 0.09249999999999998500, 0.2536897542844667700 ) ) ;
#23 = CARTESIAN_POINT ( 'NONE',  ( 0.2650000000000000700, 0.09039861687269366800, 0.2536897542844667700 ) ) ;
#24 = ORIENTED_EDGE ( 'NONE', *, *, #6676, .T. ) ;
#25 = ORIENTED_EDGE ( 'NONE', *, *, #2161, .T. ) ;
#26 = LINE ( 'NONE', #10211, #3882 ) ;
#27 = CARTESIAN_POINT ( 'NONE',  ( 0.2650000000000000700, 0.1024999999999999800, 0.2399999999999999100 ) ) ;
#28 = ORIENTED_EDGE ( 'NONE', *, *, #4931, .T. ) ;
#29 = PLANE ( 'NONE',  #3408 ) ;
#30 = EDGE_CURVE ( 'NONE', #2953, #6425, #6369, .T. ) ;
#31 = LINE ( 'NONE', #2318, #7252 ) ;
#32 = ORIENTED_EDGE ( 'NONE', *, *, #3010, .F. ) ;
#33 = AXIS2_PLACEMENT_3D ( 'NONE', #2670, #1765, #8584 ) ;
#34 = VERTEX_POINT ( 'NONE', #7415 ) ;
#35 = PLANE ( 'NONE',  #5282 ) ;
#36 = ORIENTED_EDGE ( 'NONE', *, *, #3457, .F. ) ;
#37 = DIRECTION ( 'NONE',  ( 0.0000000000000000000, 7.225480511685028100E-015, 1.000000000000000000 ) ) ;
#38 = CARTESIAN_POINT ( 'NONE',  ( 0.1650000000000000900, 0.1024999999999999800, -0.2399999999999999100 ) ) ;
#39 = EDGE_LOOP ( 'NONE', ( #7134, #8098, #10875, #4404 ) ) ;
#40 = ORIENTED_EDGE ( 'NONE', *, *, #4494, .F. ) ;
#41 = ORIENTED_EDGE ( 'NONE', *, *, #8112, .T. ) ;
#42 = CIRCLE ( 'NONE', #10847, 0.01210138312730632000 ) ;
#43 = EDGE_CURVE ( 'NONE', #10709, #7872, #7036, .T. ) ;
#44 = EDGE_LOOP ( 'NONE', ( #6132, #1482, #2907, #4305 ) ) ;
#45 = PRESENTATION_LAYER_ASSIGNMENT (  '', '', ( #6490 ) ) ;
#46 = CARTESIAN_POINT ( 'NONE',  ( -0.2650000000000000100, 0.009999999999999753900, 0.2819175359259424300 ) ) ;
#47 = ORIENTED_EDGE ( 'NONE', *, *, #5938, .T. ) ;
#48 = CARTESIAN_POINT ( 'NONE',  ( 0.1150000000000000700, 0.009999999999999753900, 0.2819175359259424300 ) ) ;
#49 = EDGE_CURVE ( 'NONE', #821, #3316, #207, .T. ) ;
#50 = DIRECTION ( 'NONE',  ( 1.000000000000000000, 0.0000000000000000000, 0.0000000000000000000 ) ) ;
#51 = PLANE ( 'NONE',  #8889 ) ;
#52 = CARTESIAN_POINT ( 'NONE',  ( -0.08499999999999995100, -3.201384367575308500E-018, -0.3150000000000000600 ) ) ;
#53 = VECTOR ( 'NONE', #7247, 39.37007874015748100 ) ;
#54 = VECTOR ( 'NONE', #9977, 39.37007874015748100 ) ;
#55 = DIMENSIONAL_EXPONENTS ( 1.000000000000000000, 0.0000000000000000000, 0.0000000000000000000, 0.0000000000000000000, 0.0000000000000000000, 0.0000000000000000000, 0.0000000000000000000 ) ;
#56 = ORIENTED_EDGE ( 'NONE', *, *, #1310, .T. ) ;
#57 = DIRECTION ( 'NONE',  ( 0.0000000000000000000, 0.0000000000000000000, 1.000000000000000000 ) ) ;
#58 = ORIENTED_EDGE ( 'NONE', *, *, #4979, .F. ) ;
#59 = CARTESIAN_POINT ( 'NONE',  ( 0.08500000000000004800, 0.09076351822333045300, 0.2557592126802870600 ) ) ;
#60 = DIRECTION ( 'NONE',  ( -0.0000000000000000000, -0.0000000000000000000, -1.000000000000000000 ) ) ;
#61 = CARTESIAN_POINT ( 'NONE',  ( 0.06500000000000005800, 0.1024999999999999800, 0.2399999999999999100 ) ) ;
#62 = DIRECTION ( 'NONE',  ( 0.0000000000000000000, 0.0000000000000000000, -1.000000000000000000 ) ) ;
#63 = AXIS2_PLACEMENT_3D ( 'NONE', #1321, #10816, #4683 ) ;
#64 = DIRECTION ( 'NONE',  ( 0.0000000000000000000, -7.225480511685028100E-015, -1.000000000000000000 ) ) ;
#65 = EDGE_CURVE ( 'NONE', #10352, #4701, #4481, .T. ) ;
#66 = CARTESIAN_POINT ( 'NONE',  ( -0.1649999999999999800, 0.09249999999999977700, 0.2656072902104091900 ) ) ;
#67 = CARTESIAN_POINT ( 'NONE',  ( -0.2349999999999999900, 0.1024999999999999800, 0.2399999999999999100 ) ) ;
#68 = VERTEX_POINT ( 'NONE', #552 ) ;
#69 = VECTOR ( 'NONE', #5009, 39.37007874015748100 ) ;
#70 = ADVANCED_FACE ( 'NONE', ( #2466 ), #10033, .F. ) ;
#71 = DIRECTION ( 'NONE',  ( -1.000000000000000000, -0.0000000000000000000, -0.0000000000000000000 ) ) ;
#72 = FACE_OUTER_BOUND ( 'NONE', #6152, .T. ) ;
#73 = DIRECTION ( 'NONE',  ( -1.000000000000000000, -0.0000000000000000000, 0.0000000000000000000 ) ) ;
#74 = CARTESIAN_POINT ( 'NONE',  ( -0.1849999999999999700, 0.009999999999999753900, 0.2819175359259424300 ) ) ;
#75 = ORIENTED_EDGE ( 'NONE', *, *, #2204, .F. ) ;
#76 = CARTESIAN_POINT ( 'NONE',  ( -0.1349999999999999500, -2.603792618961250900E-016, 0.2819175359259424900 ) ) ;
#77 = VECTOR ( 'NONE', #4064, 39.37007874015748900 ) ;
#78 = AXIS2_PLACEMENT_3D ( 'NONE', #9004, #9076, #4018 ) ;
#79 = LINE ( 'NONE', #8070, #336 ) ;
#80 = EDGE_CURVE ( 'NONE', #3658, #2586, #81, .T. ) ;
#81 = LINE ( 'NONE', #5080, #6487 ) ;
#82 = CARTESIAN_POINT ( 'NONE',  ( 0.2350000000000000400, -2.411709556906732200E-016, -0.2819175359259424900 ) ) ;
#83 = ORIENTED_EDGE ( 'NONE', *, *, #8352, .F. ) ;
#84 = CIRCLE ( 'NONE', #4645, 0.002101383127306358700 ) ;
#85 = DIRECTION ( 'NONE',  ( 0.0000000000000000000, 1.000000000000000000, 0.0000000000000000000 ) ) ;
#86 = DIRECTION ( 'NONE',  ( -1.000000000000000000, -0.0000000000000000000, -0.0000000000000000000 ) ) ;
#87 = LINE ( 'NONE', #9996, #6781 ) ;
#88 = PLANE ( 'NONE',  #2551 ) ;
#89 = ORIENTED_EDGE ( 'NONE', *, *, #468, .F. ) ;
#90 = AXIS2_PLACEMENT_3D ( 'NONE', #4649, #9898, #2072 ) ;
#91 = ORIENTED_EDGE ( 'NONE', *, *, #10161, .F. ) ;
#92 = CARTESIAN_POINT ( 'NONE',  ( 0.03500000000000003800, 0.09039861687269366800, 0.2536897542844667700 ) ) ;
#93 = FACE_OUTER_BOUND ( 'NONE', #5179, .T. ) ;
#94 = EDGE_CURVE ( 'NONE', #4689, #10782, #4355, .T. ) ;
#95 = DIRECTION ( 'NONE',  ( -1.000000000000000000, -0.0000000000000000000, -0.0000000000000000000 ) ) ;
#96 = CARTESIAN_POINT ( 'NONE',  ( 0.1350000000000000600, 0.1024999999999999800, -0.2399999999999999100 ) ) ;
#97 = CYLINDRICAL_SURFACE ( 'NONE', #4180, 0.01210138312730635500 ) ;
#98 = CARTESIAN_POINT ( 'NONE',  ( 0.1350000000000000600, 0.09249999999999998500, 0.2536897542844667700 ) ) ;
#99 = CARTESIAN_POINT ( 'NONE',  ( -0.06499999999999996100, 0.09249999999999977700, 0.2656072902104091900 ) ) ;
#100 = CARTESIAN_POINT ( 'NONE',  ( -0.2857222057372608100, 0.1749999999999998500, 0.1807222057372607800 ) ) ;
#101 = DIRECTION ( 'NONE',  ( -1.000000000000000000, -0.0000000000000000000, -0.0000000000000000000 ) ) ;
#102 = CARTESIAN_POINT ( 'NONE',  ( -0.03499999999999993400, 0.009999999999999956800, -0.3150000000000000000 ) ) ;
#103 = VERTEX_POINT ( 'NONE', #11110 ) ;
#104 = ORIENTED_EDGE ( 'NONE', *, *, #8037, .T. ) ;
#105 = VERTEX_POINT ( 'NONE', #8448 ) ;
#106 = FACE_OUTER_BOUND ( 'NONE', #9707, .T. ) ;
#107 = CYLINDRICAL_SURFACE ( 'NONE', #9463, 0.002101383127306358700 ) ;
#108 = LINE ( 'NONE', #3294, #8963 ) ;
#109 = EDGE_CURVE ( 'NONE', #10753, #5646, #3934, .T. ) ;
#110 = PLANE ( 'NONE',  #1997 ) ;
#111 = DIRECTION ( 'NONE',  ( 0.0000000000000000000, 1.000000000000000000, -7.193223902257864100E-015 ) ) ;
#112 = EDGE_CURVE ( 'NONE', #10783, #2527, #2074, .T. ) ;
#113 = AXIS2_PLACEMENT_3D ( 'NONE', #4097, #11032, #9324 ) ;
#114 = ORIENTED_EDGE ( 'NONE', *, *, #10172, .T. ) ;
#115 = LINE ( 'NONE', #7084, #1978 ) ;
#116 = ORIENTED_EDGE ( 'NONE', *, *, #4827, .F. ) ;
#117 = FACE_OUTER_BOUND ( 'NONE', #286, .T. ) ;
#118 = CIRCLE ( 'NONE', #8671, 0.002101383127306358700 ) ;
#119 = DIRECTION ( 'NONE',  ( 1.000000000000000000, 0.0000000000000000000, -0.0000000000000000000 ) ) ;
#120 = PLANE ( 'NONE',  #9790 ) ;
#121 = CARTESIAN_POINT ( 'NONE',  ( 0.1650000000000000900, -2.411709556906732200E-016, -0.2819175359259424900 ) ) ;
#122 = DIRECTION ( 'NONE',  ( -0.0000000000000000000, 1.000000000000000000, 7.193223902257864100E-015 ) ) ;
#123 = EDGE_LOOP ( 'NONE', ( #1056, #7230, #5206, #9872 ) ) ;
#124 = ADVANCED_FACE ( 'NONE', ( #10808 ), #6786, .F. ) ;
#125 = VECTOR ( 'NONE', #6698, 39.37007874015748100 ) ;
#126 = DIRECTION ( 'NONE',  ( -0.0000000000000000000, -0.0000000000000000000, 1.000000000000000000 ) ) ;
#127 = ORIENTED_EDGE ( 'NONE', *, *, #7358, .T. ) ;
#128 = EDGE_CURVE ( 'NONE', #1141, #5510, #10154, .T. ) ;
#129 = LINE ( 'NONE', #1660, #2251 ) ;
#130 = CARTESIAN_POINT ( 'NONE',  ( -0.01499999999999994200, 0.1024999999999999800, -0.2399999999999999100 ) ) ;
#131 = PRESENTATION_LAYER_ASSIGNMENT (  '', '', ( #2978 ) ) ;
#132 = EDGE_CURVE ( 'NONE', #10366, #693, #8941, .T. ) ;
#133 = DIRECTION ( 'NONE',  ( -0.0000000000000000000, -7.193223902257864100E-015, -1.000000000000000000 ) ) ;
#134 = DIRECTION ( 'NONE',  ( 0.0000000000000000000, -0.0000000000000000000, -1.000000000000000000 ) ) ;
#135 = DIRECTION ( 'NONE',  ( -0.0000000000000000000, -7.193223902257864100E-015, -1.000000000000000000 ) ) ;
#136 = DIRECTION ( 'NONE',  ( 0.0000000000000000000, 0.0000000000000000000, -1.000000000000000000 ) ) ;
#137 = VERTEX_POINT ( 'NONE', #854 ) ;
#138 = VERTEX_POINT ( 'NONE', #4144 ) ;
#139 = CARTESIAN_POINT ( 'NONE',  ( -0.01499999999999994200, 0.01000000000000000400, -0.2700000000000000200 ) ) ;
#140 = VECTOR ( 'NONE', #4490, 39.37007874015748100 ) ;
#141 = VERTEX_POINT ( 'NONE', #10184 ) ;
#142 = CARTESIAN_POINT ( 'NONE',  ( -0.1649999999999999800, 0.09076351822333045300, -0.2557592126802871200 ) ) ;
#143 = LINE ( 'NONE', #7802, #6305 ) ;
#144 = DIRECTION ( 'NONE',  ( 0.0000000000000000000, 0.0000000000000000000, -1.000000000000000000 ) ) ;
#145 = CARTESIAN_POINT ( 'NONE',  ( 0.03500000000000003800, 0.009999999999999956800, -0.3150000000000000000 ) ) ;
#146 = AXIS2_PLACEMENT_3D ( 'NONE', #1303, #9987, #4699 ) ;
#147 = AXIS2_PLACEMENT_3D ( 'NONE', #10302, #2, #6027 ) ;
#148 = CARTESIAN_POINT ( 'NONE',  ( -0.03499999999999993400, 0.009999999999999753900, 0.2819175359259424300 ) ) ;
#149 = ORIENTED_EDGE ( 'NONE', *, *, #8302, .F. ) ;
#150 = EDGE_LOOP ( 'NONE', ( #10073, #9934, #8465, #2227 ) ) ;
#151 = DIRECTION ( 'NONE',  ( -1.000000000000000000, -0.0000000000000000000, -0.0000000000000000000 ) ) ;
#152 = EDGE_CURVE ( 'NONE', #2130, #9063, #9070, .T. ) ;
#153 = VERTEX_POINT ( 'NONE', #8487 ) ;
#154 = VERTEX_POINT ( 'NONE', #6865 ) ;
#155 = VERTEX_POINT ( 'NONE', #4306 ) ;
#156 = FACE_OUTER_BOUND ( 'NONE', #658, .T. ) ;
#157 = PLANE ( 'NONE',  #9732 ) ;
#158 = DIRECTION ( 'NONE',  ( 0.0000000000000000000, 0.0000000000000000000, -1.000000000000000000 ) ) ;
#159 = DIRECTION ( 'NONE',  ( -1.000000000000000000, -0.0000000000000000000, 0.0000000000000000000 ) ) ;
#160 = CYLINDRICAL_SURFACE ( 'NONE', #8109, 0.01210138312730635500 ) ;
#161 = AXIS2_PLACEMENT_3D ( 'NONE', #5016, #5879, #5047 ) ;
#162 = CARTESIAN_POINT ( 'NONE',  ( 0.2350000000000000400, 0.09039861687269366800, 0.2536897542844667700 ) ) ;
#163 = EDGE_CURVE ( 'NONE', #1418, #629, #3798, .T. ) ;
#164 = ORIENTED_EDGE ( 'NONE', *, *, #7364, .F. ) ;
#165 = ORIENTED_EDGE ( 'NONE', *, *, #4572, .T. ) ;
#166 = ORIENTED_EDGE ( 'NONE', *, *, #3213, .F. ) ;
#167 = ADVANCED_FACE ( 'NONE', ( #860 ), #5036, .F. ) ;
#168 = FACE_OUTER_BOUND ( 'NONE', #9596, .T. ) ;
#169 = CARTESIAN_POINT ( 'NONE',  ( -0.2349999999999999900, 0.09249999999999977700, 0.2656072902104091900 ) ) ;
#170 = VECTOR ( 'NONE', #10703, 39.37007874015748900 ) ;
#171 = PLANE ( 'NONE',  #297 ) ;
#172 = LINE ( 'NONE', #59, #6451 ) ;
#173 = CARTESIAN_POINT ( 'NONE',  ( 0.1150000000000000700, 0.09249999999999998500, 0.2399999999999999100 ) ) ;
#174 = DIRECTION ( 'NONE',  ( -0.0000000000000000000, 1.000000000000000000, 6.829619984160684300E-015 ) ) ;
#175 = ORIENTED_EDGE ( 'NONE', *, *, #6492, .F. ) ;
#176 = EDGE_CURVE ( 'NONE', #5674, #9998, #453, .T. ) ;
#177 = DIRECTION ( 'NONE',  ( 0.0000000000000000000, -0.1736481776669304400, 0.9848077530122080200 ) ) ;
#178 = VERTEX_POINT ( 'NONE', #2538 ) ;
#179 = ORIENTED_EDGE ( 'NONE', *, *, #2734, .F. ) ;
#180 = EDGE_CURVE ( 'NONE', #3605, #4044, #6614, .T. ) ;
#181 =( GEOMETRIC_REPRESENTATION_CONTEXT ( 3 ) GLOBAL_UNCERTAINTY_ASSIGNED_CONTEXT ( ( #1468 ) ) GLOBAL_UNIT_ASSIGNED_CONTEXT ( ( #5848, #8428, #3258 ) ) REPRESENTATION_CONTEXT ( 'NONE', 'WORKASPACE' ) );
#182 = ADVANCED_FACE ( 'NONE', ( #7567 ), #5292, .F. ) ;
#183 = VERTEX_POINT ( 'NONE', #9395 ) ;
#184 = DIRECTION ( 'NONE',  ( -0.0000000000000000000, 1.000000000000000000, -0.0000000000000000000 ) ) ;
#185 = LINE ( 'NONE', #9331, #4459 ) ;
#186 = ORIENTED_EDGE ( 'NONE', *, *, #3906, .T. ) ;
#187 = CARTESIAN_POINT ( 'NONE',  ( -0.1649999999999999800, 0.01000000000000000000, 0.2699999999999999600 ) ) ;
#188 = LINE ( 'NONE', #335, #6748 ) ;
#189 = ORIENTED_EDGE ( 'NONE', *, *, #3182, .F. ) ;
#190 = ORIENTED_EDGE ( 'NONE', *, *, #9636, .T. ) ;
#191 = ORIENTED_EDGE ( 'NONE', *, *, #1619, .F. ) ;
#192 = VECTOR ( 'NONE', #1459, 39.37007874015748900 ) ;
#193 = EDGE_CURVE ( 'NONE', #8958, #8454, #2727, .T. ) ;
#194 = AXIS2_PLACEMENT_3D ( 'NONE', #8059, #5450, #1271 ) ;
#195 = CARTESIAN_POINT ( 'NONE',  ( -0.1149999999999999600, 0.09039861687269366800, 0.2536897542844667700 ) ) ;
#196 = CARTESIAN_POINT ( 'NONE',  ( 0.03500000000000003800, 0.09249999999999999900, -0.2536897542844667700 ) ) ;
#197 = EDGE_CURVE ( 'NONE', #833, #1473, #10144, .T. ) ;
#198 = DIRECTION ( 'NONE',  ( -0.0000000000000000000, -0.0000000000000000000, -1.000000000000000000 ) ) ;
#199 = LINE ( 'NONE', #9041, #6764 ) ;
#200 = ORIENTED_EDGE ( 'NONE', *, *, #10609, .F. ) ;
#201 = SURFACE_STYLE_FILL_AREA ( #4192 ) ;
#202 = CARTESIAN_POINT ( 'NONE',  ( 0.2350000000000000400, 0.01173648177666930900, 0.2798480775301220900 ) ) ;
#203 = DIRECTION ( 'NONE',  ( 1.000000000000000000, 0.0000000000000000000, 0.0000000000000000000 ) ) ;
#204 = CARTESIAN_POINT ( 'NONE',  ( 0.1350000000000000600, 0.09249999999999974900, -0.2656072902104091300 ) ) ;
#205 = CARTESIAN_POINT ( 'NONE',  ( 0.2350000000000000400, -2.411709556906732200E-016, -0.2819175359259424900 ) ) ;
#206 = AXIS2_PLACEMENT_3D ( 'NONE', #1871, #10464, #2810 ) ;
#207 = CIRCLE ( 'NONE', #9518, 0.002101383127306358700 ) ;
#208 = DIRECTION ( 'NONE',  ( 0.0000000000000000000, 0.0000000000000000000, -1.000000000000000000 ) ) ;
#209 = EDGE_CURVE ( 'NONE', #8868, #1400, #4872, .T. ) ;
#210 = CARTESIAN_POINT ( 'NONE',  ( 0.2850000000000000900, 0.09076351822333045300, -0.2557592126802871200 ) ) ;
#211 = CARTESIAN_POINT ( 'NONE',  ( 0.03500000000000003800, -3.201384367575308500E-018, 0.3150000000000000600 ) ) ;
#212 = CARTESIAN_POINT ( 'NONE',  ( -0.3449999999999998600, 0.1024999999999999800, -0.2399999999999996300 ) ) ;
#213 = ORIENTED_EDGE ( 'NONE', *, *, #5812, .T. ) ;
#214 = FACE_OUTER_BOUND ( 'NONE', #10710, .T. ) ;
#215 = CIRCLE ( 'NONE', #2178, 0.002101383127306324400 ) ;
#216 = DIRECTION ( 'NONE',  ( -1.000000000000000000, -0.0000000000000000000, -0.0000000000000000000 ) ) ;
#217 = ORIENTED_EDGE ( 'NONE', *, *, #10910, .F. ) ;
#218 = DIMENSIONAL_EXPONENTS ( 1.000000000000000000, 0.0000000000000000000, 0.0000000000000000000, 0.0000000000000000000, 0.0000000000000000000, 0.0000000000000000000, 0.0000000000000000000 ) ;
#219 = ORIENTED_EDGE ( 'NONE', *, *, #2998, .F. ) ;
#220 = VECTOR ( 'NONE', #10320, 39.37007874015748900 ) ;
#221 =( GEOMETRIC_REPRESENTATION_CONTEXT ( 3 ) GLOBAL_UNCERTAINTY_ASSIGNED_CONTEXT ( ( #3250 ) ) GLOBAL_UNIT_ASSIGNED_CONTEXT ( ( #8978, #2096, #9710 ) ) REPRESENTATION_CONTEXT ( 'NONE', 'WORKASPACE' ) );
#222 = CYLINDRICAL_SURFACE ( 'NONE', #10690, 0.002101383127306358700 ) ;
#223 = EDGE_CURVE ( 'NONE', #10094, #3058, #9610, .T. ) ;
#224 = DIRECTION ( 'NONE',  ( -0.0000000000000000000, -0.0000000000000000000, 1.000000000000000000 ) ) ;
#225 = PLANE ( 'NONE',  #7042 ) ;
#226 = ORIENTED_EDGE ( 'NONE', *, *, #7304, .F. ) ;
#227 = DIRECTION ( 'NONE',  ( 0.0000000000000000000, -0.0000000000000000000, -1.000000000000000000 ) ) ;
#228 = ORIENTED_EDGE ( 'NONE', *, *, #7739, .T. ) ;
#229 = CARTESIAN_POINT ( 'NONE',  ( -0.2349999999999999900, 0.09039861687269366800, 0.2536897542844667700 ) ) ;
#230 = ORIENTED_EDGE ( 'NONE', *, *, #7255, .T. ) ;
#231 = CARTESIAN_POINT ( 'NONE',  ( -0.03499999999999993400, 0.009999999999999956800, -0.3150000000000000000 ) ) ;
#232 = CARTESIAN_POINT ( 'NONE',  ( -0.2150000000000000000, 0.09039861687269366800, 0.2536897542844667700 ) ) ;
#233 = PRESENTATION_STYLE_ASSIGNMENT (( #253 ) ) ;
#234 = ADVANCED_FACE ( 'NONE', ( #6360 ), #8718, .F. ) ;
#235 = CYLINDRICAL_SURFACE ( 'NONE', #7414, 0.002101383127306358700 ) ;
#236 = CARTESIAN_POINT ( 'NONE',  ( -0.06499999999999996100, 0.09249999999999999900, -0.2536897542844667700 ) ) ;
#237 = VERTEX_POINT ( 'NONE', #6900 ) ;
#238 = EDGE_CURVE ( 'NONE', #9777, #6529, #1392, .T. ) ;
#239 = AXIS2_PLACEMENT_3D ( 'NONE', #4351, #8762, #5168 ) ;
#240 = CARTESIAN_POINT ( 'NONE',  ( 0.06500000000000005800, 0.1024999999999999800, 0.2399999999999999100 ) ) ;
#241 = VERTEX_POINT ( 'NONE', #82 ) ;
#242 = LINE ( 'NONE', #7366, #9379 ) ;
#243 = FACE_OUTER_BOUND ( 'NONE', #8896, .T. ) ;
#244 = DIRECTION ( 'NONE',  ( 0.0000000000000000000, 1.000000000000000000, 0.0000000000000000000 ) ) ;
#245 = COLOUR_RGB ( '',0.7921568627450980000, 0.8196078431372548800, 0.9333333333333333500 ) ;
#246 = ADVANCED_FACE ( 'NONE', ( #72 ), #157, .F. ) ;
#247 = DIRECTION ( 'NONE',  ( -0.0000000000000000000, 0.0000000000000000000, 1.000000000000000000 ) ) ;
#248 = ORIENTED_EDGE ( 'NONE', *, *, #7775, .F. ) ;
#249 = FACE_OUTER_BOUND ( 'NONE', #799, .T. ) ;
#250 = ORIENTED_EDGE ( 'NONE', *, *, #8051, .F. ) ;
#251 = LENGTH_MEASURE_WITH_UNIT ( LENGTH_MEASURE( 0.02539999999999999900 ), #2495 );
#252 = VECTOR ( 'NONE', #2393, 39.37007874015748900 ) ;
#253 = SURFACE_STYLE_USAGE ( .BOTH. , #4475 ) ;
#254 = EDGE_CURVE ( 'NONE', #9139, #10482, #10292, .T. ) ;
#255 = AXIS2_PLACEMENT_3D ( 'NONE', #2785, #4479, #6205 ) ;
#256 = DIRECTION ( 'NONE',  ( 0.0000000000000000000, 0.0000000000000000000, -1.000000000000000000 ) ) ;
#257 = ORIENTED_EDGE ( 'NONE', *, *, #442, .T. ) ;
#258 = ORIENTED_EDGE ( 'NONE', *, *, #9387, .T. ) ;
#259 = VECTOR ( 'NONE', #11048, 39.37007874015748100 ) ;
#260 = ORIENTED_EDGE ( 'NONE', *, *, #2450, .T. ) ;
#261 = LINE ( 'NONE', #7676, #1445 ) ;
#262 = CARTESIAN_POINT ( 'NONE',  ( -0.06499999999999996100, 0.01000000000000000400, -0.2700000000000000200 ) ) ;
#263 = CARTESIAN_POINT ( 'NONE',  ( 0.2650000000000000700, 0.09039861687269366800, -0.2536897542844667700 ) ) ;
#264 = CARTESIAN_POINT ( 'NONE',  ( 0.1850000000000000800, 0.09249999999999977700, 0.2656072902104091900 ) ) ;
#265 = DIRECTION ( 'NONE',  ( -0.0000000000000000000, 0.9848077530122082400, -0.1736481776669296100 ) ) ;
#266 = ORIENTED_EDGE ( 'NONE', *, *, #10371, .T. ) ;
#267 = VERTEX_POINT ( 'NONE', #46 ) ;
#268 = PLANE ( 'NONE',  #6131 ) ;
#269 = AXIS2_PLACEMENT_3D ( 'NONE', #9401, #7727, #5959 ) ;
#270 = ORIENTED_EDGE ( 'NONE', *, *, #1048, .T. ) ;
#271 = EDGE_CURVE ( 'NONE', #9235, #3605, #7429, .T. ) ;
#272 = VECTOR ( 'NONE', #8291, 39.37007874015748100 ) ;
#273 = CARTESIAN_POINT ( 'NONE',  ( 0.1150000000000000700, -2.411709556906732200E-016, -0.2819175359259424900 ) ) ;
#274 = CARTESIAN_POINT ( 'NONE',  ( -0.2650000000000000100, -2.411709556906732200E-016, 0.2819175359259424900 ) ) ;
#275 = EDGE_LOOP ( 'NONE', ( #9491, #9363, #7921, #5217 ) ) ;
#276 = ORIENTED_EDGE ( 'NONE', *, *, #9767, .F. ) ;
#277 = ORIENTED_EDGE ( 'NONE', *, *, #10966, .F. ) ;
#278 = DIRECTION ( 'NONE',  ( 1.000000000000000000, 0.0000000000000000000, 0.0000000000000000000 ) ) ;
#279 = LINE ( 'NONE', #8803, #6440 ) ;
#280 =( GEOMETRIC_REPRESENTATION_CONTEXT ( 3 ) GLOBAL_UNCERTAINTY_ASSIGNED_CONTEXT ( ( #10978 ) ) GLOBAL_UNIT_ASSIGNED_CONTEXT ( ( #6345, #1205, #8067 ) ) REPRESENTATION_CONTEXT ( 'NONE', 'WORKASPACE' ) );
#281 = ADVANCED_FACE ( 'NONE', ( #10684 ), #7976, .F. ) ;
#282 =( GEOMETRIC_REPRESENTATION_CONTEXT ( 3 ) GLOBAL_UNCERTAINTY_ASSIGNED_CONTEXT ( ( #6155 ) ) GLOBAL_UNIT_ASSIGNED_CONTEXT ( ( #3775, #6434, #2122 ) ) REPRESENTATION_CONTEXT ( 'NONE', 'WORKASPACE' ) );
#283 = EDGE_CURVE ( 'NONE', #9262, #441, #5409, .T. ) ;
#284 = FILL_AREA_STYLE_COLOUR ( '', #749 ) ;
#285 = ORIENTED_EDGE ( 'NONE', *, *, #7144, .T. ) ;
#286 = EDGE_LOOP ( 'NONE', ( #511, #6408, #7680, #1700 ) ) ;
#287 = VERTEX_POINT ( 'NONE', #6978 ) ;
#288 = LINE ( 'NONE', #679, #3763 ) ;
#289 = ORIENTED_EDGE ( 'NONE', *, *, #3410, .F. ) ;
#290 = CARTESIAN_POINT ( 'NONE',  ( -0.01499999999999994200, -3.201384367575308500E-018, 0.3150000000000000600 ) ) ;
#291 = VERTEX_POINT ( 'NONE', #8682 ) ;
#292 = ORIENTED_EDGE ( 'NONE', *, *, #109, .F. ) ;
#293 = DIRECTION ( 'NONE',  ( 0.0000000000000000000, 0.0000000000000000000, -1.000000000000000000 ) ) ;
#294 = ORIENTED_EDGE ( 'NONE', *, *, #3159, .T. ) ;
#295 = VERTEX_POINT ( 'NONE', #9546 ) ;
#296 = EDGE_CURVE ( 'NONE', #6615, #9806, #5267, .T. ) ;
#297 = AXIS2_PLACEMENT_3D ( 'NONE', #1756, #3491, #3446 ) ;
#298 = CARTESIAN_POINT ( 'NONE',  ( 0.1650000000000000900, 0.09076351822333045300, 0.2557592126802871200 ) ) ;
#299 = EDGE_CURVE ( 'NONE', #10886, #4691, #8383, .T. ) ;
#300 = LINE ( 'NONE', #5058, #7138 ) ;
#301 = CARTESIAN_POINT ( 'NONE',  ( -0.2150000000000000000, 0.09249999999999998500, 0.2399999999999999100 ) ) ;
#302 = CARTESIAN_POINT ( 'NONE',  ( -0.1149999999999999600, 0.09039861687269366800, 0.2536897542844667700 ) ) ;
#303 = VERTEX_POINT ( 'NONE', #8055 ) ;
#304 = DIRECTION ( 'NONE',  ( 0.0000000000000000000, 0.0000000000000000000, -1.000000000000000000 ) ) ;
#305 = EDGE_LOOP ( 'NONE', ( #10651, #3201, #7066, #1162 ) ) ;
#306 = CARTESIAN_POINT ( 'NONE',  ( 0.1150000000000000700, -3.201384367575308500E-018, -0.3150000000000000600 ) ) ;
#307 = DIRECTION ( 'NONE',  ( 0.0000000000000000000, 0.0000000000000000000, 1.000000000000000000 ) ) ;
#308 = ORIENTED_EDGE ( 'NONE', *, *, #5485, .F. ) ;
#309 = DIRECTION ( 'NONE',  ( -1.000000000000000000, -0.0000000000000000000, 0.0000000000000000000 ) ) ;
#310 = PRESENTATION_STYLE_ASSIGNMENT (( #1289 ) ) ;
#311 = EDGE_CURVE ( 'NONE', #5934, #2443, #9747, .T. ) ;
#312 = CARTESIAN_POINT ( 'NONE',  ( -0.1649999999999999800, 0.01210138312730608600, -0.2819175359259424300 ) ) ;
#313 = DIRECTION ( 'NONE',  ( 0.0000000000000000000, -0.9848077530122082400, -0.1736481776669296100 ) ) ;
#314 = ORIENTED_EDGE ( 'NONE', *, *, #10387, .T. ) ;
#315 = LINE ( 'NONE', #5041, #449 ) ;
#316 = EDGE_CURVE ( 'NONE', #1595, #3731, #2062, .T. ) ;
#317 = FACE_OUTER_BOUND ( 'NONE', #6853, .T. ) ;
#318 = CARTESIAN_POINT ( 'NONE',  ( 0.2850000000000000900, -3.201384367575308500E-018, 0.3150000000000000600 ) ) ;
#319 = STYLED_ITEM ( 'NONE', ( #6514 ), #4298 ) ;
#320 = MANIFOLD_SOLID_BREP ( 'Pin 21', #8621 ) ;
#321 = ORIENTED_EDGE ( 'NONE', *, *, #10725, .T. ) ;
#322 = DIRECTION ( 'NONE',  ( 0.0000000000000000000, 0.0000000000000000000, 1.000000000000000000 ) ) ;
#323 = CARTESIAN_POINT ( 'NONE',  ( -0.2150000000000000000, 0.09249999999999977700, 0.2656072902104091900 ) ) ;
#324 = CARTESIAN_POINT ( 'NONE',  ( 0.03500000000000003800, 0.1024999999999999800, -0.2399999999999999100 ) ) ;
#325 = LINE ( 'NONE', #7504, #8665 ) ;
#326 = CARTESIAN_POINT ( 'NONE',  ( 0.1850000000000000800, 0.01000000000000000000, 0.2699999999999999600 ) ) ;
#327 = FACE_OUTER_BOUND ( 'NONE', #2575, .T. ) ;
#328 = EDGE_CURVE ( 'NONE', #8008, #9797, #3540, .T. ) ;
#329 = DIRECTION ( 'NONE',  ( -1.000000000000000000, -0.0000000000000000000, -0.0000000000000000000 ) ) ;
#330 = ORIENTED_EDGE ( 'NONE', *, *, #5127, .F. ) ;
#331 = FACE_OUTER_BOUND ( 'NONE', #1295, .T. ) ;
#332 = CARTESIAN_POINT ( 'NONE',  ( 0.08500000000000004800, 0.009999999999999753900, -0.2819175359259424300 ) ) ;
#333 = EDGE_CURVE ( 'NONE', #3165, #5175, #2599, .T. ) ;
#334 = CARTESIAN_POINT ( 'NONE',  ( 0.1150000000000000700, 0.01210138312730608600, -0.2819175359259424300 ) ) ;
#335 = CARTESIAN_POINT ( 'NONE',  ( 0.1350000000000000600, 0.09076351822333045300, 0.2557592126802871200 ) ) ;
#336 = VECTOR ( 'NONE', #7093, 39.37007874015748100 ) ;
#337 = ADVANCED_FACE ( 'NONE', ( #4062 ), #1930, .F. ) ;
#338 = PLANE ( 'NONE',  #1098 ) ;
#339 = CARTESIAN_POINT ( 'NONE',  ( -0.2857222057372608100, 0.2249999999999998700, 0.1532222057372607800 ) ) ;
#340 = CARTESIAN_POINT ( 'NONE',  ( -0.2650000000000000100, 0.09039861687269366800, -0.2536897542844667700 ) ) ;
#341 = ORIENTED_EDGE ( 'NONE', *, *, #4301, .F. ) ;
#342 = ORIENTED_EDGE ( 'NONE', *, *, #8112, .F. ) ;
#343 = FACE_OUTER_BOUND ( 'NONE', #1576, .T. ) ;
#344 = ORIENTED_EDGE ( 'NONE', *, *, #2601, .F. ) ;
#345 = LINE ( 'NONE', #3204, #2079 ) ;
#346 = DIRECTION ( 'NONE',  ( -0.0000000000000000000, 1.000000000000000000, 6.829619984160684300E-015 ) ) ;
#347 = MECHANICAL_DESIGN_GEOMETRIC_PRESENTATION_REPRESENTATION (  '', ( #7445 ), #912 ) ;
#348 = DIRECTION ( 'NONE',  ( 1.000000000000000000, 0.0000000000000000000, 0.0000000000000000000 ) ) ;
#349 = EDGE_CURVE ( 'NONE', #1669, #7286, #7848, .T. ) ;
#350 = PLANE ( 'NONE',  #4279 ) ;
#351 = ORIENTED_EDGE ( 'NONE', *, *, #11104, .T. ) ;
#352 = EDGE_LOOP ( 'NONE', ( #7548, #4368, #8930, #2372 ) ) ;
#353 = ORIENTED_EDGE ( 'NONE', *, *, #10, .T. ) ;
#354 = LINE ( 'NONE', #1362, #1538 ) ;
#355 = DIRECTION ( 'NONE',  ( -1.000000000000000000, -0.0000000000000000000, 0.0000000000000000000 ) ) ;
#356 = DIRECTION ( 'NONE',  ( -1.000000000000000000, -0.0000000000000000000, -0.0000000000000000000 ) ) ;
#357 = ORIENTED_EDGE ( 'NONE', *, *, #9609, .T. ) ;
#358 = CARTESIAN_POINT ( 'NONE',  ( 0.1850000000000000800, -3.201384367575308500E-018, -0.3150000000000000600 ) ) ;
#359 = ORIENTED_EDGE ( 'NONE', *, *, #9652, .F. ) ;
#360 = LINE ( 'NONE', #6967, #2098 ) ;
#361 = EDGE_CURVE ( 'NONE', #2432, #5636, #7294, .T. ) ;
#362 = FACE_OUTER_BOUND ( 'NONE', #4451, .T. ) ;
#363 = LINE ( 'NONE', #8539, #5571 ) ;
#364 =( LENGTH_UNIT ( ) NAMED_UNIT ( * ) SI_UNIT ( $, .METRE. ) );
#365 = PLANE ( 'NONE',  #1861 ) ;
#366 = DIRECTION ( 'NONE',  ( 0.0000000000000000000, 0.0000000000000000000, 1.000000000000000000 ) ) ;
#367 = DIRECTION ( 'NONE',  ( 0.0000000000000000000, -1.000000000000000000, 0.0000000000000000000 ) ) ;
#368 = DIRECTION ( 'NONE',  ( -1.000000000000000000, -0.0000000000000000000, 0.0000000000000000000 ) ) ;
#369 = ORIENTED_EDGE ( 'NONE', *, *, #152, .T. ) ;
#370 = CYLINDRICAL_SURFACE ( 'NONE', #3784, 0.01210138312730635500 ) ;
#371 = ORIENTED_EDGE ( 'NONE', *, *, #4704, .T. ) ;
#372 = LINE ( 'NONE', #9448, #6810 ) ;
#373 = DIRECTION ( 'NONE',  ( 0.0000000000000000000, -0.9848077530122082400, -0.1736481776669296100 ) ) ;
#374 = FACE_OUTER_BOUND ( 'NONE', #3225, .T. ) ;
#375 = PRODUCT_DEFINITION_FORMATION_WITH_SPECIFIED_SOURCE ( 'ANY', '', #6101, .NOT_KNOWN. ) ;
#376 = EDGE_CURVE ( 'NONE', #2877, #984, #9333, .T. ) ;
#377 = AXIS2_PLACEMENT_3D ( 'NONE', #7466, #9208, #4048 ) ;
#378 = DIRECTION ( 'NONE',  ( 0.0000000000000000000, 0.1736481776669296100, -0.9848077530122082400 ) ) ;
#379 = VERTEX_POINT ( 'NONE', #5443 ) ;
#380 = DIRECTION ( 'NONE',  ( 0.0000000000000000000, -0.0000000000000000000, -1.000000000000000000 ) ) ;
#381 = CYLINDRICAL_SURFACE ( 'NONE', #10216, 0.002101383127306324400 ) ;
#382 = EDGE_LOOP ( 'NONE', ( #615, #5099, #5235, #8205, #10622, #5087, #7640, #7711, #4163, #3542, #8756, #9856 ) ) ;
#383 = CARTESIAN_POINT ( 'NONE',  ( 0.1850000000000000800, 0.09039861687269366800, -0.2536897542844667700 ) ) ;
#384 = VECTOR ( 'NONE', #10148, 39.37007874015748100 ) ;
#385 = CIRCLE ( 'NONE', #8576, 0.002101383127306324400 ) ;
#386 = CARTESIAN_POINT ( 'NONE',  ( -0.1149999999999999600, 0.01000000000000000400, -0.2700000000000000200 ) ) ;
#387 = ORIENTED_EDGE ( 'NONE', *, *, #795, .T. ) ;
#388 = ADVANCED_FACE ( 'NONE', ( #327 ), #4513, .F. ) ;
#389 = VERTEX_POINT ( 'NONE', #2866 ) ;
#390 = ORIENTED_EDGE ( 'NONE', *, *, #5971, .T. ) ;
#391 = VECTOR ( 'NONE', #6947, 39.37007874015748100 ) ;
#392 = CARTESIAN_POINT ( 'NONE',  ( 0.1150000000000000700, -2.411709556906732200E-016, -0.2819175359259424900 ) ) ;
#393 = ORIENTED_EDGE ( 'NONE', *, *, #8264, .F. ) ;
#394 = EDGE_CURVE ( 'NONE', #291, #4680, #9194, .T. ) ;
#395 = AXIS2_PLACEMENT_3D ( 'NONE', #3996, #1282, #2137 ) ;
#396 = EDGE_CURVE ( 'NONE', #489, #8823, #7030, .T. ) ;
#397 = EDGE_LOOP ( 'NONE', ( #2509, #6312, #3218, #3154 ) ) ;
#398 = ORIENTED_EDGE ( 'NONE', *, *, #3894, .T. ) ;
#399 = ADVANCED_FACE ( 'NONE', ( #3255 ), #1652, .F. ) ;
#400 = LINE ( 'NONE', #1878, #4817 ) ;
#401 = ORIENTED_EDGE ( 'NONE', *, *, #3296, .F. ) ;
#402 = DIRECTION ( 'NONE',  ( -2.845674993400274400E-016, -0.0000000000000000000, -1.000000000000000000 ) ) ;
#403 = CARTESIAN_POINT ( 'NONE',  ( -0.2849999999999999800, 0.009999999999999956800, -0.3150000000000000000 ) ) ;
#404 = LINE ( 'NONE', #6753, #525 ) ;
#405 = DIRECTION ( 'NONE',  ( 1.000000000000000000, 0.0000000000000000000, 0.0000000000000000000 ) ) ;
#406 = CARTESIAN_POINT ( 'NONE',  ( -0.06499999999999996100, 0.09039861687269366800, 0.2536897542844667700 ) ) ;
#407 = DIRECTION ( 'NONE',  ( 1.000000000000000000, 0.0000000000000000000, -0.0000000000000000000 ) ) ;
#408 = AXIS2_PLACEMENT_3D ( 'NONE', #4269, #3405, #5163 ) ;
#409 = ORIENTED_EDGE ( 'NONE', *, *, #10835, .F. ) ;
#410 = CLOSED_SHELL ( 'NONE', ( #10876, #4993, #1438, #7347 ) ) ;
#411 = EDGE_CURVE ( 'NONE', #647, #3422, #8797, .T. ) ;
#412 = FACE_OUTER_BOUND ( 'NONE', #3523, .T. ) ;
#413 = VERTEX_POINT ( 'NONE', #7977 ) ;
#414 = DIRECTION ( 'NONE',  ( -0.0000000000000000000, 0.9848077530122082400, -0.1736481776669296100 ) ) ;
#415 = SURFACE_STYLE_FILL_AREA ( #483 ) ;
#416 = DIRECTION ( 'NONE',  ( -0.0000000000000000000, 1.000000000000000000, 0.0000000000000000000 ) ) ;
#417 = CARTESIAN_POINT ( 'NONE',  ( 0.2350000000000000400, 0.1024999999999999800, -0.2399999999999999100 ) ) ;
#418 =( NAMED_UNIT ( * ) SI_UNIT ( $, .STERADIAN. ) SOLID_ANGLE_UNIT ( ) );
#419 = ORIENTED_EDGE ( 'NONE', *, *, #2033, .T. ) ;
#420 = CARTESIAN_POINT ( 'NONE',  ( 0.03500000000000003800, 0.09039861687269366800, 0.2536897542844667700 ) ) ;
#421 = VERTEX_POINT ( 'NONE', #4659 ) ;
#422 = VERTEX_POINT ( 'NONE', #9728 ) ;
#423 = ORIENTED_EDGE ( 'NONE', *, *, #9015, .T. ) ;
#424 = AXIS2_PLACEMENT_3D ( 'NONE', #1091, #1951, #307 ) ;
#425 = SURFACE_STYLE_FILL_AREA ( #7293 ) ;
#426 = AXIS2_PLACEMENT_3D ( 'NONE', #9899, #462, #7352 ) ;
#427 = LINE ( 'NONE', #2999, #689 ) ;
#428 = EDGE_CURVE ( 'NONE', #10992, #10998, #9740, .T. ) ;
#429 = DIRECTION ( 'NONE',  ( -0.0000000000000000000, -5.999729353452747400E-015, 1.000000000000000000 ) ) ;
#430 = ORIENTED_EDGE ( 'NONE', *, *, #5337, .F. ) ;
#431 = DIMENSIONAL_EXPONENTS ( 1.000000000000000000, 0.0000000000000000000, 0.0000000000000000000, 0.0000000000000000000, 0.0000000000000000000, 0.0000000000000000000, 0.0000000000000000000 ) ;
#432 = ORIENTED_EDGE ( 'NONE', *, *, #3039, .F. ) ;
#433 = ORIENTED_EDGE ( 'NONE', *, *, #2535, .T. ) ;
#434 = ORIENTED_EDGE ( 'NONE', *, *, #3246, .F. ) ;
#435 = DIRECTION ( 'NONE',  ( 0.0000000000000000000, 0.0000000000000000000, 1.000000000000000000 ) ) ;
#436 = CARTESIAN_POINT ( 'NONE',  ( 0.06500000000000005800, -3.201384367575308500E-018, 0.3150000000000000600 ) ) ;
#437 = CIRCLE ( 'NONE', #7432, 0.01210138312730632000 ) ;
#438 = EDGE_LOOP ( 'NONE', ( #6973, #2189, #164, #820 ) ) ;
#439 = FACE_OUTER_BOUND ( 'NONE', #963, .T. ) ;
#440 = CARTESIAN_POINT ( 'NONE',  ( -0.3449999999999997500, 0.1024999999999999800, 0.2399999999999999100 ) ) ;
#441 = VERTEX_POINT ( 'NONE', #507 ) ;
#442 = EDGE_CURVE ( 'NONE', #8810, #2104, #9470, .T. ) ;
#443 =( GEOMETRIC_REPRESENTATION_CONTEXT ( 3 ) GLOBAL_UNCERTAINTY_ASSIGNED_CONTEXT ( ( #7117 ) ) GLOBAL_UNIT_ASSIGNED_CONTEXT ( ( #3243, #9133, #3967 ) ) REPRESENTATION_CONTEXT ( 'NONE', 'WORKASPACE' ) );
#444 = DIRECTION ( 'NONE',  ( 0.0000000000000000000, 0.0000000000000000000, -1.000000000000000000 ) ) ;
#445 = VERTEX_POINT ( 'NONE', #5521 ) ;
#446 = EDGE_CURVE ( 'NONE', #3624, #9821, #5947, .T. ) ;
#447 = ADVANCED_FACE ( 'NONE', ( #7968 ), #6496, .F. ) ;
#448 = STYLED_ITEM ( 'NONE', ( #7877 ), #3470 ) ;
#449 = VECTOR ( 'NONE', #11116, 39.37007874015748100 ) ;
#450 = CARTESIAN_POINT ( 'NONE',  ( 0.08500000000000004800, 0.01210138312730608600, -0.2819175359259424300 ) ) ;
#451 = CARTESIAN_POINT ( 'NONE',  ( -0.2349999999999999900, 0.1024999999999999800, 0.2399999999999999100 ) ) ;
#452 = PLANE ( 'NONE',  #6327 ) ;
#453 = LINE ( 'NONE', #10269, #9868 ) ;
#454 = ADVANCED_FACE ( 'NONE', ( #1921 ), #3046, .F. ) ;
#455 = DIRECTION ( 'NONE',  ( -1.000000000000000000, -0.0000000000000000000, -0.0000000000000000000 ) ) ;
#456 = VERTEX_POINT ( 'NONE', #9870 ) ;
#457 = CIRCLE ( 'NONE', #1077, 0.01210138312730635500 ) ;
#458 = EDGE_CURVE ( 'NONE', #2807, #11064, #4200, .T. ) ;
#459 = AXIS2_PLACEMENT_3D ( 'NONE', #4480, #5328, #3940 ) ;
#460 = CIRCLE ( 'NONE', #8745, 0.01210138312730635500 ) ;
#461 = CARTESIAN_POINT ( 'NONE',  ( -0.2150000000000000000, 0.09249999999999977700, 0.2656072902104091900 ) ) ;
#462 = DIRECTION ( 'NONE',  ( 0.0000000000000000000, -0.1736481776669296100, -0.9848077530122082400 ) ) ;
#463 = VERTEX_POINT ( 'NONE', #7259 ) ;
#464 = ORIENTED_EDGE ( 'NONE', *, *, #1146, .T. ) ;
#465 = FILL_AREA_STYLE ('',( #6493 ) ) ;
#466 = CARTESIAN_POINT ( 'NONE',  ( -0.08499999999999995100, 0.09249999999999998500, 0.2536897542844667700 ) ) ;
#467 = FACE_OUTER_BOUND ( 'NONE', #6330, .T. ) ;
#468 = EDGE_CURVE ( 'NONE', #6583, #802, #11073, .T. ) ;
#469 = AXIS2_PLACEMENT_3D ( 'NONE', #5064, #2447, #8471 ) ;
#470 = CARTESIAN_POINT ( 'NONE',  ( 0.1850000000000000800, 0.09076351822333045300, 0.2557592126802871200 ) ) ;
#471 = VERTEX_POINT ( 'NONE', #8241 ) ;
#472 = EDGE_CURVE ( 'NONE', #471, #6220, #5136, .T. ) ;
#473 = CARTESIAN_POINT ( 'NONE',  ( -0.1649999999999999800, 0.09039861687269366800, 0.2536897542844667700 ) ) ;
#474 = ORIENTED_EDGE ( 'NONE', *, *, #4173, .F. ) ;
#475 = FILL_AREA_STYLE_COLOUR ( '', #4592 ) ;
#476 = LINE ( 'NONE', #10542, #2611 ) ;
#477 = ORIENTED_EDGE ( 'NONE', *, *, #10044, .F. ) ;
#478 = VECTOR ( 'NONE', #7683, 39.37007874015748900 ) ;
#479 = CARTESIAN_POINT ( 'NONE',  ( 0.1350000000000000600, 0.1024999999999999800, -0.2399999999999999100 ) ) ;
#480 = ORIENTED_EDGE ( 'NONE', *, *, #6359, .F. ) ;
#481 = ORIENTED_EDGE ( 'NONE', *, *, #296, .F. ) ;
#482 = LINE ( 'NONE', #5402, #1025 ) ;
#483 = FILL_AREA_STYLE ('',( #5682 ) ) ;
#484 = DIRECTION ( 'NONE',  ( 0.0000000000000000000, 7.193223902257864100E-015, 1.000000000000000000 ) ) ;
#485 = FACE_OUTER_BOUND ( 'NONE', #9935, .T. ) ;
#486 = EDGE_CURVE ( 'NONE', #3443, #1418, #9059, .T. ) ;
#487 = CARTESIAN_POINT ( 'NONE',  ( 0.1850000000000000800, -2.411709556906732200E-016, 0.2819175359259424900 ) ) ;
#488 = CARTESIAN_POINT ( 'NONE',  ( -0.06499999999999996100, 0.01000000000000000000, 0.2699999999999999600 ) ) ;
#489 = VERTEX_POINT ( 'NONE', #1399 ) ;
#490 = ADVANCED_FACE ( 'NONE', ( #2458 ), #8240, .T. ) ;
#491 = EDGE_LOOP ( 'NONE', ( #10572, #11052, #3657, #8052 ) ) ;
#492 = FACE_OUTER_BOUND ( 'NONE', #6202, .T. ) ;
#493 = VECTOR ( 'NONE', #7322, 39.37007874015748100 ) ;
#494 = CARTESIAN_POINT ( 'NONE',  ( 0.3421190365169308200, 0.009999999999999995000, -0.2371190365169308400 ) ) ;
#495 = CARTESIAN_POINT ( 'NONE',  ( 0.1650000000000000900, -3.201384367575308500E-018, -0.3150000000000000600 ) ) ;
#496 = VECTOR ( 'NONE', #9418, 39.37007874015748100 ) ;
#497 = CARTESIAN_POINT ( 'NONE',  ( -0.1149999999999999600, -3.201384367575308500E-018, -0.3150000000000000600 ) ) ;
#498 = CARTESIAN_POINT ( 'NONE',  ( -0.1649999999999999800, 0.01210138312730608600, 0.2819175359259424300 ) ) ;
#499 = STYLED_ITEM ( 'NONE', ( #9604 ), #10314 ) ;
#500 = ORIENTED_EDGE ( 'NONE', *, *, #3393, .F. ) ;
#501 = EDGE_CURVE ( 'NONE', #6021, #2170, #10555, .T. ) ;
#502 = CIRCLE ( 'NONE', #1343, 0.01210138312730635500 ) ;
#503 = VERTEX_POINT ( 'NONE', #440 ) ;
#504 = VECTOR ( 'NONE', #3737, 39.37007874015748900 ) ;
#505 = LINE ( 'NONE', #5359, #6825 ) ;
#506 = ADVANCED_FACE ( 'NONE', ( #6217 ), #2859, .T. ) ;
#507 = CARTESIAN_POINT ( 'NONE',  ( 0.2350000000000000400, 0.1024999999999999800, 0.2399999999999999100 ) ) ;
#508 = PLANE ( 'NONE',  #6837 ) ;
#509 = DIRECTION ( 'NONE',  ( 0.0000000000000000000, -6.829619984160661400E-015, -1.000000000000000000 ) ) ;
#510 = ORIENTED_EDGE ( 'NONE', *, *, #7274, .F. ) ;
#511 = ORIENTED_EDGE ( 'NONE', *, *, #1415, .T. ) ;
#512 = LINE ( 'NONE', #4600, #5209 ) ;
#513 = DIRECTION ( 'NONE',  ( 0.0000000000000000000, -7.225480511685028100E-015, -1.000000000000000000 ) ) ;
#514 = ORIENTED_EDGE ( 'NONE', *, *, #10433, .T. ) ;
#515 = LINE ( 'NONE', #2151, #9380 ) ;
#516 = EDGE_CURVE ( 'NONE', #8722, #8308, #3923, .T. ) ;
#517 = EDGE_CURVE ( 'NONE', #9691, #6737, #199, .T. ) ;
#518 = CARTESIAN_POINT ( 'NONE',  ( -0.3449999999999998600, 0.09249999999999998500, -0.2399999999999996300 ) ) ;
#519 = FILL_AREA_STYLE_COLOUR ( '', #5274 ) ;
#520 = VERTEX_POINT ( 'NONE', #10760 ) ;
#521 = ORIENTED_EDGE ( 'NONE', *, *, #6616, .T. ) ;
#523 = FACE_OUTER_BOUND ( 'NONE', #1102, .T. ) ;
#522 = APPLICATION_CONTEXT ( 'automotive_design' ) ;
#524 = ORIENTED_EDGE ( 'NONE', *, *, #223, .F. ) ;
#525 = VECTOR ( 'NONE', #2425, 39.37007874015748100 ) ;
#526 = CARTESIAN_POINT ( 'NONE',  ( -0.1149999999999999600, 0.09249999999999974900, -0.2656072902104091300 ) ) ;
#527 = FILL_AREA_STYLE ('',( #7351 ) ) ;
#528 = CARTESIAN_POINT ( 'NONE',  ( 0.2350000000000000400, 0.009999999999999759100, -0.2819175359259424300 ) ) ;
#529 = ORIENTED_EDGE ( 'NONE', *, *, #11123, .T. ) ;
#530 = ORIENTED_EDGE ( 'NONE', *, *, #3975, .F. ) ;
#531 = EDGE_CURVE ( 'NONE', #6647, #10078, #4474, .T. ) ;
#532 = VECTOR ( 'NONE', #8391, 39.37007874015748100 ) ;
#533 = AXIS2_PLACEMENT_3D ( 'NONE', #11144, #7835, #5976 ) ;
#534 = EDGE_CURVE ( 'NONE', #9806, #914, #2185, .T. ) ;
#535 = FACE_OUTER_BOUND ( 'NONE', #3709, .T. ) ;
#536 = CARTESIAN_POINT ( 'NONE',  ( -0.2150000000000000000, 0.09249999999999977700, 0.2656072902104091900 ) ) ;
#537 = CARTESIAN_POINT ( 'NONE',  ( 0.1850000000000000800, -2.411709556906732200E-016, -0.2819175359259424900 ) ) ;
#538 = EDGE_LOOP ( 'NONE', ( #6976, #8504, #6943, #5133 ) ) ;
#539 = ORIENTED_EDGE ( 'NONE', *, *, #9247, .T. ) ;
#540 = DIRECTION ( 'NONE',  ( -1.000000000000000000, -0.0000000000000000000, 0.0000000000000000000 ) ) ;
#541 = VERTEX_POINT ( 'NONE', #10915 ) ;
#542 = DIRECTION ( 'NONE',  ( -0.0000000000000000000, 0.0000000000000000000, 1.000000000000000000 ) ) ;
#543 =( LENGTH_UNIT ( ) NAMED_UNIT ( * ) SI_UNIT ( $, .METRE. ) );
#544 = LINE ( 'NONE', #8618, #2952 ) ;
#545 = ADVANCED_FACE ( 'NONE', ( #3396 ), #10005, .T. ) ;
#546 = AXIS2_PLACEMENT_3D ( 'NONE', #1439, #652, #8401 ) ;
#547 = EDGE_CURVE ( 'NONE', #8430, #6808, #5401, .T. ) ;
#548 = EDGE_LOOP ( 'NONE', ( #3061, #6165, #5105, #834, #9584, #5121, #8071, #1853, #7896, #3208, #10896, #5563 ) ) ;
#549 = ORIENTED_EDGE ( 'NONE', *, *, #10497, .F. ) ;
#550 = DIRECTION ( 'NONE',  ( 0.0000000000000000000, -1.000000000000000000, 0.0000000000000000000 ) ) ;
#551 = VERTEX_POINT ( 'NONE', #723 ) ;
#552 = CARTESIAN_POINT ( 'NONE',  ( 0.1850000000000000800, 0.01000000000000000000, 0.2699999999999999600 ) ) ;
#553 = CARTESIAN_POINT ( 'NONE',  ( 0.2650000000000000700, 0.1024999999999999800, 0.2399999999999999100 ) ) ;
#554 = LINE ( 'NONE', #8537, #11043 ) ;
#555 = ORIENTED_EDGE ( 'NONE', *, *, #3099, .T. ) ;
#556 = DIRECTION ( 'NONE',  ( 0.0000000000000000000, 0.0000000000000000000, -1.000000000000000000 ) ) ;
#557 = VECTOR ( 'NONE', #1610, 39.37007874015748100 ) ;
#558 = ADVANCED_FACE ( 'NONE', ( #8520 ), #7419, .T. ) ;
#559 = CARTESIAN_POINT ( 'NONE',  ( -0.2650000000000000100, 0.09076351822333045300, -0.2557592126802871200 ) ) ;
#560 = PLANE ( 'NONE',  #4431 ) ;
#561 = ORIENTED_EDGE ( 'NONE', *, *, #9913, .F. ) ;
#562 = ORIENTED_EDGE ( 'NONE', *, *, #4948, .T. ) ;
#563 = ORIENTED_EDGE ( 'NONE', *, *, #6445, .F. ) ;
#564 = EDGE_CURVE ( 'NONE', #7757, #9378, #3107, .T. ) ;
#565 = DIRECTION ( 'NONE',  ( -1.000000000000000000, -0.0000000000000000000, -0.0000000000000000000 ) ) ;
#566 = CARTESIAN_POINT ( 'NONE',  ( -0.2150000000000000000, 0.01000000000000000400, -0.2700000000000000200 ) ) ;
#567 = DIRECTION ( 'NONE',  ( -1.000000000000000000, -0.0000000000000000000, -0.0000000000000000000 ) ) ;
#568 = VECTOR ( 'NONE', #7226, 39.37007874015748100 ) ;
#569 = VECTOR ( 'NONE', #10825, 39.37007874015748100 ) ;
#570 = DIRECTION ( 'NONE',  ( -1.000000000000000000, -0.0000000000000000000, -0.0000000000000000000 ) ) ;
#571 = PLANE ( 'NONE',  #4345 ) ;
#572 = ORIENTED_EDGE ( 'NONE', *, *, #10175, .F. ) ;
#573 = VECTOR ( 'NONE', #2979, 39.37007874015748100 ) ;
#574 = PLANE ( 'NONE',  #8331 ) ;
#575 = LINE ( 'NONE', #10525, #7423 ) ;
#576 = CARTESIAN_POINT ( 'NONE',  ( -0.2849999999999999800, -2.411709556906732200E-016, -0.2819175359259424900 ) ) ;
#577 = CARTESIAN_POINT ( 'NONE',  ( -0.2150000000000000000, 0.09076351822333045300, 0.2557592126802871200 ) ) ;
#578 = FACE_OUTER_BOUND ( 'NONE', #9784, .T. ) ;
#579 = EDGE_CURVE ( 'NONE', #6818, #1403, #7413, .T. ) ;
#580 = CARTESIAN_POINT ( 'NONE',  ( 0.2850000000000000900, 0.01000000000000000400, -0.2700000000000000200 ) ) ;
#581 = AXIS2_PLACEMENT_3D ( 'NONE', #3240, #9278, #4106 ) ;
#582 = EDGE_LOOP ( 'NONE', ( #285, #9364, #308, #8867 ) ) ;
#583 = DIRECTION ( 'NONE',  ( -1.000000000000000000, -0.0000000000000000000, -0.0000000000000000000 ) ) ;
#584 = LINE ( 'NONE', #4716, #3006 ) ;
#585 = CARTESIAN_POINT ( 'NONE',  ( 0.06500000000000005800, 0.09039861687269366800, -0.2536897542844667700 ) ) ;
#586 = CARTESIAN_POINT ( 'NONE',  ( -0.01499999999999994200, -2.603792618961250900E-016, 0.2819175359259424900 ) ) ;
#587 = CARTESIAN_POINT ( 'NONE',  ( -0.01499999999999994200, 0.01000000000000000000, 0.2699999999999999600 ) ) ;
#588 = CYLINDRICAL_SURFACE ( 'NONE', #9539, 0.02750000000000001400 ) ;
#589 = CARTESIAN_POINT ( 'NONE',  ( 0.1350000000000000600, 0.1024999999999999800, 0.2399999999999999100 ) ) ;
#590 = CARTESIAN_POINT ( 'NONE',  ( -0.1649999999999999800, 0.009999999999999956800, -0.3150000000000000000 ) ) ;
#591 = CARTESIAN_POINT ( 'NONE',  ( -0.2150000000000000000, 0.09039861687269366800, 0.2536897542844667700 ) ) ;
#592 = CARTESIAN_POINT ( 'NONE',  ( 0.08500000000000004800, 0.09249999999999998500, -0.2399999999999999100 ) ) ;
#593 = ORIENTED_EDGE ( 'NONE', *, *, #5333, .F. ) ;
#594 = EDGE_CURVE ( 'NONE', #5289, #9262, #3394, .T. ) ;
#595 = EDGE_LOOP ( 'NONE', ( #4802, #3968, #4324, #724 ) ) ;
#596 = VECTOR ( 'NONE', #3747, 39.37007874015748100 ) ;
#597 = EDGE_CURVE ( 'NONE', #5945, #8785, #9731, .T. ) ;
#598 = ADVANCED_FACE ( 'NONE', ( #7964 ), #608, .F. ) ;
#599 = CIRCLE ( 'NONE', #7006, 0.002101383127306358700 ) ;
#600 = PLANE ( 'NONE',  #10312 ) ;
#601 = CARTESIAN_POINT ( 'NONE',  ( -0.08499999999999995100, 0.1024999999999999800, 0.2399999999999999100 ) ) ;
#602 = DIRECTION ( 'NONE',  ( 0.0000000000000000000, -1.000000000000000000, 6.829619984160659800E-015 ) ) ;
#603 = CARTESIAN_POINT ( 'NONE',  ( 0.2850000000000000900, 0.1024999999999999800, 0.2399999999999999100 ) ) ;
#604 = EDGE_LOOP ( 'NONE', ( #5767, #9722, #6044, #2763 ) ) ;
#605 = ORIENTED_EDGE ( 'NONE', *, *, #2047, .F. ) ;
#606 = FACE_OUTER_BOUND ( 'NONE', #3620, .T. ) ;
#607 = ADVANCED_FACE ( 'NONE', ( #10670 ), #574, .F. ) ;
#608 = PLANE ( 'NONE',  #2568 ) ;
#609 = CARTESIAN_POINT ( 'NONE',  ( -0.1349999999999999500, -2.411709556906732200E-016, 0.2819175359259424900 ) ) ;
#610 = EDGE_CURVE ( 'NONE', #6794, #647, #10133, .T. ) ;
#611 = DIRECTION ( 'NONE',  ( 1.000000000000000000, 0.0000000000000000000, -0.0000000000000000000 ) ) ;
#612 = CARTESIAN_POINT ( 'NONE',  ( -0.01499999999999994200, 0.1024999999999999800, -0.2399999999999999100 ) ) ;
#613 = ORIENTED_EDGE ( 'NONE', *, *, #10678, .T. ) ;
#614 = DIRECTION ( 'NONE',  ( 0.0000000000000000000, -0.9848077530122080200, -0.1736481776669304400 ) ) ;
#615 = ORIENTED_EDGE ( 'NONE', *, *, #10286, .F. ) ;
#616 = CIRCLE ( 'NONE', #2571, 0.01210138312730635500 ) ;
#617 = ORIENTED_EDGE ( 'NONE', *, *, #1064, .T. ) ;
#618 = DIRECTION ( 'NONE',  ( 0.0000000000000000000, 0.0000000000000000000, -1.000000000000000000 ) ) ;
#619 = AXIS2_PLACEMENT_3D ( 'NONE', #8548, #7597, #10989 ) ;
#620 = ORIENTED_EDGE ( 'NONE', *, *, #1797, .F. ) ;
#621 = DIRECTION ( 'NONE',  ( -0.0000000000000000000, 1.000000000000000000, 6.829619984160684300E-015 ) ) ;
#622 = EDGE_CURVE ( 'NONE', #9147, #9248, #8091, .T. ) ;
#623 = VECTOR ( 'NONE', #11044, 39.37007874015748100 ) ;
#624 = APPLICATION_CONTEXT ( 'automotive_design' ) ;
#625 = CARTESIAN_POINT ( 'NONE',  ( 0.1350000000000000600, 0.1024999999999999800, 0.2399999999999999100 ) ) ;
#626 = VECTOR ( 'NONE', #8624, 39.37007874015748100 ) ;
#627 = VERTEX_POINT ( 'NONE', #10170 ) ;
#628 = CARTESIAN_POINT ( 'NONE',  ( 0.03500000000000003800, 0.01210138312730608600, -0.2819175359259424300 ) ) ;
#629 = VERTEX_POINT ( 'NONE', #2291 ) ;
#630 = DIRECTION ( 'NONE',  ( -1.000000000000000000, -0.0000000000000000000, -0.0000000000000000000 ) ) ;
#631 = LINE ( 'NONE', #4964, #11139 ) ;
#632 = CARTESIAN_POINT ( 'NONE',  ( 0.2350000000000000400, 0.09076351822333045300, 0.2557592126802871200 ) ) ;
#633 = DIRECTION ( 'NONE',  ( -0.0000000000000000000, 1.000000000000000000, -0.0000000000000000000 ) ) ;
#634 = ORIENTED_EDGE ( 'NONE', *, *, #726, .F. ) ;
#635 = VECTOR ( 'NONE', #4676, 39.37007874015748100 ) ;
#636 = CARTESIAN_POINT ( 'NONE',  ( -0.06499999999999996100, 0.09249999999999999900, -0.2536897542844667700 ) ) ;
#637 = VECTOR ( 'NONE', #5669, 39.37007874015748100 ) ;
#638 = CARTESIAN_POINT ( 'NONE',  ( 0.2850000000000000900, 0.09039861687269366800, -0.2536897542844667700 ) ) ;
#639 = AXIS2_PLACEMENT_3D ( 'NONE', #6103, #3549, #1036 ) ;
#640 = EDGE_LOOP ( 'NONE', ( #5504, #1710, #680, #6681 ) ) ;
#641 = UNCERTAINTY_MEASURE_WITH_UNIT (LENGTH_MEASURE( 1.000000000000000100E-005 ), #10153, 'distance_accuracy_value', 'NONE');
#642 = EDGE_CURVE ( 'NONE', #3316, #3443, #10791, .T. ) ;
#643 = ORIENTED_EDGE ( 'NONE', *, *, #4613, .F. ) ;
#644 = ORIENTED_EDGE ( 'NONE', *, *, #10678, .F. ) ;
#645 = CIRCLE ( 'NONE', #408, 0.01210138312730635500 ) ;
#646 = CARTESIAN_POINT ( 'NONE',  ( 0.08500000000000004800, -2.411709556906732200E-016, -0.2819175359259424900 ) ) ;
#647 = VERTEX_POINT ( 'NONE', #4057 ) ;
#648 = DIRECTION ( 'NONE',  ( 0.0000000000000000000, 0.0000000000000000000, -1.000000000000000000 ) ) ;
#649 = CYLINDRICAL_SURFACE ( 'NONE', #7624, 0.002101383127306324400 ) ;
#650 = FILL_AREA_STYLE ('',( #9222 ) ) ;
#651 = ADVANCED_FACE ( 'NONE', ( #1777 ), #5814, .F. ) ;
#652 = DIRECTION ( 'NONE',  ( 0.0000000000000000000, 0.0000000000000000000, -1.000000000000000000 ) ) ;
#653 = ORIENTED_EDGE ( 'NONE', *, *, #1332, .F. ) ;
#654 = ORIENTED_EDGE ( 'NONE', *, *, #4552, .T. ) ;
#655 = VERTEX_POINT ( 'NONE', #5776 ) ;
#656 = ORIENTED_EDGE ( 'NONE', *, *, #9556, .T. ) ;
#657 = LENGTH_MEASURE_WITH_UNIT ( LENGTH_MEASURE( 0.02539999999999999900 ), #9095 );
#658 = EDGE_LOOP ( 'NONE', ( #4091, #6796, #6876, #747 ) ) ;
#659 = DIRECTION ( 'NONE',  ( -1.000000000000000000, -0.0000000000000000000, -0.0000000000000000000 ) ) ;
#660 = EDGE_CURVE ( 'NONE', #10649, #8704, #6211, .T. ) ;
#661 = LINE ( 'NONE', #9276, #939 ) ;
#662 = AXIS2_PLACEMENT_3D ( 'NONE', #7613, #9057, #6043 ) ;
#663 = DIRECTION ( 'NONE',  ( 0.0000000000000000000, 0.0000000000000000000, 1.000000000000000000 ) ) ;
#664 = PLANE ( 'NONE',  #581 ) ;
#665 = CARTESIAN_POINT ( 'NONE',  ( 0.2350000000000000400, 0.09076351822333045300, 0.2557592126802870600 ) ) ;
#666 = ADVANCED_FACE ( 'NONE', ( #3521 ), #7155, .F. ) ;
#667 = DIRECTION ( 'NONE',  ( 0.0000000000000000000, -0.9848077530122082400, 0.1736481776669295800 ) ) ;
#668 = FILL_AREA_STYLE ('',( #10965 ) ) ;
#669 = CLOSED_SHELL ( 'NONE', ( #10984, #1916, #4767, #5706, #2744, #1106, #1902, #11047, #2635, #447, #4528, #9008, #2464, #7359 ) ) ;
#670 = VERTEX_POINT ( 'NONE', #4995 ) ;
#671 = VERTEX_POINT ( 'NONE', #5182 ) ;
#672 = CYLINDRICAL_SURFACE ( 'NONE', #8757, 0.01210138312730632000 ) ;
#673 = VERTEX_POINT ( 'NONE', #5935 ) ;
#674 = CIRCLE ( 'NONE', #6907, 0.002101383127306324400 ) ;
#675 = CARTESIAN_POINT ( 'NONE',  ( -0.01499999999999994200, 0.01000000000000000400, -0.2700000000000000200 ) ) ;
#676 = CARTESIAN_POINT ( 'NONE',  ( 0.2850000000000000900, 0.009999999999999753900, 0.2819175359259424300 ) ) ;
#677 = CARTESIAN_POINT ( 'NONE',  ( -0.1649999999999999800, 0.09249999999999998500, -0.2399999999999999100 ) ) ;
#678 = EDGE_CURVE ( 'NONE', #10482, #8636, #5130, .T. ) ;
#679 = CARTESIAN_POINT ( 'NONE',  ( -0.2650000000000000100, 0.009999999999999753900, -0.2819175359259424300 ) ) ;
#680 = ORIENTED_EDGE ( 'NONE', *, *, #3796, .F. ) ;
#681 = DIRECTION ( 'NONE',  ( -1.000000000000000000, -0.0000000000000000000, -0.0000000000000000000 ) ) ;
#682 = AXIS2_PLACEMENT_3D ( 'NONE', #720, #3220, #7592 ) ;
#683 = ORIENTED_EDGE ( 'NONE', *, *, #726, .T. ) ;
#684 = VERTEX_POINT ( 'NONE', #797 ) ;
#685 = EDGE_CURVE ( 'NONE', #1965, #7850, #8518, .T. ) ;
#686 = CARTESIAN_POINT ( 'NONE',  ( 0.03500000000000003800, 0.09076351822333045300, -0.2557592126802871200 ) ) ;
#687 = CARTESIAN_POINT ( 'NONE',  ( 0.2850000000000000900, 0.09249999999999998500, 0.2399999999999999100 ) ) ;
#688 = VECTOR ( 'NONE', #4986, 39.37007874015748100 ) ;
#689 = VECTOR ( 'NONE', #1948, 39.37007874015748100 ) ;
#690 = CARTESIAN_POINT ( 'NONE',  ( 0.1850000000000000800, 0.01173648177666930000, -0.2798480775301220900 ) ) ;
#691 = DIRECTION ( 'NONE',  ( 0.0000000000000000000, 0.0000000000000000000, 1.000000000000000000 ) ) ;
#692 = ORIENTED_EDGE ( 'NONE', *, *, #1311, .F. ) ;
#693 = VERTEX_POINT ( 'NONE', #7639 ) ;
#694 = VERTEX_POINT ( 'NONE', #10291 ) ;
#695 = CARTESIAN_POINT ( 'NONE',  ( -0.06499999999999996100, 0.1024999999999999800, 0.2399999999999999100 ) ) ;
#696 = VECTOR ( 'NONE', #1775, 39.37007874015748100 ) ;
#697 = AXIS2_PLACEMENT_3D ( 'NONE', #473, #10637, #1192 ) ;
#698 = CYLINDRICAL_SURFACE ( 'NONE', #4463, 0.01210138312730635500 ) ;
#699 = EDGE_CURVE ( 'NONE', #3916, #7450, #5942, .T. ) ;
#700 = ORIENTED_EDGE ( 'NONE', *, *, #4494, .T. ) ;
#701 = EDGE_LOOP ( 'NONE', ( #6278, #3728, #6455, #5471 ) ) ;
#702 = ORIENTED_EDGE ( 'NONE', *, *, #7164, .F. ) ;
#703 = DIRECTION ( 'NONE',  ( 0.0000000000000000000, 0.0000000000000000000, -1.000000000000000000 ) ) ;
#704 = CLOSED_SHELL ( 'NONE', ( #5774, #2332, #7985, #1790, #7657, #9407, #1172, #607, #2180, #4327, #5877, #9116, #10553, #5720 ) ) ;
#705 = CARTESIAN_POINT ( 'NONE',  ( 0.1150000000000000700, 0.09249999999999998500, -0.2399999999999999100 ) ) ;
#706 = FACE_OUTER_BOUND ( 'NONE', #7911, .T. ) ;
#707 = ORIENTED_EDGE ( 'NONE', *, *, #2436, .T. ) ;
#708 = CYLINDRICAL_SURFACE ( 'NONE', #9246, 0.01210138312730632000 ) ;
#709 = ADVANCED_FACE ( 'NONE', ( #317 ), #8632, .F. ) ;
#710 = AXIS2_PLACEMENT_3D ( 'NONE', #7449, #2424, #10229 ) ;
#711 = DIRECTION ( 'NONE',  ( -1.000000000000000000, -0.0000000000000000000, -0.0000000000000000000 ) ) ;
#712 = EDGE_CURVE ( 'NONE', #1741, #4103, #7837, .T. ) ;
#713 = CARTESIAN_POINT ( 'NONE',  ( 0.1850000000000000800, 0.09039861687269366800, -0.2536897542844667700 ) ) ;
#714 = DIRECTION ( 'NONE',  ( -1.000000000000000000, -0.0000000000000000000, -0.0000000000000000000 ) ) ;
#715 = DIRECTION ( 'NONE',  ( -1.000000000000000000, -0.0000000000000000000, -0.0000000000000000000 ) ) ;
#716 = CARTESIAN_POINT ( 'NONE',  ( -0.3449999999999998600, 0.1024999999999999800, -0.2399999999999996300 ) ) ;
#717 = VERTEX_POINT ( 'NONE', #877 ) ;
#718 = CYLINDRICAL_SURFACE ( 'NONE', #2433, 0.01210138312730635500 ) ;
#719 = DIRECTION ( 'NONE',  ( -1.000000000000000000, -0.0000000000000000000, -0.0000000000000000000 ) ) ;
#720 = CARTESIAN_POINT ( 'NONE',  ( 0.06500000000000005800, 0.01210138312730608600, 0.2819175359259424300 ) ) ;
#721 = LINE ( 'NONE', #4678, #2733 ) ;
#722 = ADVANCED_FACE ( 'NONE', ( #2303 ), #35, .T. ) ;
#723 = CARTESIAN_POINT ( 'NONE',  ( -0.08499999999999995100, 0.01173648177666930000, -0.2798480775301220900 ) ) ;
#724 = ORIENTED_EDGE ( 'NONE', *, *, #579, .F. ) ;
#725 = CARTESIAN_POINT ( 'NONE',  ( 0.1150000000000000700, -2.603792618961250900E-016, 0.2819175359259424900 ) ) ;
#726 = EDGE_CURVE ( 'NONE', #9797, #6874, #981, .T. ) ;
#727 = CARTESIAN_POINT ( 'NONE',  ( -0.2349999999999999900, -2.411709556906732200E-016, 0.2819175359259424900 ) ) ;
#728 = ORIENTED_EDGE ( 'NONE', *, *, #3112, .T. ) ;
#729 = EDGE_CURVE ( 'NONE', #8810, #3624, #9183, .T. ) ;
#730 = DIRECTION ( 'NONE',  ( -1.000000000000000000, -0.0000000000000000000, -0.0000000000000000000 ) ) ;
#731 = AXIS2_PLACEMENT_3D ( 'NONE', #8403, #7566, #2299 ) ;
#732 = LINE ( 'NONE', #587, #2616 ) ;
#733 =( NAMED_UNIT ( * ) SI_UNIT ( $, .STERADIAN. ) SOLID_ANGLE_UNIT ( ) );
#734 = CARTESIAN_POINT ( 'NONE',  ( -0.1349999999999999500, 0.1024999999999999800, 0.2399999999999999100 ) ) ;
#735 = ORIENTED_EDGE ( 'NONE', *, *, #3591, .T. ) ;
#736 = CARTESIAN_POINT ( 'NONE',  ( -0.06499999999999996100, 0.1024999999999999800, 0.2399999999999999100 ) ) ;
#737 = DIRECTION ( 'NONE',  ( -1.000000000000000000, -0.0000000000000000000, -0.0000000000000000000 ) ) ;
#738 = ORIENTED_EDGE ( 'NONE', *, *, #11142, .T. ) ;
#739 = LINE ( 'NONE', #9864, #6381 ) ;
#740 = CARTESIAN_POINT ( 'NONE',  ( 0.1850000000000000800, 0.1024999999999999800, 0.2399999999999999100 ) ) ;
#741 = DIRECTION ( 'NONE',  ( -1.000000000000000000, -0.0000000000000000000, -0.0000000000000000000 ) ) ;
#742 = LINE ( 'NONE', #7786, #9633 ) ;
#743 = CARTESIAN_POINT ( 'NONE',  ( 0.08500000000000004800, -3.201384367575308500E-018, 0.3150000000000000600 ) ) ;
#744 = EDGE_CURVE ( 'NONE', #1024, #3957, #4594, .T. ) ;
#745 = ORIENTED_EDGE ( 'NONE', *, *, #780, .F. ) ;
#746 = EDGE_CURVE ( 'NONE', #5068, #8810, #1380, .T. ) ;
#747 = ORIENTED_EDGE ( 'NONE', *, *, #6522, .T. ) ;
#748 = CARTESIAN_POINT ( 'NONE',  ( 0.2850000000000000900, 0.09039861687269366800, 0.2536897542844667700 ) ) ;
#749 = COLOUR_RGB ( '',0.7921568627450980000, 0.8196078431372548800, 0.9333333333333333500 ) ;
#750 = LINE ( 'NONE', #7996, #6673 ) ;
#751 = CARTESIAN_POINT ( 'NONE',  ( 0.08500000000000004800, 0.009999999999999753900, 0.2819175359259424300 ) ) ;
#752 = LINE ( 'NONE', #8134, #3433 ) ;
#753 = CARTESIAN_POINT ( 'NONE',  ( 0.03500000000000003800, 0.1024999999999999800, -0.2536897542844667700 ) ) ;
#754 = DIRECTION ( 'NONE',  ( 0.0000000000000000000, -6.829619984160684300E-015, 1.000000000000000000 ) ) ;
#755 = EDGE_LOOP ( 'NONE', ( #789, #7856, #3971, #28 ) ) ;
#756 = ORIENTED_EDGE ( 'NONE', *, *, #3577, .F. ) ;
#757 = DIRECTION ( 'NONE',  ( 0.0000000000000000000, -0.1736481776669304400, 0.9848077530122080200 ) ) ;
#758 = ORIENTED_EDGE ( 'NONE', *, *, #3039, .T. ) ;
#759 = ORIENTED_EDGE ( 'NONE', *, *, #10132, .F. ) ;
#760 = CYLINDRICAL_SURFACE ( 'NONE', #3082, 0.002101383127306324400 ) ;
#761 = AXIS2_PLACEMENT_3D ( 'NONE', #450, #6306, #10645 ) ;
#762 = CARTESIAN_POINT ( 'NONE',  ( -0.2650000000000000100, 0.09039861687269366800, 0.2536897542844667700 ) ) ;
#763 = VECTOR ( 'NONE', #4574, 39.37007874015748100 ) ;
#764 = EDGE_CURVE ( 'NONE', #922, #6583, #5659, .T. ) ;
#765 = CARTESIAN_POINT ( 'NONE',  ( 0.06500000000000005800, 0.09249999999999998500, -0.2399999999999999100 ) ) ;
#766 = SURFACE_STYLE_USAGE ( .BOTH. , #10138 ) ;
#767 = ADVANCED_FACE ( 'NONE', ( #8236 ), #4245, .F. ) ;
#768 = VERTEX_POINT ( 'NONE', #9422 ) ;
#769 = CIRCLE ( 'NONE', #5350, 0.002101383127306358700 ) ;
#770 = ORIENTED_EDGE ( 'NONE', *, *, #2253, .T. ) ;
#771 = VECTOR ( 'NONE', #5145, 39.37007874015748900 ) ;
#772 = FILL_AREA_STYLE ('',( #11076 ) ) ;
#773 = CARTESIAN_POINT ( 'NONE',  ( -0.08499999999999995100, 0.09039861687269366800, 0.2536897542844667700 ) ) ;
#774 = AXIS2_PLACEMENT_3D ( 'NONE', #10505, #6084, #943 ) ;
#775 = CARTESIAN_POINT ( 'NONE',  ( 0.06500000000000005800, -2.603792618961250900E-016, 0.2819175359259424900 ) ) ;
#776 = PLANE ( 'NONE',  #7707 ) ;
#777 = DIRECTION ( 'NONE',  ( 0.0000000000000000000, 0.9848077530122082400, -0.1736481776669296100 ) ) ;
#778 = ORIENTED_EDGE ( 'NONE', *, *, #163, .T. ) ;
#779 = ORIENTED_EDGE ( 'NONE', *, *, #10560, .F. ) ;
#780 = EDGE_CURVE ( 'NONE', #9806, #237, #3237, .T. ) ;
#781 = ADVANCED_FACE ( 'NONE', ( #6896 ), #4855, .T. ) ;
#782 = LINE ( 'NONE', #5011, #259 ) ;
#783 = CARTESIAN_POINT ( 'NONE',  ( -0.1349999999999999500, 0.09076351822333045300, -0.2557592126802871200 ) ) ;
#784 = VERTEX_POINT ( 'NONE', #6013 ) ;
#785 = VECTOR ( 'NONE', #11025, 39.37007874015748100 ) ;
#786 = DIRECTION ( 'NONE',  ( 1.000000000000000000, 0.0000000000000000000, 0.0000000000000000000 ) ) ;
#787 = CARTESIAN_POINT ( 'NONE',  ( 0.03500000000000003800, 0.09039861687269366800, 0.2536897542844667700 ) ) ;
#788 = VERTEX_POINT ( 'NONE', #3462 ) ;
#789 = ORIENTED_EDGE ( 'NONE', *, *, #5129, .T. ) ;
#790 = CYLINDRICAL_SURFACE ( 'NONE', #10832, 0.01210138312730635500 ) ;
#791 = CARTESIAN_POINT ( 'NONE',  ( -0.2150000000000000000, 0.09249999999999998500, 0.2536897542844667700 ) ) ;
#792 = VECTOR ( 'NONE', #4935, 39.37007874015748100 ) ;
#793 = AXIS2_PLACEMENT_3D ( 'NONE', #3170, #5797, #6671 ) ;
#794 = CARTESIAN_POINT ( 'NONE',  ( 0.01500000000000004500, 0.01000000000000000400, -0.2700000000000000200 ) ) ;
#795 = EDGE_CURVE ( 'NONE', #4424, #9689, #3667, .T. ) ;
#796 = AXIS2_PLACEMENT_3D ( 'NONE', #8351, #1535, #7632 ) ;
#797 = CARTESIAN_POINT ( 'NONE',  ( 0.2150000000000000500, -3.201384367575308500E-018, -0.3150000000000000600 ) ) ;
#798 = ORIENTED_EDGE ( 'NONE', *, *, #9403, .F. ) ;
#799 = EDGE_LOOP ( 'NONE', ( #4702, #10712, #1337, #3151, #1514, #3649, #4535, #9567, #7257, #6654, #9290, #7353 ) ) ;
#800 = CARTESIAN_POINT ( 'NONE',  ( -0.2650000000000000100, 0.09249999999999998500, -0.2399999999999999100 ) ) ;
#801 = LINE ( 'NONE', #1917, #9690 ) ;
#802 = VERTEX_POINT ( 'NONE', #8777 ) ;
#803 = DIRECTION ( 'NONE',  ( -0.0000000000000000000, 0.9848077530122080200, 0.1736481776669304100 ) ) ;
#804 = PLANE ( 'NONE',  #9824 ) ;
#805 = LINE ( 'NONE', #205, #2412 ) ;
#806 = ORIENTED_EDGE ( 'NONE', *, *, #6620, .F. ) ;
#807 = DIRECTION ( 'NONE',  ( 0.0000000000000000000, -0.0000000000000000000, 1.000000000000000000 ) ) ;
#808 = VERTEX_POINT ( 'NONE', #3618 ) ;
#809 = EDGE_CURVE ( 'NONE', #4009, #9000, #1115, .T. ) ;
#810 = ORIENTED_EDGE ( 'NONE', *, *, #4282, .F. ) ;
#811 = AXIS2_PLACEMENT_3D ( 'NONE', #7740, #5102, #9529 ) ;
#812 = DIRECTION ( 'NONE',  ( -0.0000000000000000000, -5.999729353452747400E-015, 1.000000000000000000 ) ) ;
#813 = DIRECTION ( 'NONE',  ( 0.0000000000000000000, 0.0000000000000000000, -1.000000000000000000 ) ) ;
#814 = DIRECTION ( 'NONE',  ( 0.0000000000000000000, 0.0000000000000000000, 1.000000000000000000 ) ) ;
#815 = EDGE_CURVE ( 'NONE', #1702, #5995, #10276, .T. ) ;
#816 = FACE_OUTER_BOUND ( 'NONE', #2044, .T. ) ;
#817 = CARTESIAN_POINT ( 'NONE',  ( 0.2350000000000000400, 0.01173648177666930900, 0.2798480775301220900 ) ) ;
#818 = DIRECTION ( 'NONE',  ( -1.000000000000000000, -0.0000000000000000000, -0.0000000000000000000 ) ) ;
#819 = EDGE_LOOP ( 'NONE', ( #1932, #3750, #9098, #5120 ) ) ;
#820 = ORIENTED_EDGE ( 'NONE', *, *, #5596, .T. ) ;
#821 = VERTEX_POINT ( 'NONE', #7389 ) ;
#822 = ADVANCED_FACE ( 'NONE', ( #5255 ), #5216, .F. ) ;
#823 = DIRECTION ( 'NONE',  ( -1.000000000000000000, -0.0000000000000000000, -0.0000000000000000000 ) ) ;
#824 = LINE ( 'NONE', #10258, #5250 ) ;
#825 = DIRECTION ( 'NONE',  ( 0.0000000000000000000, -0.9848077530122082400, 0.1736481776669295800 ) ) ;
#826 = CARTESIAN_POINT ( 'NONE',  ( -0.03499999999999993400, 0.01000000000000000000, 0.2699999999999999600 ) ) ;
#827 = LINE ( 'NONE', #4352, #9721 ) ;
#828 = CARTESIAN_POINT ( 'NONE',  ( 0.2150000000000000500, 0.009999999999999753900, 0.2819175359259424300 ) ) ;
#829 = MECHANICAL_DESIGN_GEOMETRIC_PRESENTATION_REPRESENTATION (  '', ( #3341 ), #10283 ) ;
#830 = VERTEX_POINT ( 'NONE', #2745 ) ;
#831 = CARTESIAN_POINT ( 'NONE',  ( -0.2849999999999999800, 0.09249999999999977700, 0.2656072902104091900 ) ) ;
#832 = EDGE_CURVE ( 'NONE', #4103, #463, #3103, .T. ) ;
#833 = VERTEX_POINT ( 'NONE', #6527 ) ;
#834 = ORIENTED_EDGE ( 'NONE', *, *, #8651, .T. ) ;
#835 = CARTESIAN_POINT ( 'NONE',  ( 0.08500000000000004800, 0.09249999999999998500, 0.2399999999999999100 ) ) ;
#836 = DIRECTION ( 'NONE',  ( -1.000000000000000000, -0.0000000000000000000, -0.0000000000000000000 ) ) ;
#837 = VERTEX_POINT ( 'NONE', #1424 ) ;
#838 = ADVANCED_FACE ( 'NONE', ( #845 ), #3138, .F. ) ;
#839 = DIRECTION ( 'NONE',  ( 0.0000000000000000000, -0.0000000000000000000, 1.000000000000000000 ) ) ;
#840 = VECTOR ( 'NONE', #356, 39.37007874015748100 ) ;
#841 = DIRECTION ( 'NONE',  ( 0.0000000000000000000, 0.0000000000000000000, -1.000000000000000000 ) ) ;
#842 = EDGE_LOOP ( 'NONE', ( #4860, #4951, #3740, #1419 ) ) ;
#843 = DIRECTION ( 'NONE',  ( 1.000000000000000000, 0.0000000000000000000, 0.0000000000000000000 ) ) ;
#844 = FACE_OUTER_BOUND ( 'NONE', #819, .T. ) ;
#845 = FACE_OUTER_BOUND ( 'NONE', #9138, .T. ) ;
#846 = AXIS2_PLACEMENT_3D ( 'NONE', #3738, #2905, #4597 ) ;
#847 = VERTEX_POINT ( 'NONE', #3935 ) ;
#848 = CARTESIAN_POINT ( 'NONE',  ( -0.01499999999999994200, 0.09249999999999974900, -0.2656072902104091300 ) ) ;
#849 = AXIS2_PLACEMENT_3D ( 'NONE', #7188, #6394, #3805 ) ;
#850 = VECTOR ( 'NONE', #9263, 39.37007874015748100 ) ;
#851 = EDGE_CURVE ( 'NONE', #445, #303, #5399, .T. ) ;
#852 = PLANE ( 'NONE',  #4300 ) ;
#853 = LINE ( 'NONE', #6208, #1261 ) ;
#854 = CARTESIAN_POINT ( 'NONE',  ( 0.01500000000000004500, -3.201384367575308500E-018, 0.3150000000000000600 ) ) ;
#855 = CARTESIAN_POINT ( 'NONE',  ( -0.03499999999999993400, 0.09039861687269366800, 0.2536897542844667700 ) ) ;
#856 = DIRECTION ( 'NONE',  ( -1.000000000000000000, -0.0000000000000000000, -0.0000000000000000000 ) ) ;
#857 = DIRECTION ( 'NONE',  ( -1.000000000000000000, 0.0000000000000000000, -0.0000000000000000000 ) ) ;
#858 = CARTESIAN_POINT ( 'NONE',  ( 0.2350000000000000400, 0.1024999999999999900, 0.2536897542844667700 ) ) ;
#859 = PLANE ( 'NONE',  #5561 ) ;
#860 = FACE_OUTER_BOUND ( 'NONE', #4806, .T. ) ;
#861 = ORIENTED_EDGE ( 'NONE', *, *, #6218, .F. ) ;
#862 = COLOUR_RGB ( '',0.7921568627450980000, 0.8196078431372548800, 0.9333333333333333500 ) ;
#863 = EDGE_CURVE ( 'NONE', #4545, #5527, #8918, .T. ) ;
#864 = AXIS2_PLACEMENT_3D ( 'NONE', #1835, #1015, #5169 ) ;
#865 = PRESENTATION_STYLE_ASSIGNMENT (( #1384 ) ) ;
#866 = EDGE_CURVE ( 'NONE', #921, #5503, #2582, .T. ) ;
#867 = MECHANICAL_DESIGN_GEOMETRIC_PRESENTATION_REPRESENTATION (  '', ( #3945 ), #3147 ) ;
#868 = DIRECTION ( 'NONE',  ( 0.0000000000000000000, 0.0000000000000000000, 1.000000000000000000 ) ) ;
#869 = PLANE ( 'NONE',  #4732 ) ;
#870 = ORIENTED_EDGE ( 'NONE', *, *, #3861, .F. ) ;
#871 = CARTESIAN_POINT ( 'NONE',  ( -0.01499999999999994200, 0.1024999999999999800, -0.2536897542844667700 ) ) ;
#872 = CARTESIAN_POINT ( 'NONE',  ( 0.03500000000000003800, 0.1024999999999999800, 0.2399999999999999100 ) ) ;
#873 = EDGE_LOOP ( 'NONE', ( #8198, #8638, #1821, #1171 ) ) ;
#874 = LINE ( 'NONE', #1016, #2878 ) ;
#875 = ORIENTED_EDGE ( 'NONE', *, *, #3019, .F. ) ;
#876 = LINE ( 'NONE', #67, #8546 ) ;
#877 = CARTESIAN_POINT ( 'NONE',  ( -0.2349999999999999900, 0.09076351822333045300, -0.2557592126802871200 ) ) ;
#878 = EDGE_CURVE ( 'NONE', #3550, #10774, #10928, .T. ) ;
#879 = PLANE ( 'NONE',  #10130 ) ;
#880 = EDGE_LOOP ( 'NONE', ( #5730, #3453, #8609, #5199, #10204, #3432, #2815, #6000, #5620, #9045, #2554, #7278 ) ) ;
#881 = EDGE_CURVE ( 'NONE', #4510, #10649, #6351, .T. ) ;
#882 = ADVANCED_FACE ( 'NONE', ( #3789 ), #8386, .F. ) ;
#883 = AXIS2_PLACEMENT_3D ( 'NONE', #10284, #5060, #4161 ) ;
#884 = VERTEX_POINT ( 'NONE', #4690 ) ;
#885 = LINE ( 'NONE', #601, #7452 ) ;
#886 = FACE_OUTER_BOUND ( 'NONE', #9829, .T. ) ;
#887 = CARTESIAN_POINT ( 'NONE',  ( -0.2849999999999999800, 0.1024999999999999800, -0.2536897542844667700 ) ) ;
#888 = DIRECTION ( 'NONE',  ( 0.0000000000000000000, 0.0000000000000000000, 1.000000000000000000 ) ) ;
#889 = DIRECTION ( 'NONE',  ( 1.000000000000000000, 0.0000000000000000000, 0.0000000000000000000 ) ) ;
#890 = ORIENTED_EDGE ( 'NONE', *, *, #9636, .F. ) ;
#891 = CARTESIAN_POINT ( 'NONE',  ( -0.2650000000000000100, 0.009999999999999753900, 0.2819175359259424300 ) ) ;
#892 = ORIENTED_EDGE ( 'NONE', *, *, #9605, .F. ) ;
#893 = ORIENTED_EDGE ( 'NONE', *, *, #4830, .T. ) ;
#894 = CARTESIAN_POINT ( 'NONE',  ( -0.3449999999999998600, 0.1024999999999999800, -0.2399999999999996300 ) ) ;
#895 = VECTOR ( 'NONE', #10757, 39.37007874015748100 ) ;
#896 = ADVANCED_FACE ( 'NONE', ( #8250 ), #9213, .F. ) ;
#897 = DIRECTION ( 'NONE',  ( -1.000000000000000000, -0.0000000000000000000, -0.0000000000000000000 ) ) ;
#898 = COLOUR_RGB ( '',0.7921568627450980000, 0.8196078431372548800, 0.9333333333333333500 ) ;
#899 = EDGE_CURVE ( 'NONE', #3209, #8837, #1521, .T. ) ;
#900 = DIRECTION ( 'NONE',  ( -1.000000000000000000, -0.0000000000000000000, -0.0000000000000000000 ) ) ;
#901 = EDGE_CURVE ( 'NONE', #68, #4281, #5666, .T. ) ;
#902 = ORIENTED_EDGE ( 'NONE', *, *, #9195, .T. ) ;
#903 = CYLINDRICAL_SURFACE ( 'NONE', #4778, 0.002101383127306358700 ) ;
#904 = EDGE_LOOP ( 'NONE', ( #1256, #4797, #7158, #9844 ) ) ;
#905 = VECTOR ( 'NONE', #1149, 39.37007874015748900 ) ;
#906 = DIRECTION ( 'NONE',  ( 0.0000000000000000000, 1.000000000000000000, -7.193223902257864100E-015 ) ) ;
#907 = FACE_OUTER_BOUND ( 'NONE', #275, .T. ) ;
#908 = DIRECTION ( 'NONE',  ( 0.0000000000000000000, 0.0000000000000000000, 1.000000000000000000 ) ) ;
#909 = ORIENTED_EDGE ( 'NONE', *, *, #7076, .T. ) ;
#910 = ORIENTED_EDGE ( 'NONE', *, *, #8613, .T. ) ;
#911 = CIRCLE ( 'NONE', #9421, 0.002101383127306358700 ) ;
#912 =( GEOMETRIC_REPRESENTATION_CONTEXT ( 3 ) GLOBAL_UNCERTAINTY_ASSIGNED_CONTEXT ( ( #7601 ) ) GLOBAL_UNIT_ASSIGNED_CONTEXT ( ( #8522, #3360, #9433 ) ) REPRESENTATION_CONTEXT ( 'NONE', 'WORKASPACE' ) );
#913 = DIRECTION ( 'NONE',  ( 0.03487826274237470400, -0.9987827659587182900, 0.03487826274237469700 ) ) ;
#914 = VERTEX_POINT ( 'NONE', #10945 ) ;
#915 = CYLINDRICAL_SURFACE ( 'NONE', #1128, 0.002101383127306358700 ) ;
#916 = EDGE_CURVE ( 'NONE', #9978, #6220, #5002, .T. ) ;
#917 = FACE_OUTER_BOUND ( 'NONE', #9976, .T. ) ;
#918 = CARTESIAN_POINT ( 'NONE',  ( -0.08499999999999995100, 0.09249999999999977700, 0.2656072902104091900 ) ) ;
#919 = DIRECTION ( 'NONE',  ( 0.0000000000000000000, -0.9848077530122082400, -0.1736481776669296100 ) ) ;
#920 = ORIENTED_EDGE ( 'NONE', *, *, #3861, .T. ) ;
#921 = VERTEX_POINT ( 'NONE', #3257 ) ;
#922 = VERTEX_POINT ( 'NONE', #3338 ) ;
#923 = VECTOR ( 'NONE', #2019, 39.37007874015748100 ) ;
#924 = ORIENTED_EDGE ( 'NONE', *, *, #4344, .T. ) ;
#925 = EDGE_LOOP ( 'NONE', ( #3259, #277, #5259, #6283 ) ) ;
#926 = LINE ( 'NONE', #9510, #6422 ) ;
#927 = CARTESIAN_POINT ( 'NONE',  ( 0.1850000000000000800, 0.01210138312730608600, -0.2819175359259424300 ) ) ;
#928 = CARTESIAN_POINT ( 'NONE',  ( -0.01499999999999994200, 0.009999999999999759100, -0.2819175359259424300 ) ) ;
#929 = DIRECTION ( 'NONE',  ( 1.000000000000000000, 0.0000000000000000000, -0.0000000000000000000 ) ) ;
#930 = AXIS2_PLACEMENT_3D ( 'NONE', #263, #1972, #1037 ) ;
#931 = DIRECTION ( 'NONE',  ( 0.0000000000000000000, 0.0000000000000000000, 1.000000000000000000 ) ) ;
#932 = CARTESIAN_POINT ( 'NONE',  ( 0.08500000000000004800, 0.1024999999999999800, 0.2399999999999999100 ) ) ;
#933 = EDGE_CURVE ( 'NONE', #671, #5574, #2162, .T. ) ;
#934 = DIRECTION ( 'NONE',  ( 0.0000000000000000000, -1.000000000000000000, 6.829619984160659800E-015 ) ) ;
#935 = ORIENTED_EDGE ( 'NONE', *, *, #5113, .F. ) ;
#936 = ORIENTED_EDGE ( 'NONE', *, *, #7186, .T. ) ;
#937 = LINE ( 'NONE', #2821, #8326 ) ;
#938 = EDGE_LOOP ( 'NONE', ( #3049, #3801, #890, #6446 ) ) ;
#939 = VECTOR ( 'NONE', #4190, 39.37007874015748100 ) ;
#940 = ADVANCED_FACE ( 'NONE', ( #4168 ), #7587, .F. ) ;
#941 = DIRECTION ( 'NONE',  ( -0.0000000000000000000, -0.0000000000000000000, -1.000000000000000000 ) ) ;
#942 = CARTESIAN_POINT ( 'NONE',  ( 0.2150000000000000500, 0.1024999999999999800, -0.2536897542844667700 ) ) ;
#943 = DIRECTION ( 'NONE',  ( 0.0000000000000000000, 1.000000000000000000, -6.829619984160661400E-015 ) ) ;
#944 = CARTESIAN_POINT ( 'NONE',  ( -0.1349999999999999500, 0.1024999999999999800, 0.2399999999999999100 ) ) ;
#945 = DIRECTION ( 'NONE',  ( 0.0000000000000000000, 0.0000000000000000000, -1.000000000000000000 ) ) ;
#946 = DIRECTION ( 'NONE',  ( 0.0000000000000000000, 0.0000000000000000000, 1.000000000000000000 ) ) ;
#947 = ORIENTED_EDGE ( 'NONE', *, *, #10193, .F. ) ;
#948 = VERTEX_POINT ( 'NONE', #5733 ) ;
#949 = LINE ( 'NONE', #8429, #7124 ) ;
#950 = DIRECTION ( 'NONE',  ( 0.0000000000000000000, 0.0000000000000000000, 1.000000000000000000 ) ) ;
#951 = VERTEX_POINT ( 'NONE', #603 ) ;
#952 = CARTESIAN_POINT ( 'NONE',  ( 0.1850000000000000800, 0.01000000000000000400, -0.2700000000000000200 ) ) ;
#953 = EDGE_CURVE ( 'NONE', #9689, #10379, #9164, .T. ) ;
#954 = VECTOR ( 'NONE', #2398, 39.37007874015748100 ) ;
#955 = PRESENTATION_LAYER_ASSIGNMENT (  '', '', ( #319 ) ) ;
#956 = ADVANCED_FACE ( 'NONE', ( #8901 ), #8503, .F. ) ;
#957 = CARTESIAN_POINT ( 'NONE',  ( 0.2350000000000000400, 0.09076351822333045300, 0.2557592126802871200 ) ) ;
#958 = ORIENTED_EDGE ( 'NONE', *, *, #7693, .F. ) ;
#959 = DIRECTION ( 'NONE',  ( -1.000000000000000000, -0.0000000000000000000, 0.0000000000000000000 ) ) ;
#960 = ORIENTED_EDGE ( 'NONE', *, *, #1212, .T. ) ;
#961 = ORIENTED_EDGE ( 'NONE', *, *, #9083, .F. ) ;
#962 = VECTOR ( 'NONE', #3390, 39.37007874015748100 ) ;
#963 = EDGE_LOOP ( 'NONE', ( #10378, #4990, #4902, #6215 ) ) ;
#964 = CARTESIAN_POINT ( 'NONE',  ( -0.1649999999999999800, 0.1024999999999999800, -0.2399999999999999100 ) ) ;
#965 = FACE_OUTER_BOUND ( 'NONE', #5969, .T. ) ;
#966 = EDGE_LOOP ( 'NONE', ( #10212, #4509, #2711, #998, #10614, #9883, #2832, #6454, #5887, #8604, #9854, #4276 ) ) ;
#967 = EDGE_CURVE ( 'NONE', #5231, #5028, #6588, .T. ) ;
#968 = ORIENTED_EDGE ( 'NONE', *, *, #9279, .T. ) ;
#969 = ORIENTED_EDGE ( 'NONE', *, *, #4632, .T. ) ;
#970 = AXIS2_PLACEMENT_3D ( 'NONE', #2385, #741, #4972 ) ;
#971 = DIRECTION ( 'NONE',  ( 0.0000000000000000000, -1.000000000000000000, 0.0000000000000000000 ) ) ;
#972 = DIRECTION ( 'NONE',  ( 0.0000000000000000000, 0.0000000000000000000, 1.000000000000000000 ) ) ;
#973 = ORIENTED_EDGE ( 'NONE', *, *, #5757, .T. ) ;
#974 = ORIENTED_EDGE ( 'NONE', *, *, #4647, .F. ) ;
#975 = DIRECTION ( 'NONE',  ( -1.000000000000000000, -0.0000000000000000000, -0.0000000000000000000 ) ) ;
#976 = EDGE_CURVE ( 'NONE', #6570, #6421, #1888, .T. ) ;
#977 = DIRECTION ( 'NONE',  ( 0.0000000000000000000, 0.9848077530122082400, 0.1736481776669296100 ) ) ;
#978 = VECTOR ( 'NONE', #10334, 39.37007874015748100 ) ;
#979 = DIRECTION ( 'NONE',  ( 0.0000000000000000000, -1.000000000000000000, -5.999729353452748200E-015 ) ) ;
#980 = FACE_OUTER_BOUND ( 'NONE', #1441, .T. ) ;
#981 = LINE ( 'NONE', #3346, #5524 ) ;
#982 = CARTESIAN_POINT ( 'NONE',  ( -0.2650000000000000100, 0.1024999999999999800, 0.2399999999999999100 ) ) ;
#983 = DIRECTION ( 'NONE',  ( -1.000000000000000000, -0.0000000000000000000, -0.0000000000000000000 ) ) ;
#984 = VERTEX_POINT ( 'NONE', #8582 ) ;
#985 = CARTESIAN_POINT ( 'NONE',  ( 0.03500000000000003800, 0.09039861687269366800, -0.2536897542844667700 ) ) ;
#986 = AXIS2_PLACEMENT_3D ( 'NONE', #1864, #6075, #4385 ) ;
#987 = LINE ( 'NONE', #7260, #2989 ) ;
#988 = EDGE_CURVE ( 'NONE', #9650, #4362, #6732, .T. ) ;
#989 = DIRECTION ( 'NONE',  ( 0.0000000000000000000, 7.193223902257864100E-015, -1.000000000000000000 ) ) ;
#990 = FACE_OUTER_BOUND ( 'NONE', #1197, .T. ) ;
#991 = CARTESIAN_POINT ( 'NONE',  ( 0.01500000000000004500, 0.09249999999999999900, -0.2536897542844667700 ) ) ;
#992 = ORIENTED_EDGE ( 'NONE', *, *, #6432, .F. ) ;
#993 = VECTOR ( 'NONE', #4145, 39.37007874015748100 ) ;
#994 = ADVANCED_FACE ( 'NONE', ( #3897 ), #4354, .F. ) ;
#995 = UNCERTAINTY_MEASURE_WITH_UNIT (LENGTH_MEASURE( 1.000000000000000100E-005 ), #6740, 'distance_accuracy_value', 'NONE');
#996 = PRESENTATION_LAYER_ASSIGNMENT (  '', '', ( #5164 ) ) ;
#997 = EDGE_CURVE ( 'NONE', #10412, #9617, #1234, .T. ) ;
#998 = ORIENTED_EDGE ( 'NONE', *, *, #4119, .F. ) ;
#999 = CARTESIAN_POINT ( 'NONE',  ( -0.01499999999999994200, 0.09039861687269366800, -0.2536897542844667700 ) ) ;
#1000 = DIRECTION ( 'NONE',  ( -0.0000000000000000000, 1.000000000000000000, 7.193223902257864100E-015 ) ) ;
#1001 = VERTEX_POINT ( 'NONE', #6956 ) ;
#1002 = CARTESIAN_POINT ( 'NONE',  ( 0.1850000000000000800, 0.09249999999999998500, 0.2536897542844667700 ) ) ;
#1003 = CARTESIAN_POINT ( 'NONE',  ( 0.3450000000000000300, 0.1024999999999999800, -0.2400000000000000500 ) ) ;
#1004 = VECTOR ( 'NONE', #3494, 39.37007874015748100 ) ;
#1005 = ADVANCED_FACE ( 'NONE', ( #2036 ), #9526, .F. ) ;
#1006 = CARTESIAN_POINT ( 'NONE',  ( 0.2650000000000000700, 0.009999999999999993300, 0.3150000000000000000 ) ) ;
#1007 = CARTESIAN_POINT ( 'NONE',  ( -0.2150000000000000000, 0.09039861687269366800, -0.2536897542844667700 ) ) ;
#1008 = ORIENTED_EDGE ( 'NONE', *, *, #5225, .T. ) ;
#1009 = AXIS2_PLACEMENT_3D ( 'NONE', #999, #119, #9507 ) ;
#1010 = PRESENTATION_LAYER_ASSIGNMENT (  '', '', ( #3142 ) ) ;
#1011 = ORIENTED_EDGE ( 'NONE', *, *, #6852, .F. ) ;
#1012 = FACE_OUTER_BOUND ( 'NONE', #5852, .T. ) ;
#1013 = EDGE_CURVE ( 'NONE', #3637, #1764, #2964, .T. ) ;
#1014 = AXIS2_PLACEMENT_3D ( 'NONE', #3166, #3124, #5794 ) ;
#1015 = DIRECTION ( 'NONE',  ( 0.0000000000000000000, 1.000000000000000000, 0.0000000000000000000 ) ) ;
#1016 = CARTESIAN_POINT ( 'NONE',  ( -0.01499999999999994200, 0.09249999999999999900, -0.2536897542844667700 ) ) ;
#1017 = VECTOR ( 'NONE', #5187, 39.37007874015748100 ) ;
#1018 = DIRECTION ( 'NONE',  ( -0.0000000000000000000, -0.0000000000000000000, -1.000000000000000000 ) ) ;
#1019 = DIRECTION ( 'NONE',  ( 0.0000000000000000000, 0.0000000000000000000, 1.000000000000000000 ) ) ;
#1020 = CARTESIAN_POINT ( 'NONE',  ( -0.06499999999999996100, 0.009999999999999759100, -0.2819175359259424300 ) ) ;
#1021 = DIRECTION ( 'NONE',  ( 0.0000000000000000000, 0.0000000000000000000, -1.000000000000000000 ) ) ;
#1022 = VERTEX_POINT ( 'NONE', #99 ) ;
#1023 = VERTEX_POINT ( 'NONE', #3381 ) ;
#1024 = VERTEX_POINT ( 'NONE', #8698 ) ;
#1025 = VECTOR ( 'NONE', #7213, 39.37007874015748100 ) ;
#1026 = LINE ( 'NONE', #10827, #10457 ) ;
#1027 = DIRECTION ( 'NONE',  ( 0.0000000000000000000, 7.225480511685028100E-015, 1.000000000000000000 ) ) ;
#1028 = FACE_OUTER_BOUND ( 'NONE', #4713, .T. ) ;
#1029 = ORIENTED_EDGE ( 'NONE', *, *, #6235, .F. ) ;
#1030 = EDGE_CURVE ( 'NONE', #2084, #8107, #3221, .T. ) ;
#1031 = AXIS2_PLACEMENT_3D ( 'NONE', #4356, #9527, #64 ) ;
#1032 = ORIENTED_EDGE ( 'NONE', *, *, #642, .T. ) ;
#1033 = ORIENTED_EDGE ( 'NONE', *, *, #7539, .F. ) ;
#1034 = CIRCLE ( 'NONE', #5284, 0.01210138312730635500 ) ;
#1035 = VECTOR ( 'NONE', #11054, 39.37007874015748100 ) ;
#1036 = DIRECTION ( 'NONE',  ( 0.0000000000000000000, 0.0000000000000000000, 1.000000000000000000 ) ) ;
#1037 = DIRECTION ( 'NONE',  ( 0.0000000000000000000, 0.0000000000000000000, 1.000000000000000000 ) ) ;
#1038 = DIRECTION ( 'NONE',  ( -0.0000000000000000000, 0.1736481776669296100, 0.9848077530122082400 ) ) ;
#1039 = CARTESIAN_POINT ( 'NONE',  ( 0.03500000000000003800, 0.1024999999999999800, 0.2399999999999999100 ) ) ;
#1040 = EDGE_LOOP ( 'NONE', ( #2069, #2257, #7273, #3506 ) ) ;
#1041 = FACE_OUTER_BOUND ( 'NONE', #2625, .T. ) ;
#1042 = ORIENTED_EDGE ( 'NONE', *, *, #4401, .T. ) ;
#1043 = CIRCLE ( 'NONE', #6309, 0.002101383127306358700 ) ;
#1044 = EDGE_CURVE ( 'NONE', #1183, #8268, #3508, .T. ) ;
#1045 = VERTEX_POINT ( 'NONE', #7737 ) ;
#1046 = VECTOR ( 'NONE', #630, 39.37007874015748100 ) ;
#1047 = DIRECTION ( 'NONE',  ( -1.000000000000000000, -0.0000000000000000000, 0.0000000000000000000 ) ) ;
#1048 = EDGE_CURVE ( 'NONE', #5638, #2147, #42, .T. ) ;
#1049 = DIMENSIONAL_EXPONENTS ( 1.000000000000000000, 0.0000000000000000000, 0.0000000000000000000, 0.0000000000000000000, 0.0000000000000000000, 0.0000000000000000000, 0.0000000000000000000 ) ;
#1050 = ORIENTED_EDGE ( 'NONE', *, *, #10044, .T. ) ;
#1051 = DIRECTION ( 'NONE',  ( 0.0000000000000000000, 0.0000000000000000000, 1.000000000000000000 ) ) ;
#1052 = DIRECTION ( 'NONE',  ( -0.0000000000000000000, 0.0000000000000000000, 1.000000000000000000 ) ) ;
#1053 = ORIENTED_EDGE ( 'NONE', *, *, #6162, .F. ) ;
#1054 = EDGE_LOOP ( 'NONE', ( #3198, #8206, #10119, #3625 ) ) ;
#1055 = VECTOR ( 'NONE', #3370, 39.37007874015748100 ) ;
#1056 = ORIENTED_EDGE ( 'NONE', *, *, #394, .T. ) ;
#1057 = CARTESIAN_POINT ( 'NONE',  ( 0.2350000000000000400, 0.09249999999999998500, 0.2399999999999999100 ) ) ;
#1058 = LINE ( 'NONE', #9425, #9404 ) ;
#1059 = DIRECTION ( 'NONE',  ( 1.000000000000000000, 0.0000000000000000000, -0.0000000000000000000 ) ) ;
#1060 = ADVANCED_FACE ( 'NONE', ( #10654 ), #10282, .F. ) ;
#1061 = AXIS2_PLACEMENT_3D ( 'NONE', #8126, #405, #1231 ) ;
#1062 = ORIENTED_EDGE ( 'NONE', *, *, #8536, .T. ) ;
#1063 = ORIENTED_EDGE ( 'NONE', *, *, #6147, .T. ) ;
#1064 = EDGE_CURVE ( 'NONE', #1174, #1400, #300, .T. ) ;
#1065 = VECTOR ( 'NONE', #7422, 39.37007874015748100 ) ;
#1066 = ORIENTED_EDGE ( 'NONE', *, *, #11003, .T. ) ;
#1067 = CARTESIAN_POINT ( 'NONE',  ( -0.2650000000000000100, 0.09076351822333045300, 0.2557592126802871200 ) ) ;
#1068 = LINE ( 'NONE', #6, #5486 ) ;
#1069 = CARTESIAN_POINT ( 'NONE',  ( -0.2849999999999999800, 0.09249999999999998500, 0.2399999999999999100 ) ) ;
#1070 = ORIENTED_EDGE ( 'NONE', *, *, #3977, .T. ) ;
#1071 = ORIENTED_EDGE ( 'NONE', *, *, #4720, .T. ) ;
#1072 = VECTOR ( 'NONE', #7098, 39.37007874015748100 ) ;
#1073 = ORIENTED_EDGE ( 'NONE', *, *, #396, .T. ) ;
#1074 = DIRECTION ( 'NONE',  ( -1.000000000000000000, -0.0000000000000000000, -0.0000000000000000000 ) ) ;
#1075 = PLANE ( 'NONE',  #1646 ) ;
#1076 = VECTOR ( 'NONE', #4677, 39.37007874015748100 ) ;
#1077 = AXIS2_PLACEMENT_3D ( 'NONE', #3364, #2649, #9508 ) ;
#1078 = DIRECTION ( 'NONE',  ( 1.000000000000000000, 0.0000000000000000000, -2.845674993400276900E-016 ) ) ;
#1079 = DIRECTION ( 'NONE',  ( -1.000000000000000000, -0.0000000000000000000, -0.0000000000000000000 ) ) ;
#1080 = EDGE_CURVE ( 'NONE', #5928, #5708, #10112, .T. ) ;
#1081 = DIRECTION ( 'NONE',  ( -0.0000000000000000000, -7.193223902257864100E-015, -1.000000000000000000 ) ) ;
#1082 = AXIS2_PLACEMENT_3D ( 'NONE', #773, #11113, #5229 ) ;
#1083 = DIRECTION ( 'NONE',  ( -0.0000000000000000000, -7.193223902257864100E-015, -1.000000000000000000 ) ) ;
#1084 = ORIENTED_EDGE ( 'NONE', *, *, #10890, .F. ) ;
#1085 = ORIENTED_EDGE ( 'NONE', *, *, #8233, .F. ) ;
#1086 = CARTESIAN_POINT ( 'NONE',  ( -0.2849999999999999800, 0.09249999999999998500, -0.2399999999999999100 ) ) ;
#1087 = PRESENTATION_STYLE_ASSIGNMENT (( #6528 ) ) ;
#1088 = ORIENTED_EDGE ( 'NONE', *, *, #5647, .F. ) ;
#1089 = CARTESIAN_POINT ( 'NONE',  ( -0.1349999999999999500, 0.09249999999999977700, 0.2656072902104091900 ) ) ;
#1090 = DIRECTION ( 'NONE',  ( 0.0000000000000000000, 0.0000000000000000000, 1.000000000000000000 ) ) ;
#1091 = CARTESIAN_POINT ( 'NONE',  ( 0.2850000000000000900, 0.01210138312730608600, 0.2819175359259424300 ) ) ;
#1092 = CARTESIAN_POINT ( 'NONE',  ( 0.1150000000000000700, 0.01210138312730608600, 0.2819175359259424300 ) ) ;
#1093 = ORIENTED_EDGE ( 'NONE', *, *, #9113, .F. ) ;
#1094 = ORIENTED_EDGE ( 'NONE', *, *, #376, .F. ) ;
#1095 = VERTEX_POINT ( 'NONE', #1653 ) ;
#1096 = EDGE_LOOP ( 'NONE', ( #7922, #8711, #9391, #529 ) ) ;
#1097 = EDGE_CURVE ( 'NONE', #489, #4046, #554, .T. ) ;
#1098 = AXIS2_PLACEMENT_3D ( 'NONE', #1195, #8864, #7267 ) ;
#1099 = ORIENTED_EDGE ( 'NONE', *, *, #10988, .F. ) ;
#1100 = VECTOR ( 'NONE', #10163, 39.37007874015748100 ) ;
#1101 = DIRECTION ( 'NONE',  ( -1.000000000000000000, -0.0000000000000000000, -0.0000000000000000000 ) ) ;
#1102 = EDGE_LOOP ( 'NONE', ( #6750, #10584, #6483, #8347, #432, #2777, #8601, #226, #2949, #8019, #7319, #2780 ) ) ;
#1103 = ORIENTED_EDGE ( 'NONE', *, *, #5796, .T. ) ;
#1104 = DIRECTION ( 'NONE',  ( -0.0000000000000000000, 0.1736481776669296100, 0.9848077530122082400 ) ) ;
#1105 = EDGE_LOOP ( 'NONE', ( #11001, #9260, #292, #8138 ) ) ;
#1106 = ADVANCED_FACE ( 'NONE', ( #6061 ), #4322, .F. ) ;
#1107 = ORIENTED_EDGE ( 'NONE', *, *, #2397, .T. ) ;
#1108 = EDGE_CURVE ( 'NONE', #10879, #8159, #4036, .T. ) ;
#1109 = AXIS2_PLACEMENT_3D ( 'NONE', #5662, #7396, #7355 ) ;
#1110 = CARTESIAN_POINT ( 'NONE',  ( 0.1850000000000000800, 0.09249999999999998500, -0.2399999999999999100 ) ) ;
#1111 = FILL_AREA_STYLE ('',( #8822 ) ) ;
#1112 = LINE ( 'NONE', #4456, #4853 ) ;
#1113 = DIRECTION ( 'NONE',  ( -1.000000000000000000, -0.0000000000000000000, -0.0000000000000000000 ) ) ;
#1114 = EDGE_CURVE ( 'NONE', #1244, #3096, #6187, .T. ) ;
#1115 = LINE ( 'NONE', #148, #2854 ) ;
#1116 = DIRECTION ( 'NONE',  ( 1.000000000000000000, 0.0000000000000000000, 0.0000000000000000000 ) ) ;
#1117 = DIRECTION ( 'NONE',  ( 0.0000000000000000000, 0.0000000000000000000, 1.000000000000000000 ) ) ;
#1118 = EDGE_LOOP ( 'NONE', ( #5608, #7264, #4043, #9786 ) ) ;
#1119 = ADVANCED_FACE ( 'NONE', ( #4840 ), #2754, .F. ) ;
#1120 = CARTESIAN_POINT ( 'NONE',  ( 0.2350000000000000400, 0.009999999999999956800, -0.3150000000000000000 ) ) ;
#1121 = CARTESIAN_POINT ( 'NONE',  ( -0.1149999999999999600, 0.01000000000000000000, 0.2699999999999999600 ) ) ;
#1122 = VECTOR ( 'NONE', #6391, 39.37007874015748100 ) ;
#1123 = DIRECTION ( 'NONE',  ( 0.0000000000000000000, 1.000000000000000000, 0.0000000000000000000 ) ) ;
#1124 = VECTOR ( 'NONE', #9831, 39.37007874015748100 ) ;
#1125 = LINE ( 'NONE', #3167, #5406 ) ;
#1126 = CARTESIAN_POINT ( 'NONE',  ( 0.03500000000000003800, 0.09039861687269366800, -0.2536897542844667700 ) ) ;
#1127 = PLANE ( 'NONE',  #2500 ) ;
#1128 = AXIS2_PLACEMENT_3D ( 'NONE', #7448, #583, #9234 ) ;
#1129 = VECTOR ( 'NONE', #3400, 39.37007874015748100 ) ;
#1130 = EDGE_CURVE ( 'NONE', #7557, #10766, #5239, .T. ) ;
#1131 = DIRECTION ( 'NONE',  ( -1.000000000000000000, -0.0000000000000000000, -0.0000000000000000000 ) ) ;
#1132 = CARTESIAN_POINT ( 'NONE',  ( -0.2150000000000000000, 0.01000000000000000000, 0.2699999999999999600 ) ) ;
#1133 = DIRECTION ( 'NONE',  ( 0.0000000000000000000, 0.0000000000000000000, -1.000000000000000000 ) ) ;
#1134 = ORIENTED_EDGE ( 'NONE', *, *, #10785, .T. ) ;
#1135 = CIRCLE ( 'NONE', #6971, 0.01210138312730635500 ) ;
#1136 = MANIFOLD_SOLID_BREP ( 'Pin 14', #10772 ) ;
#1137 = VECTOR ( 'NONE', #9890, 39.37007874015748900 ) ;
#1138 = DIRECTION ( 'NONE',  ( -0.0000000000000000000, 1.000000000000000000, -0.0000000000000000000 ) ) ;
#1139 = DIRECTION ( 'NONE',  ( 0.0000000000000000000, 0.0000000000000000000, -1.000000000000000000 ) ) ;
#1140 = ORIENTED_EDGE ( 'NONE', *, *, #10195, .F. ) ;
#1141 = VERTEX_POINT ( 'NONE', #7439 ) ;
#1142 = SURFACE_STYLE_FILL_AREA ( #5392 ) ;
#1143 = AXIS2_PLACEMENT_3D ( 'NONE', #6509, #9922, #4820 ) ;
#1144 = CARTESIAN_POINT ( 'NONE',  ( -0.2349999999999999900, 0.009999999999999993300, 0.3150000000000000000 ) ) ;
#1145 = VECTOR ( 'NONE', #10325, 39.37007874015748100 ) ;
#1146 = EDGE_CURVE ( 'NONE', #6436, #5663, #5506, .T. ) ;
#1147 = CARTESIAN_POINT ( 'NONE',  ( -0.06499999999999996100, 0.009999999999999993300, 0.3150000000000000000 ) ) ;
#1148 = VERTEX_POINT ( 'NONE', #3700 ) ;
#1149 = DIRECTION ( 'NONE',  ( -0.0000000000000000000, 0.9848077530122080200, 0.1736481776669304100 ) ) ;
#1150 = ORIENTED_EDGE ( 'NONE', *, *, #9685, .T. ) ;
#1151 = CARTESIAN_POINT ( 'NONE',  ( -0.1149999999999999600, -2.411709556906732200E-016, -0.2819175359259424900 ) ) ;
#1152 = CARTESIAN_POINT ( 'NONE',  ( 0.2350000000000000400, 0.01210138312730608600, 0.2819175359259424300 ) ) ;
#1153 =( NAMED_UNIT ( * ) PLANE_ANGLE_UNIT ( ) SI_UNIT ( $, .RADIAN. ) );
#1154 = CARTESIAN_POINT ( 'NONE',  ( -0.1649999999999999800, 0.09039861687269366800, 0.2536897542844667700 ) ) ;
#1155 = LINE ( 'NONE', #6339, #7326 ) ;
#1156 = CARTESIAN_POINT ( 'NONE',  ( 0.03500000000000003800, -2.411709556906732200E-016, 0.2819175359259424900 ) ) ;
#1157 = ORIENTED_EDGE ( 'NONE', *, *, #2654, .F. ) ;
#1158 = CARTESIAN_POINT ( 'NONE',  ( 0.1650000000000000900, 0.09076351822333045300, -0.2557592126802871200 ) ) ;
#1159 = EDGE_CURVE ( 'NONE', #1023, #8775, #9836, .T. ) ;
#1160 = ORIENTED_EDGE ( 'NONE', *, *, #7517, .F. ) ;
#1161 = DIRECTION ( 'NONE',  ( -1.000000000000000000, -0.0000000000000000000, -0.0000000000000000000 ) ) ;
#1162 = ORIENTED_EDGE ( 'NONE', *, *, #1649, .T. ) ;
#1163 = VECTOR ( 'NONE', #5856, 39.37007874015748100 ) ;
#1164 = CARTESIAN_POINT ( 'NONE',  ( -0.2349999999999999900, 0.09249999999999998500, 0.2536897542844667700 ) ) ;
#1165 = LINE ( 'NONE', #2446, #7468 ) ;
#1166 = CARTESIAN_POINT ( 'NONE',  ( 0.2850000000000000900, 0.01173648177666930900, 0.2798480775301220900 ) ) ;
#1167 = PRESENTATION_STYLE_ASSIGNMENT (( #1533 ) ) ;
#1168 = CARTESIAN_POINT ( 'NONE',  ( -0.3449999999999997500, 0.09249999999999998500, 0.2399999999999999100 ) ) ;
#1169 = DIRECTION ( 'NONE',  ( 0.0000000000000000000, -1.000000000000000000, -5.999729353452748200E-015 ) ) ;
#1170 = CARTESIAN_POINT ( 'NONE',  ( 0.06500000000000005800, 0.09249999999999998500, 0.2399999999999999100 ) ) ;
#1171 = ORIENTED_EDGE ( 'NONE', *, *, #7072, .T. ) ;
#1172 = ADVANCED_FACE ( 'NONE', ( #4971 ), #8827, .F. ) ;
#1173 = LINE ( 'NONE', #7697, #2105 ) ;
#1174 = VERTEX_POINT ( 'NONE', #4665 ) ;
#1175 = LINE ( 'NONE', #5982, #7754 ) ;
#1176 = VECTOR ( 'NONE', #10241, 39.37007874015748100 ) ;
#1177 = CARTESIAN_POINT ( 'NONE',  ( -0.1149999999999999600, 0.009999999999999993300, 0.3150000000000000000 ) ) ;
#1178 = EDGE_CURVE ( 'NONE', #413, #921, #2426, .T. ) ;
#1179 = AXIS2_PLACEMENT_3D ( 'NONE', #6031, #9, #5991 ) ;
#1180 = EDGE_CURVE ( 'NONE', #8008, #9235, #4708, .T. ) ;
#1181 = DIRECTION ( 'NONE',  ( -0.0000000000000000000, 0.9848077530122080200, 0.1736481776669304100 ) ) ;
#1182 = ORIENTED_EDGE ( 'NONE', *, *, #5367, .T. ) ;
#1183 = VERTEX_POINT ( 'NONE', #10598 ) ;
#1184 = VECTOR ( 'NONE', #11031, 39.37007874015748100 ) ;
#1185 = ORIENTED_EDGE ( 'NONE', *, *, #10658, .F. ) ;
#1186 = LINE ( 'NONE', #5564, #635 ) ;
#1187 = VECTOR ( 'NONE', #10916, 39.37007874015748100 ) ;
#1188 = CARTESIAN_POINT ( 'NONE',  ( 0.08500000000000004800, 0.1024999999999999800, -0.2399999999999999100 ) ) ;
#1189 = PLANE ( 'NONE',  #5882 ) ;
#1190 = ORIENTED_EDGE ( 'NONE', *, *, #9961, .F. ) ;
#1191 = ORIENTED_EDGE ( 'NONE', *, *, #7031, .F. ) ;
#1192 = DIRECTION ( 'NONE',  ( 0.0000000000000000000, 0.0000000000000000000, 1.000000000000000000 ) ) ;
#1193 = CARTESIAN_POINT ( 'NONE',  ( -0.1149999999999999600, 0.09249999999999998500, -0.2399999999999999100 ) ) ;
#1194 = DIRECTION ( 'NONE',  ( 0.0000000000000000000, 0.0000000000000000000, 1.000000000000000000 ) ) ;
#1195 = CARTESIAN_POINT ( 'NONE',  ( 0.08500000000000004800, 0.09249999999999974900, -0.2656072902104091300 ) ) ;
#1196 = CARTESIAN_POINT ( 'NONE',  ( -0.1849999999999999700, 0.1024999999999999900, 0.2536897542844667700 ) ) ;
#1197 = EDGE_LOOP ( 'NONE', ( #9845, #7253, #1655, #10826 ) ) ;
#1198 = ORIENTED_EDGE ( 'NONE', *, *, #80, .T. ) ;
#1199 = CIRCLE ( 'NONE', #3263, 0.01210138312730635500 ) ;
#1200 = CARTESIAN_POINT ( 'NONE',  ( -0.1649999999999999800, 0.09249999999999998500, 0.2536897542844667700 ) ) ;
#1201 = ORIENTED_EDGE ( 'NONE', *, *, #712, .T. ) ;
#1202 = ORIENTED_EDGE ( 'NONE', *, *, #8687, .F. ) ;
#1203 = EDGE_CURVE ( 'NONE', #3436, #6921, #4447, .T. ) ;
#1204 = DIRECTION ( 'NONE',  ( -1.000000000000000000, -0.0000000000000000000, 0.0000000000000000000 ) ) ;
#1205 =( NAMED_UNIT ( * ) PLANE_ANGLE_UNIT ( ) SI_UNIT ( $, .RADIAN. ) );
#1206 = CARTESIAN_POINT ( 'NONE',  ( 0.2850000000000000900, 0.1024999999999999900, 0.2536897542844667700 ) ) ;
#1207 = PLANE ( 'NONE',  #5518 ) ;
#1208 = ORIENTED_EDGE ( 'NONE', *, *, #2265, .T. ) ;
#1209 = ORIENTED_EDGE ( 'NONE', *, *, #6923, .T. ) ;
#1210 = DIRECTION ( 'NONE',  ( 0.0000000000000000000, -0.1736481776669296100, -0.9848077530122082400 ) ) ;
#1211 = AXIS2_PLACEMENT_3D ( 'NONE', #3452, #1760, #7822 ) ;
#1212 = EDGE_CURVE ( 'NONE', #4825, #541, #1475, .T. ) ;
#1213 = CARTESIAN_POINT ( 'NONE',  ( -0.1349999999999999500, 0.009999999999999993300, 0.3150000000000000000 ) ) ;
#1214 = DIRECTION ( 'NONE',  ( 1.000000000000000000, 0.0000000000000000000, -0.0000000000000000000 ) ) ;
#1215 = ORIENTED_EDGE ( 'NONE', *, *, #7813, .F. ) ;
#1216 = ORIENTED_EDGE ( 'NONE', *, *, #1612, .F. ) ;
#1217 = COLOUR_RGB ( '',1.000000000000000000, 1.000000000000000000, 1.000000000000000000 ) ;
#1218 = ORIENTED_EDGE ( 'NONE', *, *, #9144, .T. ) ;
#1219 = VECTOR ( 'NONE', #9140, 39.37007874015748100 ) ;
#1220 = DIRECTION ( 'NONE',  ( 0.0000000000000000000, 0.0000000000000000000, 1.000000000000000000 ) ) ;
#1221 = VERTEX_POINT ( 'NONE', #1151 ) ;
#1222 = CARTESIAN_POINT ( 'NONE',  ( -0.01499999999999994200, 0.01173648177666930000, -0.2798480775301220900 ) ) ;
#1223 = PLANE ( 'NONE',  #2215 ) ;
#1224 = VERTEX_POINT ( 'NONE', #5448 ) ;
#1225 = ORIENTED_EDGE ( 'NONE', *, *, #9997, .F. ) ;
#1226 = DIRECTION ( 'NONE',  ( -1.000000000000000000, -0.0000000000000000000, -0.0000000000000000000 ) ) ;
#1227 = CARTESIAN_POINT ( 'NONE',  ( 0.1650000000000000900, 0.09039861687269366800, -0.2536897542844667700 ) ) ;
#1228 = SURFACE_STYLE_FILL_AREA ( #3128 ) ;
#1229 = AXIS2_PLACEMENT_3D ( 'NONE', #6066, #8749, #888 ) ;
#1230 = AXIS2_PLACEMENT_3D ( 'NONE', #7777, #10467, #5205 ) ;
#1231 = DIRECTION ( 'NONE',  ( 0.0000000000000000000, 0.0000000000000000000, -1.000000000000000000 ) ) ;
#1232 = DIRECTION ( 'NONE',  ( 0.0000000000000000000, 0.0000000000000000000, 1.000000000000000000 ) ) ;
#1233 = EDGE_CURVE ( 'NONE', #5603, #2842, #674, .T. ) ;
#1234 = LINE ( 'NONE', #1800, #4317 ) ;
#1235 = ADVANCED_FACE ( 'NONE', ( #2276 ), #5526, .F. ) ;
#1236 = DIRECTION ( 'NONE',  ( -0.0000000000000000000, -7.193223902257864100E-015, -1.000000000000000000 ) ) ;
#1237 = VERTEX_POINT ( 'NONE', #9695 ) ;
#1238 = PLANE ( 'NONE',  #6004 ) ;
#1239 = AXIS2_PLACEMENT_3D ( 'NONE', #8789, #7154, #5484 ) ;
#1240 = LINE ( 'NONE', #7421, #10115 ) ;
#1241 = CARTESIAN_POINT ( 'NONE',  ( -0.01499999999999994200, 0.09039861687269366800, 0.2536897542844667700 ) ) ;
#1242 = VERTEX_POINT ( 'NONE', #5375 ) ;
#1243 = ORIENTED_EDGE ( 'NONE', *, *, #10755, .F. ) ;
#1244 = VERTEX_POINT ( 'NONE', #9804 ) ;
#1245 = DIRECTION ( 'NONE',  ( -1.000000000000000000, -0.0000000000000000000, -0.0000000000000000000 ) ) ;
#1246 = ORIENTED_EDGE ( 'NONE', *, *, #4070, .T. ) ;
#1247 = CARTESIAN_POINT ( 'NONE',  ( -0.06499999999999996100, 0.01210138312730608600, 0.2819175359259424300 ) ) ;
#1248 = DIRECTION ( 'NONE',  ( 0.0000000000000000000, 0.0000000000000000000, -1.000000000000000000 ) ) ;
#1249 = VECTOR ( 'NONE', #9789, 39.37007874015748100 ) ;
#1250 = ADVANCED_FACE ( 'NONE', ( #2560 ), #6333, .F. ) ;
#1251 = CARTESIAN_POINT ( 'NONE',  ( -0.1149999999999999600, 0.01210138312730608600, -0.2819175359259424300 ) ) ;
#1252 = EDGE_LOOP ( 'NONE', ( #1991, #7912, #2272, #4312 ) ) ;
#1253 = VECTOR ( 'NONE', #6500, 39.37007874015748100 ) ;
#1254 = EDGE_CURVE ( 'NONE', #456, #7189, #10382, .T. ) ;
#1255 = VECTOR ( 'NONE', #7788, 39.37007874015748100 ) ;
#1256 = ORIENTED_EDGE ( 'NONE', *, *, #1013, .T. ) ;
#1257 = AXIS2_PLACEMENT_3D ( 'NONE', #10432, #7888, #1019 ) ;
#1258 = ORIENTED_EDGE ( 'NONE', *, *, #10332, .T. ) ;
#1259 =( NAMED_UNIT ( * ) SI_UNIT ( $, .STERADIAN. ) SOLID_ANGLE_UNIT ( ) );
#1260 = CARTESIAN_POINT ( 'NONE',  ( -0.01499999999999994200, 0.1024999999999999800, -0.2399999999999999100 ) ) ;
#1261 = VECTOR ( 'NONE', #8088, 39.37007874015748100 ) ;
#1262 = CYLINDRICAL_SURFACE ( 'NONE', #9616, 0.01210138312730632000 ) ;
#1263 = CARTESIAN_POINT ( 'NONE',  ( 0.1850000000000000800, 0.09076351822333045300, -0.2557592126802871200 ) ) ;
#1264 = DIRECTION ( 'NONE',  ( 0.0000000000000000000, 7.225480511685028100E-015, 1.000000000000000000 ) ) ;
#1265 = VECTOR ( 'NONE', #5910, 39.37007874015748100 ) ;
#1266 = EDGE_CURVE ( 'NONE', #7323, #2888, #6577, .T. ) ;
#1267 = AXIS2_PLACEMENT_3D ( 'NONE', #8509, #757, #4084 ) ;
#1268 = ORIENTED_EDGE ( 'NONE', *, *, #10091, .T. ) ;
#1269 = DIRECTION ( 'NONE',  ( 0.0000000000000000000, -1.000000000000000000, 6.829619984160659800E-015 ) ) ;
#1270 = EDGE_CURVE ( 'NONE', #4934, #6497, #8210, .T. ) ;
#1271 = DIRECTION ( 'NONE',  ( 0.0000000000000000000, 0.0000000000000000000, -1.000000000000000000 ) ) ;
#1272 = LINE ( 'NONE', #6444, #3262 ) ;
#1273 = CARTESIAN_POINT ( 'NONE',  ( 0.2650000000000000700, -2.411709556906732200E-016, 0.2819175359259424900 ) ) ;
#1274 = CARTESIAN_POINT ( 'NONE',  ( -0.2150000000000000000, 0.1024999999999999800, 0.2399999999999999100 ) ) ;
#1275 = VECTOR ( 'NONE', #1578, 39.37007874015748100 ) ;
#1276 = ORIENTED_EDGE ( 'NONE', *, *, #6804, .T. ) ;
#1277 = VECTOR ( 'NONE', #4896, 39.37007874015748100 ) ;
#1278 = DIRECTION ( 'NONE',  ( -0.0000000000000000000, 1.000000000000000000, 6.829619984160684300E-015 ) ) ;
#1279 = UNCERTAINTY_MEASURE_WITH_UNIT (LENGTH_MEASURE( 1.000000000000000100E-005 ), #8992, 'distance_accuracy_value', 'NONE');
#1280 = LINE ( 'NONE', #2962, #10158 ) ;
#1281 = CARTESIAN_POINT ( 'NONE',  ( 0.1350000000000000600, -2.411709556906732200E-016, 0.2819175359259424900 ) ) ;
#1282 = DIRECTION ( 'NONE',  ( 0.0000000000000000000, 0.0000000000000000000, -1.000000000000000000 ) ) ;
#1283 = EDGE_CURVE ( 'NONE', #5513, #4725, #8342, .T. ) ;
#1284 = DIRECTION ( 'NONE',  ( -1.000000000000000000, -0.0000000000000000000, -0.0000000000000000000 ) ) ;
#1285 = ORIENTED_EDGE ( 'NONE', *, *, #1430, .T. ) ;
#1286 = ORIENTED_EDGE ( 'NONE', *, *, #1812, .T. ) ;
#1287 = ADVANCED_FACE ( 'NONE', ( #816 ), #3503, .T. ) ;
#1288 = FACE_OUTER_BOUND ( 'NONE', #3881, .T. ) ;
#1289 = SURFACE_STYLE_USAGE ( .BOTH. , #8957 ) ;
#1290 = PLANE ( 'NONE',  #7691 ) ;
#1291 = CARTESIAN_POINT ( 'NONE',  ( 0.01500000000000004500, 0.09249999999999974900, -0.2656072902104091300 ) ) ;
#1292 = ORIENTED_EDGE ( 'NONE', *, *, #4830, .F. ) ;
#1293 = MECHANICAL_DESIGN_GEOMETRIC_PRESENTATION_REPRESENTATION (  '', ( #5091 ), #2360 ) ;
#1294 = PLANE ( 'NONE',  #8387 ) ;
#1295 = EDGE_LOOP ( 'NONE', ( #8176, #3399, #5353, #10749 ) ) ;
#1296 = FACE_OUTER_BOUND ( 'NONE', #5211, .T. ) ;
#1297 = EDGE_CURVE ( 'NONE', #2953, #3226, #1747, .T. ) ;
#1298 = LINE ( 'NONE', #10210, #9515 ) ;
#1299 = AXIS2_PLACEMENT_3D ( 'NONE', #740, #2307, #8411 ) ;
#1300 = VECTOR ( 'NONE', #3811, 39.37007874015748100 ) ;
#1301 = ADVANCED_FACE ( 'NONE', ( #5912 ), #6048, .T. ) ;
#1302 = ORIENTED_EDGE ( 'NONE', *, *, #7430, .T. ) ;
#1303 = CARTESIAN_POINT ( 'NONE',  ( 0.01500000000000004500, 0.01210138312730608600, 0.2819175359259424300 ) ) ;
#1304 = CARTESIAN_POINT ( 'NONE',  ( 0.03500000000000003800, 0.09039861687269366800, -0.2536897542844667700 ) ) ;
#1305 = PLANE ( 'NONE',  #5094 ) ;
#1306 = ORIENTED_EDGE ( 'NONE', *, *, #7755, .F. ) ;
#1307 = ORIENTED_EDGE ( 'NONE', *, *, #7970, .F. ) ;
#1308 = LINE ( 'NONE', #3841, #3844 ) ;
#1309 = FACE_OUTER_BOUND ( 'NONE', #2534, .T. ) ;
#1310 = EDGE_CURVE ( 'NONE', #9775, #4622, #9706, .T. ) ;
#1311 = EDGE_CURVE ( 'NONE', #1344, #7034, #5495, .T. ) ;
#1312 = AXIS2_PLACEMENT_3D ( 'NONE', #7715, #1737, #9390 ) ;
#1313 = DIRECTION ( 'NONE',  ( -1.000000000000000000, -0.0000000000000000000, -0.0000000000000000000 ) ) ;
#1314 = ORIENTED_EDGE ( 'NONE', *, *, #2001, .F. ) ;
#1315 = DIRECTION ( 'NONE',  ( -1.000000000000000000, -0.0000000000000000000, -0.0000000000000000000 ) ) ;
#1316 = LINE ( 'NONE', #5822, #3312 ) ;
#1317 = ORIENTED_EDGE ( 'NONE', *, *, #8477, .T. ) ;
#1318 = FACE_OUTER_BOUND ( 'NONE', #9989, .T. ) ;
#1319 = ORIENTED_EDGE ( 'NONE', *, *, #3407, .T. ) ;
#1320 = LINE ( 'NONE', #9573, #4405 ) ;
#1321 = CARTESIAN_POINT ( 'NONE',  ( -0.2650000000000000100, 0.09039861687269366800, 0.2536897542844667700 ) ) ;
#1322 = ORIENTED_EDGE ( 'NONE', *, *, #7948, .T. ) ;
#1323 = EDGE_LOOP ( 'NONE', ( #5207, #5889, #5780, #4230 ) ) ;
#1324 = FACE_OUTER_BOUND ( 'NONE', #3753, .T. ) ;
#1325 = CARTESIAN_POINT ( 'NONE',  ( -0.06499999999999996100, 0.1024999999999999800, -0.2399999999999999100 ) ) ;
#1326 = DIRECTION ( 'NONE',  ( -0.0000000000000000000, 1.000000000000000000, -0.0000000000000000000 ) ) ;
#1327 = ORIENTED_EDGE ( 'NONE', *, *, #9670, .T. ) ;
#1328 = EDGE_CURVE ( 'NONE', #8894, #4103, #31, .T. ) ;
#1329 = LINE ( 'NONE', #2499, #3745 ) ;
#1330 = DIMENSIONAL_EXPONENTS ( 1.000000000000000000, 0.0000000000000000000, 0.0000000000000000000, 0.0000000000000000000, 0.0000000000000000000, 0.0000000000000000000, 0.0000000000000000000 ) ;
#1331 = AXIS2_PLACEMENT_3D ( 'NONE', #10026, #5704, #1340 ) ;
#1332 = EDGE_CURVE ( 'NONE', #6054, #9725, #3642, .T. ) ;
#1333 = DIRECTION ( 'NONE',  ( -1.000000000000000000, -0.0000000000000000000, -0.0000000000000000000 ) ) ;
#1334 = EDGE_LOOP ( 'NONE', ( #3892, #4526, #6437, #8642 ) ) ;
#1335 = VERTEX_POINT ( 'NONE', #9212 ) ;
#1336 = VECTOR ( 'NONE', #4824, 39.37007874015748900 ) ;
#1337 = ORIENTED_EDGE ( 'NONE', *, *, #8524, .F. ) ;
#1338 = PLANE ( 'NONE',  #7987 ) ;
#1339 = LINE ( 'NONE', #1674, #8195 ) ;
#1340 = DIRECTION ( 'NONE',  ( 0.0000000000000000000, 0.0000000000000000000, -1.000000000000000000 ) ) ;
#1341 = ADVANCED_FACE ( 'NONE', ( #9826 ), #4952, .T. ) ;
#1342 = CARTESIAN_POINT ( 'NONE',  ( 0.2150000000000000500, 0.09039861687269366800, 0.2536897542844667700 ) ) ;
#1343 = AXIS2_PLACEMENT_3D ( 'NONE', #3444, #2660, #9520 ) ;
#1344 = VERTEX_POINT ( 'NONE', #2282 ) ;
#1345 = EDGE_LOOP ( 'NONE', ( #7931, #8388, #9224, #6281, #6563, #7250, #6507, #2710, #2239, #3949, #2295, #11012 ) ) ;
#1346 = EDGE_CURVE ( 'NONE', #6970, #2155, #10252, .T. ) ;
#1347 = FACE_OUTER_BOUND ( 'NONE', #8989, .T. ) ;
#1348 = CARTESIAN_POINT ( 'NONE',  ( -0.1849999999999999700, -3.201384367575308500E-018, -0.3150000000000000600 ) ) ;
#1349 = VECTOR ( 'NONE', #1018, 39.37007874015748100 ) ;
#1350 = CARTESIAN_POINT ( 'NONE',  ( 0.1650000000000000900, 0.01000000000000000400, -0.2700000000000000200 ) ) ;
#1351 = SURFACE_SIDE_STYLE ('',( #3122 ) ) ;
#1352 = VERTEX_POINT ( 'NONE', #5765 ) ;
#1353 = ADVANCED_FACE ( 'NONE', ( #3365 ), #5845, .F. ) ;
#1354 = CARTESIAN_POINT ( 'NONE',  ( -0.01499999999999994200, 0.009999999999999993300, 0.3150000000000000000 ) ) ;
#1355 = CARTESIAN_POINT ( 'NONE',  ( 0.2350000000000000400, 0.01000000000000000000, 0.2699999999999999600 ) ) ;
#1356 = ORIENTED_EDGE ( 'NONE', *, *, #9182, .F. ) ;
#1357 = ORIENTED_EDGE ( 'NONE', *, *, #468, .T. ) ;
#1358 = VECTOR ( 'NONE', #602, 39.37007874015748100 ) ;
#1359 = AXIS2_PLACEMENT_3D ( 'NONE', #5242, #8733, #7883 ) ;
#1360 = EDGE_CURVE ( 'NONE', #2422, #4402, #8891, .T. ) ;
#1361 = DIRECTION ( 'NONE',  ( -1.000000000000000000, -0.0000000000000000000, -0.0000000000000000000 ) ) ;
#1362 = CARTESIAN_POINT ( 'NONE',  ( -0.01499999999999994200, 0.1024999999999999800, 0.2399999999999999100 ) ) ;
#1363 = ORIENTED_EDGE ( 'NONE', *, *, #3938, .T. ) ;
#1364 = ORIENTED_EDGE ( 'NONE', *, *, #6697, .F. ) ;
#1365 = VERTEX_POINT ( 'NONE', #636 ) ;
#1366 = ORIENTED_EDGE ( 'NONE', *, *, #311, .T. ) ;
#1367 = VECTOR ( 'NONE', #6653, 39.37007874015748100 ) ;
#1368 = ORIENTED_EDGE ( 'NONE', *, *, #7292, .T. ) ;
#1369 = CARTESIAN_POINT ( 'NONE',  ( 0.2150000000000000500, 0.09076351822333045300, -0.2557592126802871200 ) ) ;
#1370 = ORIENTED_EDGE ( 'NONE', *, *, #2064, .F. ) ;
#1371 = DIRECTION ( 'NONE',  ( -1.000000000000000000, -0.0000000000000000000, 0.0000000000000000000 ) ) ;
#1372 = ORIENTED_EDGE ( 'NONE', *, *, #10465, .T. ) ;
#1373 = EDGE_CURVE ( 'NONE', #1544, #3139, #288, .T. ) ;
#1374 = DIRECTION ( 'NONE',  ( -1.000000000000000000, -0.0000000000000000000, -0.0000000000000000000 ) ) ;
#1375 = AXIS2_PLACEMENT_3D ( 'NONE', #7511, #6645, #2358 ) ;
#1376 = DIRECTION ( 'NONE',  ( 0.0000000000000000000, 0.9848077530122082400, 0.1736481776669296100 ) ) ;
#1377 = LINE ( 'NONE', #9863, #8368 ) ;
#1378 = VECTOR ( 'NONE', #9770, 39.37007874015748100 ) ;
#1379 = CARTESIAN_POINT ( 'NONE',  ( -0.2150000000000000000, -3.201384367575308500E-018, 0.3150000000000000600 ) ) ;
#1380 = LINE ( 'NONE', #8513, #10550 ) ;
#1381 = CARTESIAN_POINT ( 'NONE',  ( -0.1649999999999999800, 0.009999999999999993300, 0.3150000000000000000 ) ) ;
#1382 = ORIENTED_EDGE ( 'NONE', *, *, #2928, .T. ) ;
#1383 = VECTOR ( 'NONE', #8275, 39.37007874015748100 ) ;
#1384 = SURFACE_STYLE_USAGE ( .BOTH. , #1351 ) ;
#1385 = DIRECTION ( 'NONE',  ( -1.000000000000000000, -0.0000000000000000000, -0.0000000000000000000 ) ) ;
#1386 = EDGE_CURVE ( 'NONE', #1814, #3316, #4024, .T. ) ;
#1387 = LINE ( 'NONE', #4936, #69 ) ;
#1388 = EDGE_CURVE ( 'NONE', #7557, #8942, #7522, .T. ) ;
#1389 = ADVANCED_FACE ( 'NONE', ( #7803 ), #10014, .F. ) ;
#1390 = DIRECTION ( 'NONE',  ( -1.000000000000000000, -0.0000000000000000000, -0.0000000000000000000 ) ) ;
#1391 = CARTESIAN_POINT ( 'NONE',  ( 0.2350000000000000400, 0.1024999999999999800, -0.2536897542844667700 ) ) ;
#1392 = CIRCLE ( 'NONE', #5661, 0.002101383127306358700 ) ;
#1393 = ORIENTED_EDGE ( 'NONE', *, *, #4023, .F. ) ;
#1394 = VECTOR ( 'NONE', #5496, 39.37007874015748100 ) ;
#1395 =( CONVERSION_BASED_UNIT ( 'INCH', #5302 ) LENGTH_UNIT ( ) NAMED_UNIT ( #2678 ) );
#1396 = CARTESIAN_POINT ( 'NONE',  ( 0.2850000000000000900, 0.1024999999999999800, -0.2536897542844667700 ) ) ;
#1397 = ADVANCED_FACE ( 'NONE', ( #5365 ), #5230, .F. ) ;
#1398 = MECHANICAL_DESIGN_GEOMETRIC_PRESENTATION_REPRESENTATION (  '', ( #3493 ), #4994 ) ;
#1399 = CARTESIAN_POINT ( 'NONE',  ( 0.08500000000000004800, 0.1024999999999999800, -0.2399999999999999100 ) ) ;
#1400 = VERTEX_POINT ( 'NONE', #8502 ) ;
#1401 = DIRECTION ( 'NONE',  ( -0.0000000000000000000, -7.193223902257864100E-015, -1.000000000000000000 ) ) ;
#1402 = EDGE_CURVE ( 'NONE', #4181, #4754, #1622, .T. ) ;
#1403 = VERTEX_POINT ( 'NONE', #1688 ) ;
#1404 = DIRECTION ( 'NONE',  ( 0.0000000000000000000, 0.0000000000000000000, -1.000000000000000000 ) ) ;
#1405 = VECTOR ( 'NONE', #2812, 39.37007874015748100 ) ;
#1406 = VECTOR ( 'NONE', #5173, 39.37007874015748100 ) ;
#1407 = EDGE_LOOP ( 'NONE', ( #10829, #2445, #330, #4468 ) ) ;
#1408 = CARTESIAN_POINT ( 'NONE',  ( 0.1350000000000000600, 0.09039861687269366800, 0.2536897542844667700 ) ) ;
#1409 = CARTESIAN_POINT ( 'NONE',  ( -0.2650000000000000100, 0.09249999999999977700, 0.2656072902104091900 ) ) ;
#1410 = ORIENTED_EDGE ( 'NONE', *, *, #7718, .T. ) ;
#1411 = AXIS2_PLACEMENT_3D ( 'NONE', #10866, #9900, #8267 ) ;
#1412 = FACE_OUTER_BOUND ( 'NONE', #7753, .T. ) ;
#1413 = DIRECTION ( 'NONE',  ( 0.0000000000000000000, -0.9848077530122082400, 0.1736481776669295800 ) ) ;
#1414 = DIRECTION ( 'NONE',  ( 0.0000000000000000000, -0.0000000000000000000, -1.000000000000000000 ) ) ;
#1415 = EDGE_CURVE ( 'NONE', #9716, #5995, #4963, .T. ) ;
#1416 = CARTESIAN_POINT ( 'NONE',  ( -0.1149999999999999600, 0.009999999999999753900, 0.2819175359259424300 ) ) ;
#1417 = ORIENTED_EDGE ( 'NONE', *, *, #333, .T. ) ;
#1418 = VERTEX_POINT ( 'NONE', #4234 ) ;
#1419 = ORIENTED_EDGE ( 'NONE', *, *, #6432, .T. ) ;
#1420 = CYLINDRICAL_SURFACE ( 'NONE', #849, 0.01210138312730635500 ) ;
#1421 = DIRECTION ( 'NONE',  ( 0.0000000000000000000, 1.000000000000000000, 0.0000000000000000000 ) ) ;
#1422 = FACE_OUTER_BOUND ( 'NONE', #2337, .T. ) ;
#1423 = CARTESIAN_POINT ( 'NONE',  ( -0.3449999999999998600, 0.09249999999999998500, -0.2399999999999996300 ) ) ;
#1424 = CARTESIAN_POINT ( 'NONE',  ( -0.2150000000000000000, 0.09076351822333045300, 0.2557592126802870600 ) ) ;
#1425 = CARTESIAN_POINT ( 'NONE',  ( 0.2350000000000000400, 0.1024999999999999900, 0.2536897542844667700 ) ) ;
#1426 = AXIS2_PLACEMENT_3D ( 'NONE', #4452, #5482, #9763 ) ;
#1427 = AXIS2_PLACEMENT_3D ( 'NONE', #8226, #1052, #203 ) ;
#1428 = CARTESIAN_POINT ( 'NONE',  ( 0.1350000000000000600, 0.009999999999999753900, -0.2819175359259424300 ) ) ;
#1429 = ORIENTED_EDGE ( 'NONE', *, *, #10358, .F. ) ;
#1430 = EDGE_CURVE ( 'NONE', #9248, #8746, #5761, .T. ) ;
#1431 = LINE ( 'NONE', #202, #4389 ) ;
#1432 = ORIENTED_EDGE ( 'NONE', *, *, #8890, .T. ) ;
#1433 = FACE_OUTER_BOUND ( 'NONE', #7789, .T. ) ;
#1434 = CARTESIAN_POINT ( 'NONE',  ( 0.06500000000000005800, 0.09076351822333045300, -0.2557592126802871200 ) ) ;
#1435 = ORIENTED_EDGE ( 'NONE', *, *, #2638, .T. ) ;
#1436 = DIRECTION ( 'NONE',  ( 1.000000000000000000, 0.0000000000000000000, 0.0000000000000000000 ) ) ;
#1437 = CARTESIAN_POINT ( 'NONE',  ( -0.2650000000000000100, 0.1024999999999999800, 0.2399999999999999100 ) ) ;
#1438 = ADVANCED_FACE ( 'NONE', ( #7128 ), #5965, .T. ) ;
#1439 = CARTESIAN_POINT ( 'NONE',  ( 0.08500000000000004800, 0.1024999999999999800, -0.2399999999999999100 ) ) ;
#1440 = ORIENTED_EDGE ( 'NONE', *, *, #9195, .F. ) ;
#1441 = EDGE_LOOP ( 'NONE', ( #4186, #7438, #7906, #909 ) ) ;
#1442 = VECTOR ( 'NONE', #9880, 39.37007874015748100 ) ;
#1443 = PLANE ( 'NONE',  #731 ) ;
#1444 = ORIENTED_EDGE ( 'NONE', *, *, #1178, .T. ) ;
#1445 = VECTOR ( 'NONE', #11068, 39.37007874015748100 ) ;
#1446 = EDGE_CURVE ( 'NONE', #9725, #6172, #9437, .T. ) ;
#1447 = EDGE_CURVE ( 'NONE', #5068, #6183, #544, .T. ) ;
#1448 = AXIS2_PLACEMENT_3D ( 'NONE', #2058, #8060, #2913 ) ;
#1449 = ORIENTED_EDGE ( 'NONE', *, *, #8167, .T. ) ;
#1450 = FILL_AREA_STYLE_COLOUR ( '', #7035 ) ;
#1451 = VERTEX_POINT ( 'NONE', #7586 ) ;
#1452 = ORIENTED_EDGE ( 'NONE', *, *, #4731, .F. ) ;
#1453 = ADVANCED_FACE ( 'NONE', ( #9970 ), #1613, .F. ) ;
#1454 = LINE ( 'NONE', #3171, #1065 ) ;
#1455 = VERTEX_POINT ( 'NONE', #5055 ) ;
#1456 = ORIENTED_EDGE ( 'NONE', *, *, #3956, .T. ) ;
#1457 = CIRCLE ( 'NONE', #2802, 0.02750000000000001400 ) ;
#1458 = CARTESIAN_POINT ( 'NONE',  ( -0.06499999999999996100, 0.01000000000000000400, -0.2700000000000000200 ) ) ;
#1459 = DIRECTION ( 'NONE',  ( 0.0000000000000000000, -0.9848077530122082400, -0.1736481776669296100 ) ) ;
#1460 = ORIENTED_EDGE ( 'NONE', *, *, #2314, .F. ) ;
#1461 = VERTEX_POINT ( 'NONE', #8467 ) ;
#1462 = EDGE_CURVE ( 'NONE', #6387, #8919, #5635, .T. ) ;
#1463 = DIRECTION ( 'NONE',  ( -1.000000000000000000, -0.0000000000000000000, -0.0000000000000000000 ) ) ;
#1464 = EDGE_CURVE ( 'NONE', #6301, #2320, #8627, .T. ) ;
#1465 = LINE ( 'NONE', #2025, #9693 ) ;
#1466 = DIRECTION ( 'NONE',  ( -1.000000000000000000, -0.0000000000000000000, -0.0000000000000000000 ) ) ;
#1467 = CARTESIAN_POINT ( 'NONE',  ( 0.1150000000000000700, 0.09039861687269366800, -0.2536897542844667700 ) ) ;
#1468 = UNCERTAINTY_MEASURE_WITH_UNIT (LENGTH_MEASURE( 1.000000000000000100E-005 ), #5848, 'distance_accuracy_value', 'NONE');
#1469 = ORIENTED_EDGE ( 'NONE', *, *, #4746, .F. ) ;
#1470 = ORIENTED_EDGE ( 'NONE', *, *, #4572, .F. ) ;
#1471 = CARTESIAN_POINT ( 'NONE',  ( -0.2150000000000000000, 0.01210138312730608600, -0.2819175359259424300 ) ) ;
#1472 = VECTOR ( 'NONE', #6687, 39.37007874015748100 ) ;
#1473 = VERTEX_POINT ( 'NONE', #6842 ) ;
#1474 = DIRECTION ( 'NONE',  ( 0.0000000000000000000, -0.0000000000000000000, 1.000000000000000000 ) ) ;
#1475 = CIRCLE ( 'NONE', #6018, 0.01210138312730635500 ) ;
#1476 = PLANE ( 'NONE',  #5711 ) ;
#1477 = ORIENTED_EDGE ( 'NONE', *, *, #8511, .T. ) ;
#1478 =( LENGTH_UNIT ( ) NAMED_UNIT ( * ) SI_UNIT ( $, .METRE. ) );
#1479 = EDGE_CURVE ( 'NONE', #3422, #2330, #3080, .T. ) ;
#1480 = ORIENTED_EDGE ( 'NONE', *, *, #4879, .F. ) ;
#1481 = EDGE_LOOP ( 'NONE', ( #5590, #1307, #4288, #8563 ) ) ;
#1482 = ORIENTED_EDGE ( 'NONE', *, *, #4434, .F. ) ;
#1483 = DIRECTION ( 'NONE',  ( -1.000000000000000000, -0.0000000000000000000, -0.0000000000000000000 ) ) ;
#1484 = PLANE ( 'NONE',  #1299 ) ;
#1485 = ORIENTED_EDGE ( 'NONE', *, *, #1479, .F. ) ;
#1486 = CARTESIAN_POINT ( 'NONE',  ( 0.2150000000000000500, 0.09249999999999977700, 0.2656072902104091900 ) ) ;
#1487 = DIRECTION ( 'NONE',  ( 0.0000000000000000000, 1.000000000000000000, -7.193223902257864100E-015 ) ) ;
#1488 = CIRCLE ( 'NONE', #8507, 0.002101383127306324400 ) ;
#1489 = SURFACE_SIDE_STYLE ('',( #1228 ) ) ;
#1490 = ORIENTED_EDGE ( 'NONE', *, *, #6356, .F. ) ;
#1491 = ORIENTED_EDGE ( 'NONE', *, *, #6370, .T. ) ;
#1492 = ORIENTED_EDGE ( 'NONE', *, *, #2818, .F. ) ;
#1493 = VERTEX_POINT ( 'NONE', #2591 ) ;
#1494 = ADVANCED_FACE ( 'NONE', ( #9151 ), #4321, .T. ) ;
#1495 = AXIS2_PLACEMENT_3D ( 'NONE', #5411, #6243, #293 ) ;
#1496 = DIRECTION ( 'NONE',  ( 0.0000000000000000000, 0.0000000000000000000, 1.000000000000000000 ) ) ;
#1497 = CARTESIAN_POINT ( 'NONE',  ( 0.2350000000000000400, 0.01000000000000000400, -0.2700000000000000200 ) ) ;
#1498 = EDGE_CURVE ( 'NONE', #10078, #291, #4568, .T. ) ;
#1499 = VECTOR ( 'NONE', #2005, 39.37007874015748100 ) ;
#1500 = DIRECTION ( 'NONE',  ( 0.0000000000000000000, -0.9848077530122082400, 0.1736481776669296100 ) ) ;
#1501 = DIRECTION ( 'NONE',  ( -1.000000000000000000, -0.0000000000000000000, -0.0000000000000000000 ) ) ;
#1502 = LINE ( 'NONE', #323, #840 ) ;
#1503 = VECTOR ( 'NONE', #2526, 39.37007874015748100 ) ;
#1504 = ORIENTED_EDGE ( 'NONE', *, *, #3021, .F. ) ;
#1505 = CARTESIAN_POINT ( 'NONE',  ( -0.1349999999999999500, 0.01210138312730608600, 0.2819175359259424300 ) ) ;
#1506 = ORIENTED_EDGE ( 'NONE', *, *, #7397, .T. ) ;
#1507 = ADVANCED_FACE ( 'NONE', ( #6868 ), #869, .T. ) ;
#1508 = CARTESIAN_POINT ( 'NONE',  ( -0.1149999999999999600, 0.09039861687269366800, 0.2536897542844667700 ) ) ;
#1509 = LINE ( 'NONE', #3769, #1124 ) ;
#1510 = CARTESIAN_POINT ( 'NONE',  ( -0.1149999999999999600, 0.09039861687269366800, -0.2536897542844667700 ) ) ;
#1511 = DIRECTION ( 'NONE',  ( 0.0000000000000000000, 0.0000000000000000000, -1.000000000000000000 ) ) ;
#1512 = EDGE_CURVE ( 'NONE', #9445, #6794, #8200, .T. ) ;
#1513 = AXIS2_PLACEMENT_3D ( 'NONE', #2740, #8768, #5317 ) ;
#1514 = ORIENTED_EDGE ( 'NONE', *, *, #4742, .F. ) ;
#1515 = CARTESIAN_POINT ( 'NONE',  ( -0.2150000000000000000, 0.1024999999999999800, -0.2399999999999999100 ) ) ;
#1516 = LINE ( 'NONE', #1638, #5272 ) ;
#1517 = VECTOR ( 'NONE', #4750, 39.37007874015748100 ) ;
#1518 = CARTESIAN_POINT ( 'NONE',  ( 0.2350000000000000400, 0.09249999999999998500, 0.2536897542844667700 ) ) ;
#1519 = DIRECTION ( 'NONE',  ( -1.000000000000000000, -0.0000000000000000000, -0.0000000000000000000 ) ) ;
#1520 = SURFACE_STYLE_USAGE ( .BOTH. , #6672 ) ;
#1521 = LINE ( 'NONE', #11014, #1275 ) ;
#1522 = EDGE_CURVE ( 'NONE', #10621, #1988, #2547, .T. ) ;
#1523 =( GEOMETRIC_REPRESENTATION_CONTEXT ( 3 ) GLOBAL_UNCERTAINTY_ASSIGNED_CONTEXT ( ( #6624 ) ) GLOBAL_UNIT_ASSIGNED_CONTEXT ( ( #5795, #6755, #10933 ) ) REPRESENTATION_CONTEXT ( 'NONE', 'WORKASPACE' ) );
#1524 = ORIENTED_EDGE ( 'NONE', *, *, #4704, .F. ) ;
#1525 = LENGTH_MEASURE_WITH_UNIT ( LENGTH_MEASURE( 0.02539999999999999900 ), #3677 );
#1526 = EDGE_CURVE ( 'NONE', #9564, #3431, #3071, .T. ) ;
#1527 = VECTOR ( 'NONE', #7784, 39.37007874015748100 ) ;
#1528 = CARTESIAN_POINT ( 'NONE',  ( 0.1650000000000000900, 0.09039861687269366800, -0.2536897542844667700 ) ) ;
#1529 = DIRECTION ( 'NONE',  ( -0.0000000000000000000, 0.9848077530122082400, -0.1736481776669296100 ) ) ;
#1530 = DIRECTION ( 'NONE',  ( 0.0000000000000000000, -1.000000000000000000, 0.0000000000000000000 ) ) ;
#1531 = CARTESIAN_POINT ( 'NONE',  ( -0.1649999999999999800, 0.09249999999999974900, -0.2656072902104091300 ) ) ;
#1532 = CARTESIAN_POINT ( 'NONE',  ( 0.08500000000000004800, 0.09076351822333045300, -0.2557592126802871200 ) ) ;
#1533 = SURFACE_STYLE_USAGE ( .BOTH. , #6685 ) ;
#1534 = EDGE_LOOP ( 'NONE', ( #3130, #8318, #2167, #10780 ) ) ;
#1535 = DIRECTION ( 'NONE',  ( 0.0000000000000000000, -1.000000000000000000, 7.225480511685028100E-015 ) ) ;
#1536 = SURFACE_SIDE_STYLE ('',( #1743 ) ) ;
#1537 = ORIENTED_EDGE ( 'NONE', *, *, #7483, .T. ) ;
#1538 = VECTOR ( 'NONE', #3037, 39.37007874015748100 ) ;
#1539 = FACE_OUTER_BOUND ( 'NONE', #5919, .T. ) ;
#1540 = AXIS2_PLACEMENT_3D ( 'NONE', #8724, #2656, #3519 ) ;
#1541 = CARTESIAN_POINT ( 'NONE',  ( -0.2650000000000000100, 0.09076351822333045300, -0.2557592126802871200 ) ) ;
#1542 = EDGE_CURVE ( 'NONE', #8474, #2375, #4693, .T. ) ;
#1543 = DIRECTION ( 'NONE',  ( 0.0000000000000000000, 0.0000000000000000000, -1.000000000000000000 ) ) ;
#1544 = VERTEX_POINT ( 'NONE', #6228 ) ;
#1545 = EDGE_LOOP ( 'NONE', ( #3639, #9160, #3030, #1491 ) ) ;
#1546 = ADVANCED_FACE ( 'NONE', ( #5358 ), #7855, .F. ) ;
#1547 = CARTESIAN_POINT ( 'NONE',  ( -0.2650000000000000100, 0.1024999999999999800, 0.2399999999999999100 ) ) ;
#1548 = ORIENTED_EDGE ( 'NONE', *, *, #997, .F. ) ;
#1549 = VECTOR ( 'NONE', #6168, 39.37007874015748100 ) ;
#1550 = CIRCLE ( 'NONE', #9229, 0.002101383127306358700 ) ;
#1551 = CARTESIAN_POINT ( 'NONE',  ( 0.03500000000000003800, 0.1024999999999999800, 0.2399999999999999100 ) ) ;
#1552 = CIRCLE ( 'NONE', #10177, 0.01210138312730635500 ) ;
#1553 = CARTESIAN_POINT ( 'NONE',  ( -0.2150000000000000000, 0.1024999999999999800, -0.2399999999999999100 ) ) ;
#1554 = DIRECTION ( 'NONE',  ( 0.0000000000000000000, 0.0000000000000000000, -1.000000000000000000 ) ) ;
#1555 = CARTESIAN_POINT ( 'NONE',  ( -0.1349999999999999500, -2.411709556906732200E-016, -0.2819175359259424900 ) ) ;
#1556 =( GEOMETRIC_REPRESENTATION_CONTEXT ( 3 ) GLOBAL_UNCERTAINTY_ASSIGNED_CONTEXT ( ( #7451 ) ) GLOBAL_UNIT_ASSIGNED_CONTEXT ( ( #6512, #5715, #6409 ) ) REPRESENTATION_CONTEXT ( 'NONE', 'WORKASPACE' ) );
#1557 = VERTEX_POINT ( 'NONE', #2769 ) ;
#1558 = DIRECTION ( 'NONE',  ( -1.000000000000000000, -0.0000000000000000000, -0.0000000000000000000 ) ) ;
#1559 = AXIS2_PLACEMENT_3D ( 'NONE', #5999, #3290, #2476 ) ;
#1560 = EDGE_LOOP ( 'NONE', ( #9665, #2808, #3729, #294 ) ) ;
#1561 = CARTESIAN_POINT ( 'NONE',  ( -0.06499999999999996100, 0.09076351822333045300, -0.2557592126802871200 ) ) ;
#1562 = EDGE_CURVE ( 'NONE', #241, #1352, #805, .T. ) ;
#1563 = VECTOR ( 'NONE', #5237, 39.37007874015748100 ) ;
#1564 = ADVANCED_FACE ( 'NONE', ( #9962 ), #4394, .F. ) ;
#1565 = CARTESIAN_POINT ( 'NONE',  ( 0.01500000000000004500, 0.09249999999999998500, -0.2399999999999999100 ) ) ;
#1566 = VECTOR ( 'NONE', #9637, 39.37007874015748100 ) ;
#1567 = ORIENTED_EDGE ( 'NONE', *, *, #5194, .F. ) ;
#1568 = DIRECTION ( 'NONE',  ( 0.0000000000000000000, 0.0000000000000000000, 1.000000000000000000 ) ) ;
#1569 = PLANE ( 'NONE',  #5390 ) ;
#1570 = LINE ( 'NONE', #10707, #6012 ) ;
#1571 = DIRECTION ( 'NONE',  ( 0.0000000000000000000, 0.0000000000000000000, -1.000000000000000000 ) ) ;
#1572 = PLANE ( 'NONE',  #8261 ) ;
#1573 = ORIENTED_EDGE ( 'NONE', *, *, #2158, .T. ) ;
#1574 = LINE ( 'NONE', #2991, #6412 ) ;
#1575 = DIRECTION ( 'NONE',  ( -1.000000000000000000, -0.0000000000000000000, -0.0000000000000000000 ) ) ;
#1576 = EDGE_LOOP ( 'NONE', ( #968, #1, #4139, #5308 ) ) ;
#1577 = CYLINDRICAL_SURFACE ( 'NONE', #9739, 0.002101383127306358700 ) ;
#1578 = DIRECTION ( 'NONE',  ( -1.000000000000000000, -0.0000000000000000000, -0.0000000000000000000 ) ) ;
#1579 = CARTESIAN_POINT ( 'NONE',  ( -0.2650000000000000100, -3.201384367575308500E-018, -0.3150000000000000600 ) ) ;
#1580 = CARTESIAN_POINT ( 'NONE',  ( 0.2850000000000000900, 0.09076351822333045300, -0.2557592126802871200 ) ) ;
#1581 = EDGE_CURVE ( 'NONE', #2876, #241, #4015, .T. ) ;
#1582 = AXIS2_PLACEMENT_3D ( 'NONE', #2661, #1872, #2700 ) ;
#1583 = EDGE_CURVE ( 'NONE', #3495, #4847, #4297, .T. ) ;
#1584 = AXIS2_PLACEMENT_3D ( 'NONE', #8, #6904, #8451 ) ;
#1585 = ORIENTED_EDGE ( 'NONE', *, *, #9893, .F. ) ;
#1586 = ORIENTED_EDGE ( 'NONE', *, *, #6644, .F. ) ;
#1587 = VECTOR ( 'NONE', #7847, 39.37007874015748900 ) ;
#1588 = DIRECTION ( 'NONE',  ( 0.0000000000000000000, -7.193223902257864100E-015, 1.000000000000000000 ) ) ;
#1589 = ORIENTED_EDGE ( 'NONE', *, *, #9521, .F. ) ;
#1590 = DIRECTION ( 'NONE',  ( 0.9993908270190957600, 0.03489949670250104600, -2.843941485081860400E-016 ) ) ;
#1591 = DIRECTION ( 'NONE',  ( 0.0000000000000000000, 0.0000000000000000000, -1.000000000000000000 ) ) ;
#1592 =( NAMED_UNIT ( * ) SI_UNIT ( $, .STERADIAN. ) SOLID_ANGLE_UNIT ( ) );
#1593 = CARTESIAN_POINT ( 'NONE',  ( 0.2150000000000000500, 0.1024999999999999800, 0.2399999999999999100 ) ) ;
#1594 = VERTEX_POINT ( 'NONE', #139 ) ;
#1595 = VERTEX_POINT ( 'NONE', #98 ) ;
#1596 = LINE ( 'NONE', #8072, #4547 ) ;
#1597 = CARTESIAN_POINT ( 'NONE',  ( 0.2350000000000000400, 0.09076351822333045300, 0.2557592126802870600 ) ) ;
#1598 = EDGE_CURVE ( 'NONE', #8703, #1876, #7374, .T. ) ;
#1599 = VECTOR ( 'NONE', #10150, 39.37007874015748100 ) ;
#1600 = DIRECTION ( 'NONE',  ( -1.000000000000000000, -0.0000000000000000000, -0.0000000000000000000 ) ) ;
#1601 = PLANE ( 'NONE',  #2438 ) ;
#1602 = CARTESIAN_POINT ( 'NONE',  ( 0.2350000000000000400, 0.009999999999999993300, 0.3150000000000000000 ) ) ;
#1603 = CARTESIAN_POINT ( 'NONE',  ( -0.01499999999999994200, 0.09249999999999974900, -0.2656072902104091300 ) ) ;
#1604 = ORIENTED_EDGE ( 'NONE', *, *, #6506, .T. ) ;
#1605 = EDGE_LOOP ( 'NONE', ( #2182, #5950, #9077, #7544 ) ) ;
#1606 = ADVANCED_FACE ( 'NONE', ( #7925 ), #4501, .F. ) ;
#1607 = ADVANCED_BREP_SHAPE_REPRESENTATION ( 'H5007NL', ( #2287, #3942, #8289, #5791, #9622, #3470, #6295, #5944, #1136, #7942, #8442, #6780, #6989, #5115, #1815, #320, #8659, #10653, #3807, #10167, #10454, #4298, #8988, #5249, #10314, #6423, #793 ), #443 ) ;
#1608 = CARTESIAN_POINT ( 'NONE',  ( -0.1349999999999999500, -2.411709556906732200E-016, -0.2819175359259424900 ) ) ;
#1609 = CARTESIAN_POINT ( 'NONE',  ( 0.1350000000000000600, 0.09076351822333045300, -0.2557592126802871200 ) ) ;
#1610 = DIRECTION ( 'NONE',  ( -0.0000000000000000000, 1.000000000000000000, 6.829619984160684300E-015 ) ) ;
#1611 = DIRECTION ( 'NONE',  ( 1.000000000000000000, 0.0000000000000000000, 0.0000000000000000000 ) ) ;
#1612 = EDGE_CURVE ( 'NONE', #6569, #2400, #279, .T. ) ;
#1613 = PLANE ( 'NONE',  #9593 ) ;
#1614 = ORIENTED_EDGE ( 'NONE', *, *, #5562, .F. ) ;
#1615 = PRESENTATION_LAYER_ASSIGNMENT (  '', '', ( #4912 ) ) ;
#1616 = PLANE ( 'NONE',  #8220 ) ;
#1617 = ORIENTED_EDGE ( 'NONE', *, *, #10387, .F. ) ;
#1618 = ORIENTED_EDGE ( 'NONE', *, *, #5867, .F. ) ;
#1619 = EDGE_CURVE ( 'NONE', #2264, #8857, #3756, .T. ) ;
#1620 = DIRECTION ( 'NONE',  ( -0.0000000000000000000, -0.0000000000000000000, -1.000000000000000000 ) ) ;
#1621 = DIRECTION ( 'NONE',  ( -1.000000000000000000, -0.0000000000000000000, -0.0000000000000000000 ) ) ;
#1622 = LINE ( 'NONE', #22, #7385 ) ;
#1623 = ADVANCED_FACE ( 'NONE', ( #535 ), #160, .T. ) ;
#1624 = CARTESIAN_POINT ( 'NONE',  ( -0.1149999999999999600, 0.09076351822333045300, -0.2557592126802871200 ) ) ;
#1625 = ORIENTED_EDGE ( 'NONE', *, *, #5921, .T. ) ;
#1626 = CLOSED_SHELL ( 'NONE', ( #6073, #9985, #1886, #1564, #3232, #6297, #10493, #5335, #4980, #1606, #666, #9186, #7301, #10080 ) ) ;
#1627 = PLANE ( 'NONE',  #9180 ) ;
#1628 = ORIENTED_EDGE ( 'NONE', *, *, #6606, .F. ) ;
#1629 = ORIENTED_EDGE ( 'NONE', *, *, #8779, .T. ) ;
#1630 = AXIS2_PLACEMENT_3D ( 'NONE', #10789, #2149, #5622 ) ;
#1631 = CARTESIAN_POINT ( 'NONE',  ( 0.1850000000000000800, 0.09249999999999998500, 0.2399999999999999100 ) ) ;
#1632 =( GEOMETRIC_REPRESENTATION_CONTEXT ( 3 ) GLOBAL_UNCERTAINTY_ASSIGNED_CONTEXT ( ( #1957 ) ) GLOBAL_UNIT_ASSIGNED_CONTEXT ( ( #3227, #6696, #3267 ) ) REPRESENTATION_CONTEXT ( 'NONE', 'WORKASPACE' ) );
#1633 = EDGE_CURVE ( 'NONE', #1544, #2408, #4153, .T. ) ;
#1634 = EDGE_LOOP ( 'NONE', ( #257, #9684, #4160, #8589 ) ) ;
#1635 = DIRECTION ( 'NONE',  ( 1.000000000000000000, 0.0000000000000000000, 0.0000000000000000000 ) ) ;
#1636 = ORIENTED_EDGE ( 'NONE', *, *, #597, .F. ) ;
#1637 = ORIENTED_EDGE ( 'NONE', *, *, #501, .T. ) ;
#1638 = CARTESIAN_POINT ( 'NONE',  ( -0.1649999999999999800, 0.09249999999999998500, 0.2399999999999999100 ) ) ;
#1639 = EDGE_LOOP ( 'NONE', ( #9540, #6349, #6520, #2936 ) ) ;
#1640 = CARTESIAN_POINT ( 'NONE',  ( -0.1349999999999999500, -3.201384367575308500E-018, 0.3150000000000000600 ) ) ;
#1641 = APPLICATION_PROTOCOL_DEFINITION ( 'draft international standard', 'automotive_design', 1998, #522 ) ;
#1642 = CARTESIAN_POINT ( 'NONE',  ( -0.03499999999999993400, -2.411709556906732200E-016, -0.2819175359259424900 ) ) ;
#1643 = LINE ( 'NONE', #6319, #53 ) ;
#1644 = CYLINDRICAL_SURFACE ( 'NONE', #10194, 0.002101383127306358700 ) ;
#1645 = VECTOR ( 'NONE', #8317, 39.37007874015748900 ) ;
#1646 = AXIS2_PLACEMENT_3D ( 'NONE', #4556, #9692, #1859 ) ;
#1647 = CARTESIAN_POINT ( 'NONE',  ( 0.2650000000000000700, -2.411709556906732200E-016, -0.2819175359259424900 ) ) ;
#1648 = ORIENTED_EDGE ( 'NONE', *, *, #6326, .T. ) ;
#1649 = EDGE_CURVE ( 'NONE', #9895, #2093, #10636, .T. ) ;
#1650 = CARTESIAN_POINT ( 'NONE',  ( 0.2850000000000000900, 0.09076351822333045300, -0.2557592126802871200 ) ) ;
#1651 = CARTESIAN_POINT ( 'NONE',  ( 0.08500000000000004800, 0.01173648177666930000, -0.2798480775301220900 ) ) ;
#1652 = CYLINDRICAL_SURFACE ( 'NONE', #2415, 0.002101383127306358700 ) ;
#1653 = CARTESIAN_POINT ( 'NONE',  ( -0.2150000000000000000, 0.01000000000000000400, -0.2700000000000000200 ) ) ;
#1654 = DIRECTION ( 'NONE',  ( 0.0000000000000000000, -0.9848077530122082400, -0.1736481776669296100 ) ) ;
#1655 = ORIENTED_EDGE ( 'NONE', *, *, #3358, .F. ) ;
#1656 = VECTOR ( 'NONE', #2497, 39.37007874015748100 ) ;
#1657 = DIRECTION ( 'NONE',  ( -1.000000000000000000, -0.0000000000000000000, -0.0000000000000000000 ) ) ;
#1658 = DIRECTION ( 'NONE',  ( 0.0000000000000000000, 0.0000000000000000000, 1.000000000000000000 ) ) ;
#1659 = VECTOR ( 'NONE', #812, 39.37007874015748100 ) ;
#1660 = CARTESIAN_POINT ( 'NONE',  ( -0.1149999999999999600, 0.09249999999999977700, 0.2656072902104091900 ) ) ;
#1661 = EDGE_CURVE ( 'NONE', #9156, #10485, #3353, .T. ) ;
#1662 = CARTESIAN_POINT ( 'NONE',  ( -0.1149999999999999600, 0.09249999999999974900, -0.2656072902104091300 ) ) ;
#1663 = EDGE_LOOP ( 'NONE', ( #4392, #1216, #6237, #5111 ) ) ;
#1664 = DIRECTION ( 'NONE',  ( -1.000000000000000000, -0.0000000000000000000, -0.0000000000000000000 ) ) ;
#1665 = VECTOR ( 'NONE', #4747, 39.37007874015748900 ) ;
#1666 = EDGE_CURVE ( 'NONE', #7636, #489, #1465, .T. ) ;
#1667 = ADVANCED_FACE ( 'NONE', ( #6857 ), #1207, .F. ) ;
#1668 = FACE_OUTER_BOUND ( 'NONE', #11114, .T. ) ;
#1669 = VERTEX_POINT ( 'NONE', #7237 ) ;
#1670 = SURFACE_STYLE_USAGE ( .BOTH. , #7651 ) ;
#1671 = DIRECTION ( 'NONE',  ( -5.935182229736056100E-016, 0.03489949670250104600, -0.9993908270190957600 ) ) ;
#1672 = ORIENTED_EDGE ( 'NONE', *, *, #2265, .F. ) ;
#1673 = FACE_OUTER_BOUND ( 'NONE', #7894, .T. ) ;
#1674 = CARTESIAN_POINT ( 'NONE',  ( -0.1149999999999999600, 0.01000000000000000400, -0.2700000000000000200 ) ) ;
#1675 = DIRECTION ( 'NONE',  ( -1.000000000000000000, -0.0000000000000000000, -0.0000000000000000000 ) ) ;
#1676 = LINE ( 'NONE', #6820, #1017 ) ;
#1677 = ADVANCED_FACE ( 'NONE', ( #7664 ), #8881, .F. ) ;
#1678 = DIRECTION ( 'NONE',  ( -1.000000000000000000, -0.0000000000000000000, 0.0000000000000000000 ) ) ;
#1679 = EDGE_CURVE ( 'NONE', #4581, #2198, #2823, .T. ) ;
#1680 = ORIENTED_EDGE ( 'NONE', *, *, #8670, .T. ) ;
#1681 = EDGE_CURVE ( 'NONE', #9978, #6336, #5088, .T. ) ;
#1682 = VERTEX_POINT ( 'NONE', #2849 ) ;
#1683 = DIRECTION ( 'NONE',  ( -1.000000000000000000, -0.0000000000000000000, -0.0000000000000000000 ) ) ;
#1684 = LINE ( 'NONE', #6723, #8696 ) ;
#1685 = DIRECTION ( 'NONE',  ( 0.0000000000000000000, 0.0000000000000000000, -1.000000000000000000 ) ) ;
#1686 = CARTESIAN_POINT ( 'NONE',  ( 0.1850000000000000800, 0.009999999999999956800, -0.3150000000000000000 ) ) ;
#1687 = LINE ( 'NONE', #479, #2890 ) ;
#1688 = CARTESIAN_POINT ( 'NONE',  ( -0.2857222057372608100, 0.2249999999999998700, 0.2082222057372607700 ) ) ;
#1689 = DIRECTION ( 'NONE',  ( -1.000000000000000000, -0.0000000000000000000, -0.0000000000000000000 ) ) ;
#1690 = DIRECTION ( 'NONE',  ( -1.000000000000000000, -0.0000000000000000000, 0.0000000000000000000 ) ) ;
#1691 = DIRECTION ( 'NONE',  ( -1.000000000000000000, -0.0000000000000000000, -0.0000000000000000000 ) ) ;
#1692 = ORIENTED_EDGE ( 'NONE', *, *, #8175, .T. ) ;
#1693 = EDGE_LOOP ( 'NONE', ( #3085, #10301, #1725, #2969, #314, #3895, #5895, #10771, #9917, #9892, #2663, #6371 ) ) ;
#1694 = LINE ( 'NONE', #2370, #10593 ) ;
#1695 = VECTOR ( 'NONE', #86, 39.37007874015748100 ) ;
#1696 = AXIS2_PLACEMENT_3D ( 'NONE', #4142, #8558, #8447 ) ;
#1697 = CARTESIAN_POINT ( 'NONE',  ( -0.01499999999999994200, 0.1024999999999999800, 0.2399999999999999100 ) ) ;
#1698 = COLOUR_RGB ( '',0.7921568627450980000, 0.8196078431372548800, 0.9333333333333333500 ) ;
#1699 = EDGE_CURVE ( 'NONE', #1981, #7689, #3632, .T. ) ;
#1700 = ORIENTED_EDGE ( 'NONE', *, *, #8219, .T. ) ;
#1701 = LINE ( 'NONE', #5236, #7340 ) ;
#1702 = VERTEX_POINT ( 'NONE', #8839 ) ;
#1703 = COLOUR_RGB ( '',0.7921568627450980000, 0.8196078431372548800, 0.9333333333333333500 ) ;
#1704 = VECTOR ( 'NONE', #1101, 39.37007874015748100 ) ;
#1705 = CARTESIAN_POINT ( 'NONE',  ( -0.06499999999999996100, 0.09249999999999977700, 0.2656072902104091900 ) ) ;
#1706 = CARTESIAN_POINT ( 'NONE',  ( 0.1650000000000000900, 0.01173648177666930900, 0.2798480775301220900 ) ) ;
#1707 = DIRECTION ( 'NONE',  ( 0.0000000000000000000, 0.0000000000000000000, 1.000000000000000000 ) ) ;
#1708 = AXIS2_PLACEMENT_3D ( 'NONE', #7376, #6441, #2134 ) ;
#1709 = DIRECTION ( 'NONE',  ( 0.0000000000000000000, 0.1736481776669296100, -0.9848077530122082400 ) ) ;
#1710 = ORIENTED_EDGE ( 'NONE', *, *, #7435, .F. ) ;
#1711 = ORIENTED_EDGE ( 'NONE', *, *, #2094, .T. ) ;
#1712 = EDGE_CURVE ( 'NONE', #3209, #4965, #4558, .T. ) ;
#1713 = FACE_OUTER_BOUND ( 'NONE', #2689, .T. ) ;
#1714 = PLANE ( 'NONE',  #269 ) ;
#1715 = ORIENTED_EDGE ( 'NONE', *, *, #2831, .T. ) ;
#1716 = LINE ( 'NONE', #10183, #10616 ) ;
#1717 = FACE_OUTER_BOUND ( 'NONE', #1334, .T. ) ;
#1718 = ADVANCED_FACE ( 'NONE', ( #2269 ), #8913, .F. ) ;
#1719 = CARTESIAN_POINT ( 'NONE',  ( 0.03500000000000003800, 0.01210138312730608600, -0.2819175359259424300 ) ) ;
#1720 = CARTESIAN_POINT ( 'NONE',  ( -0.2650000000000000100, 0.009999999999999956800, -0.3150000000000000000 ) ) ;
#1721 = DIRECTION ( 'NONE',  ( -0.0000000000000000000, 0.9848077530122082400, -0.1736481776669296100 ) ) ;
#1722 = VERTEX_POINT ( 'NONE', #8980 ) ;
#1723 = ORIENTED_EDGE ( 'NONE', *, *, #7873, .T. ) ;
#1724 = CARTESIAN_POINT ( 'NONE',  ( 0.1850000000000000800, 0.09249999999999999900, -0.2536897542844667700 ) ) ;
#1725 = ORIENTED_EDGE ( 'NONE', *, *, #988, .T. ) ;
#1726 = LINE ( 'NONE', #1820, #5475 ) ;
#1727 = DIRECTION ( 'NONE',  ( -1.000000000000000000, 0.0000000000000000000, -0.0000000000000000000 ) ) ;
#1728 = EDGE_CURVE ( 'NONE', #10098, #2986, #9016, .T. ) ;
#1729 = AXIS2_PLACEMENT_3D ( 'NONE', #1803, #3454, #3534 ) ;
#1730 = ADVANCED_FACE ( 'NONE', ( #6999 ), #7167, .F. ) ;
#1731 = VERTEX_POINT ( 'NONE', #2813 ) ;
#1732 = ORIENTED_EDGE ( 'NONE', *, *, #5054, .F. ) ;
#1733 = SURFACE_STYLE_FILL_AREA ( #7962 ) ;
#1734 = EDGE_LOOP ( 'NONE', ( #8258, #7002, #6702, #617 ) ) ;
#1735 = CARTESIAN_POINT ( 'NONE',  ( -0.2150000000000000000, 0.009999999999999956800, -0.3150000000000000000 ) ) ;
#1736 = VECTOR ( 'NONE', #2061, 39.37007874015748900 ) ;
#1737 = DIRECTION ( 'NONE',  ( -1.000000000000000000, -0.0000000000000000000, 0.0000000000000000000 ) ) ;
#1738 = DIRECTION ( 'NONE',  ( -1.000000000000000000, -0.0000000000000000000, -0.0000000000000000000 ) ) ;
#1739 = ORIENTED_EDGE ( 'NONE', *, *, #5898, .T. ) ;
#1740 = CARTESIAN_POINT ( 'NONE',  ( -0.2150000000000000000, 0.1024999999999999900, 0.2536897542844667700 ) ) ;
#1741 = VERTEX_POINT ( 'NONE', #9711 ) ;
#1742 = EDGE_CURVE ( 'NONE', #884, #1335, #10239, .T. ) ;
#1743 = SURFACE_STYLE_FILL_AREA ( #2480 ) ;
#1744 = ORIENTED_EDGE ( 'NONE', *, *, #5024, .F. ) ;
#1745 = CARTESIAN_POINT ( 'NONE',  ( -0.08499999999999995100, 0.009999999999999993300, 0.3150000000000000000 ) ) ;
#1746 = EDGE_CURVE ( 'NONE', #914, #10783, #4819, .T. ) ;
#1747 = LINE ( 'NONE', #2357, #4308 ) ;
#1748 = CARTESIAN_POINT ( 'NONE',  ( -0.2150000000000000000, 0.009999999999999993300, 0.3150000000000000000 ) ) ;
#1749 = DIRECTION ( 'NONE',  ( 0.0000000000000000000, 0.0000000000000000000, 1.000000000000000000 ) ) ;
#1750 = ORIENTED_EDGE ( 'NONE', *, *, #881, .T. ) ;
#1751 = ORIENTED_EDGE ( 'NONE', *, *, #1430, .F. ) ;
#1752 = ORIENTED_EDGE ( 'NONE', *, *, #3786, .F. ) ;
#1753 = CARTESIAN_POINT ( 'NONE',  ( -0.2650000000000000100, 0.1024999999999999800, -0.2399999999999999100 ) ) ;
#1754 = CARTESIAN_POINT ( 'NONE',  ( -0.1349999999999999500, 0.1024999999999999800, -0.2399999999999999100 ) ) ;
#1755 = ORIENTED_EDGE ( 'NONE', *, *, #5254, .T. ) ;
#1756 = CARTESIAN_POINT ( 'NONE',  ( 0.08500000000000004800, 0.09249999999999998500, -0.2399999999999999100 ) ) ;
#1757 = CARTESIAN_POINT ( 'NONE',  ( 0.2350000000000000400, 0.09249999999999974900, -0.2656072902104091300 ) ) ;
#1758 = FACE_OUTER_BOUND ( 'NONE', #10495, .T. ) ;
#1759 = DIRECTION ( 'NONE',  ( -1.000000000000000000, -0.0000000000000000000, -0.0000000000000000000 ) ) ;
#1760 = DIRECTION ( 'NONE',  ( 0.0000000000000000000, -6.829619984160661400E-015, -1.000000000000000000 ) ) ;
#1761 = AXIS2_PLACEMENT_3D ( 'NONE', #12, #5993, #2579 ) ;
#1762 = ORIENTED_EDGE ( 'NONE', *, *, #5075, .T. ) ;
#1763 = EDGE_CURVE ( 'NONE', #1805, #6584, #2012, .T. ) ;
#1764 = VERTEX_POINT ( 'NONE', #1164 ) ;
#1765 = DIRECTION ( 'NONE',  ( 0.0000000000000000000, 1.000000000000000000, 0.0000000000000000000 ) ) ;
#1766 = DIRECTION ( 'NONE',  ( -1.000000000000000000, -0.0000000000000000000, -0.0000000000000000000 ) ) ;
#1767 = ORIENTED_EDGE ( 'NONE', *, *, #517, .T. ) ;
#1768 = DIRECTION ( 'NONE',  ( 0.0000000000000000000, -1.000000000000000000, 0.0000000000000000000 ) ) ;
#1769 = LINE ( 'NONE', #8516, #7682 ) ;
#1770 = DIRECTION ( 'NONE',  ( 0.0000000000000000000, 0.0000000000000000000, -1.000000000000000000 ) ) ;
#1771 = VECTOR ( 'NONE', #3066, 39.37007874015748100 ) ;
#1772 = DIRECTION ( 'NONE',  ( -1.000000000000000000, -0.0000000000000000000, 0.0000000000000000000 ) ) ;
#1773 = EDGE_LOOP ( 'NONE', ( #5972, #4169, #248, #4989 ) ) ;
#1774 = DIRECTION ( 'NONE',  ( 0.0000000000000000000, 7.225480511685028100E-015, 1.000000000000000000 ) ) ;
#1775 = DIRECTION ( 'NONE',  ( -0.0000000000000000000, -5.999729353452747400E-015, 1.000000000000000000 ) ) ;
#1776 = LENGTH_MEASURE_WITH_UNIT ( LENGTH_MEASURE( 0.02539999999999999900 ), #543 );
#1777 = FACE_OUTER_BOUND ( 'NONE', #7092, .T. ) ;
#1778 = DIMENSIONAL_EXPONENTS ( 1.000000000000000000, 0.0000000000000000000, 0.0000000000000000000, 0.0000000000000000000, 0.0000000000000000000, 0.0000000000000000000, 0.0000000000000000000 ) ;
#1779 = AXIS2_PLACEMENT_3D ( 'NONE', #6294, #7508, #8310 ) ;
#1780 = ORIENTED_EDGE ( 'NONE', *, *, #3157, .F. ) ;
#1781 = CARTESIAN_POINT ( 'NONE',  ( 0.2850000000000000900, 0.09249999999999977700, 0.2656072902104091900 ) ) ;
#1782 = AXIS2_PLACEMENT_3D ( 'NONE', #9876, #2160, #8177 ) ;
#1783 = EDGE_CURVE ( 'NONE', #9447, #1242, #6317, .T. ) ;
#1784 = CIRCLE ( 'NONE', #161, 0.002101383127306358700 ) ;
#1785 = CARTESIAN_POINT ( 'NONE',  ( 0.2350000000000000400, 0.01210138312730608600, -0.2819175359259424300 ) ) ;
#1786 = PLANE ( 'NONE',  #3587 ) ;
#1787 = LINE ( 'NONE', #894, #10681 ) ;
#1788 = DIRECTION ( 'NONE',  ( -1.000000000000000000, -0.0000000000000000000, -0.0000000000000000000 ) ) ;
#1789 = DIRECTION ( 'NONE',  ( 0.0000000000000000000, 7.225480511685028100E-015, 1.000000000000000000 ) ) ;
#1790 = ADVANCED_FACE ( 'NONE', ( #7114 ), #4638, .F. ) ;
#1791 = VECTOR ( 'NONE', #5192, 39.37007874015748900 ) ;
#1792 = ORIENTED_EDGE ( 'NONE', *, *, #6800, .F. ) ;
#1793 = CYLINDRICAL_SURFACE ( 'NONE', #3794, 0.01210138312730632000 ) ;
#1794 = EDGE_CURVE ( 'NONE', #7992, #10352, #9285, .T. ) ;
#1795 = AXIS2_PLACEMENT_3D ( 'NONE', #7458, #5721, #6550 ) ;
#1796 = ORIENTED_EDGE ( 'NONE', *, *, #10549, .T. ) ;
#1797 = EDGE_CURVE ( 'NONE', #5815, #8521, #6718, .T. ) ;
#1798 = CARTESIAN_POINT ( 'NONE',  ( -0.01499999999999994200, 0.09249999999999998500, 0.2399999999999999100 ) ) ;
#1799 = CARTESIAN_POINT ( 'NONE',  ( 0.1650000000000000900, 0.009999999999999753900, 0.2819175359259424300 ) ) ;
#1800 = CARTESIAN_POINT ( 'NONE',  ( 0.1150000000000000700, 0.1024999999999999800, -0.2399999999999999100 ) ) ;
#1801 = VECTOR ( 'NONE', #5827, 39.37007874015748100 ) ;
#1802 = DIRECTION ( 'NONE',  ( 0.0000000000000000000, -0.0000000000000000000, 1.000000000000000000 ) ) ;
#1803 = CARTESIAN_POINT ( 'NONE',  ( -0.08499999999999995100, 0.09039861687269366800, -0.2536897542844667700 ) ) ;
#1804 = DIRECTION ( 'NONE',  ( -0.0000000000000000000, 1.000000000000000000, 6.829619984160684300E-015 ) ) ;
#1805 = VERTEX_POINT ( 'NONE', #3887 ) ;
#1806 = LINE ( 'NONE', #6157, #5970 ) ;
#1807 = CIRCLE ( 'NONE', #662, 0.01210138312730635500 ) ;
#1808 = DIRECTION ( 'NONE',  ( -1.000000000000000000, -0.0000000000000000000, -0.0000000000000000000 ) ) ;
#1809 = CARTESIAN_POINT ( 'NONE',  ( -0.1349999999999999500, 0.009999999999999753900, 0.2819175359259424300 ) ) ;
#1810 = CARTESIAN_POINT ( 'NONE',  ( -0.2650000000000000100, 0.09039861687269366800, 0.2536897542844667700 ) ) ;
#1811 = ORIENTED_EDGE ( 'NONE', *, *, #10335, .T. ) ;
#1812 = EDGE_CURVE ( 'NONE', #4510, #10641, #8614, .T. ) ;
#1813 = AXIS2_PLACEMENT_3D ( 'NONE', #964, #8047, #8248 ) ;
#1814 = VERTEX_POINT ( 'NONE', #2955 ) ;
#1815 = MANIFOLD_SOLID_BREP ( 'Pin 20', #5022 ) ;
#1816 = FACE_OUTER_BOUND ( 'NONE', #9587, .T. ) ;
#1817 = LINE ( 'NONE', #2806, #10321 ) ;
#1818 = DIRECTION ( 'NONE',  ( 0.0000000000000000000, 0.0000000000000000000, 1.000000000000000000 ) ) ;
#1819 = ORIENTED_EDGE ( 'NONE', *, *, #3279, .F. ) ;
#1820 = CARTESIAN_POINT ( 'NONE',  ( -0.01499999999999994200, 0.09076351822333045300, 0.2557592126802870600 ) ) ;
#1821 = ORIENTED_EDGE ( 'NONE', *, *, #3231, .F. ) ;
#1822 = VERTEX_POINT ( 'NONE', #7418 ) ;
#1823 = DIRECTION ( 'NONE',  ( -1.000000000000000000, -0.0000000000000000000, -0.0000000000000000000 ) ) ;
#1824 = DIRECTION ( 'NONE',  ( -1.000000000000000000, -0.0000000000000000000, -0.0000000000000000000 ) ) ;
#1825 = VECTOR ( 'NONE', #7143, 39.37007874015748100 ) ;
#1826 = VECTOR ( 'NONE', #1264, 39.37007874015748100 ) ;
#1827 = VECTOR ( 'NONE', #1654, 39.37007874015748900 ) ;
#1828 = EDGE_CURVE ( 'NONE', #11051, #7979, #5079, .T. ) ;
#1829 = DIRECTION ( 'NONE',  ( 0.0000000000000000000, 0.0000000000000000000, 1.000000000000000000 ) ) ;
#1830 = AXIS2_PLACEMENT_3D ( 'NONE', #687, #7741, #5279 ) ;
#1831 = EDGE_CURVE ( 'NONE', #6962, #8162, #2403, .T. ) ;
#1832 = DIMENSIONAL_EXPONENTS ( 1.000000000000000000, 0.0000000000000000000, 0.0000000000000000000, 0.0000000000000000000, 0.0000000000000000000, 0.0000000000000000000, 0.0000000000000000000 ) ;
#1833 = ORIENTED_EDGE ( 'NONE', *, *, #2080, .T. ) ;
#1834 = DIRECTION ( 'NONE',  ( -0.0000000000000000000, 0.9848077530122082400, -0.1736481776669296100 ) ) ;
#1835 = CARTESIAN_POINT ( 'NONE',  ( -0.2857222057372608100, 0.09721825406947957900, 0.1807222057372607800 ) ) ;
#1836 = CARTESIAN_POINT ( 'NONE',  ( -0.06499999999999996100, 0.01210138312730608600, -0.2819175359259424300 ) ) ;
#1837 = ORIENTED_EDGE ( 'NONE', *, *, #9225, .F. ) ;
#1838 = LINE ( 'NONE', #6470, #8838 ) ;
#1839 = DIRECTION ( 'NONE',  ( 0.0000000000000000000, 0.0000000000000000000, 1.000000000000000000 ) ) ;
#1840 = VECTOR ( 'NONE', #4191, 39.37007874015748100 ) ;
#1841 = DIRECTION ( 'NONE',  ( -1.000000000000000000, -0.0000000000000000000, -0.0000000000000000000 ) ) ;
#1842 = LINE ( 'NONE', #4205, #4779 ) ;
#1843 = DIRECTION ( 'NONE',  ( -1.000000000000000000, -0.0000000000000000000, -0.0000000000000000000 ) ) ;
#1844 = AXIS2_PLACEMENT_3D ( 'NONE', #6534, #5592, #3109 ) ;
#1845 = ORIENTED_EDGE ( 'NONE', *, *, #6800, .T. ) ;
#1846 = ADVANCED_FACE ( 'NONE', ( #7510 ), #3063, .F. ) ;
#1847 = LINE ( 'NONE', #2164, #8444 ) ;
#1848 = VERTEX_POINT ( 'NONE', #1350 ) ;
#1849 = VECTOR ( 'NONE', #7373, 39.37007874015748900 ) ;
#1850 = EDGE_CURVE ( 'NONE', #1023, #1024, #2144, .T. ) ;
#1851 = CYLINDRICAL_SURFACE ( 'NONE', #9945, 0.01210138312730635500 ) ;
#1852 = CARTESIAN_POINT ( 'NONE',  ( -0.2849999999999999800, 0.09076351822333045300, 0.2557592126802870600 ) ) ;
#1853 = ORIENTED_EDGE ( 'NONE', *, *, #2455, .T. ) ;
#1854 = VERTEX_POINT ( 'NONE', #2203 ) ;
#1855 = LINE ( 'NONE', #6832, #2525 ) ;
#1856 = ORIENTED_EDGE ( 'NONE', *, *, #7205, .T. ) ;
#1857 = VECTOR ( 'NONE', #5263, 39.37007874015748100 ) ;
#1858 = CARTESIAN_POINT ( 'NONE',  ( 0.2850000000000000900, 0.009999999999999759100, -0.2819175359259424300 ) ) ;
#1859 = DIRECTION ( 'NONE',  ( 0.0000000000000000000, 0.0000000000000000000, -1.000000000000000000 ) ) ;
#1860 = PLANE ( 'NONE',  #5304 ) ;
#1861 = AXIS2_PLACEMENT_3D ( 'NONE', #10240, #10121, #10938 ) ;
#1862 = DIRECTION ( 'NONE',  ( -1.000000000000000000, -0.0000000000000000000, -0.0000000000000000000 ) ) ;
#1863 = EDGE_CURVE ( 'NONE', #2104, #9821, #9557, .T. ) ;
#1864 = CARTESIAN_POINT ( 'NONE',  ( 0.01500000000000004500, 0.09039861687269366800, 0.2536897542844667700 ) ) ;
#1865 = AXIS2_PLACEMENT_3D ( 'NONE', #6708, #3323, #5751 ) ;
#1866 = VERTEX_POINT ( 'NONE', #9965 ) ;
#1867 = ORIENTED_EDGE ( 'NONE', *, *, #10251, .F. ) ;
#1868 = SURFACE_STYLE_FILL_AREA ( #668 ) ;
#1869 = DIRECTION ( 'NONE',  ( -0.0000000000000000000, 1.000000000000000000, 6.829619984160684300E-015 ) ) ;
#1870 = CIRCLE ( 'NONE', #9796, 0.01210138312730632000 ) ;
#1871 = CARTESIAN_POINT ( 'NONE',  ( 0.2150000000000000500, 0.01210138312730608600, 0.2819175359259424300 ) ) ;
#1872 = DIRECTION ( 'NONE',  ( 1.000000000000000000, 0.0000000000000000000, -0.0000000000000000000 ) ) ;
#1873 = PLANE ( 'NONE',  #2721 ) ;
#1874 = DIRECTION ( 'NONE',  ( 0.0000000000000000000, 1.000000000000000000, 0.0000000000000000000 ) ) ;
#1875 = ORIENTED_EDGE ( 'NONE', *, *, #8084, .T. ) ;
#1876 = VERTEX_POINT ( 'NONE', #2237 ) ;
#1877 = EDGE_CURVE ( 'NONE', #3106, #138, #7652, .T. ) ;
#1878 = CARTESIAN_POINT ( 'NONE',  ( 0.1350000000000000600, 0.09249999999999974900, -0.2656072902104091300 ) ) ;
#1879 = EDGE_CURVE ( 'NONE', #8162, #7636, #1870, .T. ) ;
#1880 = VECTOR ( 'NONE', #9791, 39.37007874015748100 ) ;
#1881 = AXIS2_PLACEMENT_3D ( 'NONE', #848, #5072, #8556 ) ;
#1882 = EDGE_LOOP ( 'NONE', ( #11036, #1585, #9554, #10065 ) ) ;
#1883 = CARTESIAN_POINT ( 'NONE',  ( -0.2857222057372608100, 0.2249999999999998700, 0.2082222057372607700 ) ) ;
#1884 = ORIENTED_EDGE ( 'NONE', *, *, #9700, .T. ) ;
#1885 = ORIENTED_EDGE ( 'NONE', *, *, #10579, .F. ) ;
#1886 = ADVANCED_FACE ( 'NONE', ( #6169 ), #10502, .T. ) ;
#1887 = EDGE_LOOP ( 'NONE', ( #4608, #11112, #10442, #3438 ) ) ;
#1888 = LINE ( 'NONE', #10976, #10912 ) ;
#1889 = CARTESIAN_POINT ( 'NONE',  ( -0.2849999999999999800, -3.201384367575308500E-018, -0.3150000000000000600 ) ) ;
#1890 = LINE ( 'NONE', #9061, #3509 ) ;
#1891 = EDGE_CURVE ( 'NONE', #2667, #10249, #661, .T. ) ;
#1892 = ORIENTED_EDGE ( 'NONE', *, *, #4316, .T. ) ;
#1893 = EDGE_LOOP ( 'NONE', ( #6184, #5464, #10931, #2728 ) ) ;
#1894 = STYLED_ITEM ( 'NONE', ( #8101 ), #5249 ) ;
#1895 = DIRECTION ( 'NONE',  ( 0.0000000000000000000, 7.193223902257864100E-015, 1.000000000000000000 ) ) ;
#1896 = DIRECTION ( 'NONE',  ( -1.000000000000000000, -0.0000000000000000000, -0.0000000000000000000 ) ) ;
#1897 = ORIENTED_EDGE ( 'NONE', *, *, #7607, .F. ) ;
#1898 = EDGE_LOOP ( 'NONE', ( #9214, #6050 ) ) ;
#1899 = DIRECTION ( 'NONE',  ( 0.0000000000000000000, 7.193223902257864100E-015, 1.000000000000000000 ) ) ;
#1900 = EDGE_CURVE ( 'NONE', #10979, #8743, #7245, .T. ) ;
#1901 = LINE ( 'NONE', #10408, #8223 ) ;
#1902 = ADVANCED_FACE ( 'NONE', ( #2677 ), #452, .F. ) ;
#1903 = CARTESIAN_POINT ( 'NONE',  ( -0.1849999999999999700, 0.009999999999999993300, 0.3150000000000000000 ) ) ;
#1904 = VECTOR ( 'NONE', #7733, 39.37007874015748100 ) ;
#1905 = CARTESIAN_POINT ( 'NONE',  ( 0.06500000000000005800, 0.009999999999999753900, 0.2819175359259424300 ) ) ;
#1906 = ORIENTED_EDGE ( 'NONE', *, *, #2705, .F. ) ;
#1907 = VECTOR ( 'NONE', #9867, 39.37007874015748100 ) ;
#1908 = ORIENTED_EDGE ( 'NONE', *, *, #7058, .F. ) ;
#1909 = ORIENTED_EDGE ( 'NONE', *, *, #6397, .T. ) ;
#1910 = DIRECTION ( 'NONE',  ( 0.0000000000000000000, 0.0000000000000000000, -1.000000000000000000 ) ) ;
#1911 = ORIENTED_EDGE ( 'NONE', *, *, #1178, .F. ) ;
#1912 = AXIS2_PLACEMENT_3D ( 'NONE', #3490, #8572, #11126 ) ;
#1913 = CARTESIAN_POINT ( 'NONE',  ( 0.08500000000000004800, 0.09039861687269366800, -0.2536897542844667700 ) ) ;
#1914 = FACE_OUTER_BOUND ( 'NONE', #3643, .T. ) ;
#1915 = EDGE_CURVE ( 'NONE', #6425, #2130, #3203, .T. ) ;
#1916 = ADVANCED_FACE ( 'NONE', ( #4808 ), #1484, .F. ) ;
#1917 = CARTESIAN_POINT ( 'NONE',  ( -0.1349999999999999500, 0.09249999999999977700, 0.2656072902104091900 ) ) ;
#1918 = LINE ( 'NONE', #4264, #6760 ) ;
#1919 = VECTOR ( 'NONE', #3224, 39.37007874015748100 ) ;
#1920 = ORIENTED_EDGE ( 'NONE', *, *, #8597, .T. ) ;
#1921 = FACE_OUTER_BOUND ( 'NONE', #5930, .T. ) ;
#1922 = FILL_AREA_STYLE ('',( #284 ) ) ;
#1923 = ORIENTED_EDGE ( 'NONE', *, *, #7004, .T. ) ;
#1924 = LINE ( 'NONE', #8488, #9612 ) ;
#1925 = LENGTH_MEASURE_WITH_UNIT ( LENGTH_MEASURE( 0.02539999999999999900 ), #10962 );
#1926 = CARTESIAN_POINT ( 'NONE',  ( -0.3449999999999997500, 0.1024999999999999800, 0.2399999999999999100 ) ) ;
#1927 = AXIS2_PLACEMENT_3D ( 'NONE', #6993, #3565, #1090 ) ;
#1928 = EDGE_CURVE ( 'NONE', #6499, #7557, #3872, .T. ) ;
#1929 = ORIENTED_EDGE ( 'NONE', *, *, #5445, .T. ) ;
#1930 = PLANE ( 'NONE',  #2013 ) ;
#1931 = DIRECTION ( 'NONE',  ( 0.0000000000000000000, 0.0000000000000000000, 1.000000000000000000 ) ) ;
#1932 = ORIENTED_EDGE ( 'NONE', *, *, #3818, .T. ) ;
#1933 = LINE ( 'NONE', #7492, #4484 ) ;
#1934 = PLANE ( 'NONE',  #6257 ) ;
#1935 = CARTESIAN_POINT ( 'NONE',  ( -0.2650000000000000100, 0.09249999999999998500, 0.2536897542844667700 ) ) ;
#1936 = PLANE ( 'NONE',  #10466 ) ;
#1937 = DIRECTION ( 'NONE',  ( -1.000000000000000000, -0.0000000000000000000, -0.0000000000000000000 ) ) ;
#1938 = LINE ( 'NONE', #8118, #9878 ) ;
#1939 = CARTESIAN_POINT ( 'NONE',  ( -0.2349999999999999900, 0.009999999999999759100, -0.2819175359259424300 ) ) ;
#1940 = DIRECTION ( 'NONE',  ( -1.000000000000000000, -0.0000000000000000000, -0.0000000000000000000 ) ) ;
#1941 = ORIENTED_EDGE ( 'NONE', *, *, #4948, .F. ) ;
#1942 = DIMENSIONAL_EXPONENTS ( 1.000000000000000000, 0.0000000000000000000, 0.0000000000000000000, 0.0000000000000000000, 0.0000000000000000000, 0.0000000000000000000, 0.0000000000000000000 ) ;
#1943 = ORIENTED_EDGE ( 'NONE', *, *, #1108, .T. ) ;
#1944 = DIRECTION ( 'NONE',  ( 0.0000000000000000000, 7.193223902257864100E-015, -1.000000000000000000 ) ) ;
#1945 = LINE ( 'NONE', #7701, #2482 ) ;
#1946 = EDGE_CURVE ( 'NONE', #10909, #1669, #404, .T. ) ;
#1947 = AXIS2_PLACEMENT_3D ( 'NONE', #3404, #5990, #3367 ) ;
#1948 = DIRECTION ( 'NONE',  ( -1.000000000000000000, -0.0000000000000000000, -0.0000000000000000000 ) ) ;
#1949 = PLANE ( 'NONE',  #9439 ) ;
#1950 = CYLINDRICAL_SURFACE ( 'NONE', #4101, 0.002101383127306324400 ) ;
#1951 = DIRECTION ( 'NONE',  ( 1.000000000000000000, 0.0000000000000000000, -0.0000000000000000000 ) ) ;
#1952 = CARTESIAN_POINT ( 'NONE',  ( -0.2650000000000000100, 0.1024999999999999800, -0.2399999999999999100 ) ) ;
#1953 = DIRECTION ( 'NONE',  ( -1.000000000000000000, -0.0000000000000000000, -0.0000000000000000000 ) ) ;
#1954 = CARTESIAN_POINT ( 'NONE',  ( 0.1850000000000000800, -3.201384367575308500E-018, 0.3150000000000000600 ) ) ;
#1955 = ORIENTED_EDGE ( 'NONE', *, *, #5849, .T. ) ;
#1956 = ORIENTED_EDGE ( 'NONE', *, *, #8422, .T. ) ;
#1957 = UNCERTAINTY_MEASURE_WITH_UNIT (LENGTH_MEASURE( 1.000000000000000100E-005 ), #3227, 'distance_accuracy_value', 'NONE');
#1958 = LINE ( 'NONE', #8515, #8555 ) ;
#1959 = ADVANCED_FACE ( 'NONE', ( #7365 ), #1601, .F. ) ;
#1960 = CIRCLE ( 'NONE', #8598, 0.002101383127306358700 ) ;
#1961 = CARTESIAN_POINT ( 'NONE',  ( -0.1149999999999999600, 0.01210138312730608600, 0.2819175359259424300 ) ) ;
#1962 = CARTESIAN_POINT ( 'NONE',  ( -0.1849999999999999700, 0.01173648177666930900, 0.2798480775301220900 ) ) ;
#1963 = EDGE_CURVE ( 'NONE', #4360, #1595, #2536, .T. ) ;
#1964 = ORIENTED_EDGE ( 'NONE', *, *, #9961, .T. ) ;
#1965 = VERTEX_POINT ( 'NONE', #2340 ) ;
#1966 = EDGE_CURVE ( 'NONE', #9010, #2451, #6987, .T. ) ;
#1967 = DIRECTION ( 'NONE',  ( 0.0000000000000000000, -1.000000000000000000, 6.829619984160659800E-015 ) ) ;
#1968 = VERTEX_POINT ( 'NONE', #6667 ) ;
#1969 = VECTOR ( 'NONE', #2651, 39.37007874015748100 ) ;
#1970 = CIRCLE ( 'NONE', #9753, 0.01210138312730635500 ) ;
#1971 = CARTESIAN_POINT ( 'NONE',  ( -0.06499999999999996100, 0.09076351822333045300, -0.2557592126802871200 ) ) ;
#1972 = DIRECTION ( 'NONE',  ( -1.000000000000000000, -0.0000000000000000000, 0.0000000000000000000 ) ) ;
#1973 = CARTESIAN_POINT ( 'NONE',  ( -0.3449999999999997500, 0.1024999999999999800, 0.2399999999999999100 ) ) ;
#1974 = PLANE ( 'NONE',  #147 ) ;
#1975 = PLANE ( 'NONE',  #1813 ) ;
#1976 = CARTESIAN_POINT ( 'NONE',  ( -0.08499999999999995100, 0.09076351822333045300, 0.2557592126802871200 ) ) ;
#1977 = ORIENTED_EDGE ( 'NONE', *, *, #5796, .F. ) ;
#1978 = VECTOR ( 'NONE', #4464, 39.37007874015748100 ) ;
#1979 = ORIENTED_EDGE ( 'NONE', *, *, #2601, .T. ) ;
#1980 = CARTESIAN_POINT ( 'NONE',  ( 0.2850000000000000900, 0.09249999999999998500, 0.2536897542844667700 ) ) ;
#1981 = VERTEX_POINT ( 'NONE', #11081 ) ;
#1982 = VECTOR ( 'NONE', #2871, 39.37007874015748100 ) ;
#1983 = FACE_OUTER_BOUND ( 'NONE', #2390, .T. ) ;
#1984 = EDGE_CURVE ( 'NONE', #694, #7440, #10086, .T. ) ;
#1985 = CARTESIAN_POINT ( 'NONE',  ( 0.1350000000000000600, 0.09039861687269366800, -0.2536897542844667700 ) ) ;
#1986 = DIRECTION ( 'NONE',  ( -1.000000000000000000, -0.0000000000000000000, -0.0000000000000000000 ) ) ;
#1987 = ORIENTED_EDGE ( 'NONE', *, *, #9462, .F. ) ;
#1988 = VERTEX_POINT ( 'NONE', #3163 ) ;
#1989 = CARTESIAN_POINT ( 'NONE',  ( 0.2850000000000000900, 0.09249999999999999900, -0.2536897542844667700 ) ) ;
#1990 = FACE_OUTER_BOUND ( 'NONE', #1882, .T. ) ;
#1991 = ORIENTED_EDGE ( 'NONE', *, *, #2214, .T. ) ;
#1992 = DIRECTION ( 'NONE',  ( 0.0000000000000000000, 0.0000000000000000000, -1.000000000000000000 ) ) ;
#1993 = CYLINDRICAL_SURFACE ( 'NONE', #8841, 0.002101383127306358700 ) ;
#1994 = CYLINDRICAL_SURFACE ( 'NONE', #7193, 0.01210138312730635500 ) ;
#1995 = DIRECTION ( 'NONE',  ( 0.0000000000000000000, 0.0000000000000000000, 1.000000000000000000 ) ) ;
#1996 = AXIS2_PLACEMENT_3D ( 'NONE', #4953, #3292, #5018 ) ;
#1997 = AXIS2_PLACEMENT_3D ( 'NONE', #4406, #959, #5148 ) ;
#1998 = ORIENTED_EDGE ( 'NONE', *, *, #10888, .T. ) ;
#1999 = ORIENTED_EDGE ( 'NONE', *, *, #5146, .F. ) ;
#2000 = ORIENTED_EDGE ( 'NONE', *, *, #9478, .F. ) ;
#2001 = EDGE_CURVE ( 'NONE', #6829, #11006, #5749, .T. ) ;
#2002 = DIRECTION ( 'NONE',  ( 0.0000000000000000000, -0.9848077530122082400, -0.1736481776669296100 ) ) ;
#2003 = ORIENTED_EDGE ( 'NONE', *, *, #2852, .T. ) ;
#2004 = LINE ( 'NONE', #10489, #1857 ) ;
#2005 = DIRECTION ( 'NONE',  ( -0.0000000000000000000, 1.000000000000000000, 6.829619984160684300E-015 ) ) ;
#2006 = ORIENTED_EDGE ( 'NONE', *, *, #5176, .F. ) ;
#2007 = EDGE_LOOP ( 'NONE', ( #9570, #8886, #7122, #10738 ) ) ;
#2008 = VECTOR ( 'NONE', #1021, 39.37007874015748100 ) ;
#2009 = SURFACE_SIDE_STYLE ('',( #4606 ) ) ;
#2010 = CARTESIAN_POINT ( 'NONE',  ( -0.1849999999999999700, 0.09039861687269366800, 0.2536897542844667700 ) ) ;
#2011 = CARTESIAN_POINT ( 'NONE',  ( -0.2650000000000000100, 0.009999999999999993300, 0.3150000000000000000 ) ) ;
#2012 = LINE ( 'NONE', #7200, #1736 ) ;
#2013 = AXIS2_PLACEMENT_3D ( 'NONE', #8013, #4555, #3734 ) ;
#2014 = CARTESIAN_POINT ( 'NONE',  ( -0.1149999999999999600, 0.1024999999999999800, -0.2536897542844667700 ) ) ;
#2015 = DIRECTION ( 'NONE',  ( 0.0000000000000000000, -0.0000000000000000000, 1.000000000000000000 ) ) ;
#2016 = CARTESIAN_POINT ( 'NONE',  ( 0.08500000000000004800, 0.01000000000000000000, 0.2699999999999999600 ) ) ;
#2017 = EDGE_CURVE ( 'NONE', #6964, #7349, #9417, .T. ) ;
#2018 = ADVANCED_FACE ( 'NONE', ( #7795 ), #7107, .F. ) ;
#2019 = DIRECTION ( 'NONE',  ( 0.0000000000000000000, 7.193223902257864100E-015, -1.000000000000000000 ) ) ;
#2020 = DIRECTION ( 'NONE',  ( 1.000000000000000000, 0.0000000000000000000, -0.0000000000000000000 ) ) ;
#2021 = EDGE_LOOP ( 'NONE', ( #3270, #7229, #10217, #1884 ) ) ;
#2022 = EDGE_LOOP ( 'NONE', ( #6554, #9027, #7039, #8001 ) ) ;
#2023 = VECTOR ( 'NONE', #3904, 39.37007874015748100 ) ;
#2024 = VECTOR ( 'NONE', #6640, 39.37007874015748100 ) ;
#2025 = CARTESIAN_POINT ( 'NONE',  ( 0.08500000000000004800, 0.1024999999999999800, -0.2399999999999999100 ) ) ;
#2026 = DIRECTION ( 'NONE',  ( -0.0000000000000000000, -0.0000000000000000000, 1.000000000000000000 ) ) ;
#2027 = CARTESIAN_POINT ( 'NONE',  ( 0.2850000000000000900, 0.1024999999999999800, -0.2399999999999999100 ) ) ;
#2028 = ORIENTED_EDGE ( 'NONE', *, *, #5500, .F. ) ;
#2029 = EDGE_CURVE ( 'NONE', #9895, #295, #3623, .T. ) ;
#2030 = CARTESIAN_POINT ( 'NONE',  ( 0.2650000000000000700, 0.009999999999999956800, -0.3150000000000000000 ) ) ;
#2031 = ORIENTED_EDGE ( 'NONE', *, *, #6475, .F. ) ;
#2032 = ORIENTED_EDGE ( 'NONE', *, *, #5664, .F. ) ;
#2033 = EDGE_CURVE ( 'NONE', #3513, #9957, #9686, .T. ) ;
#2034 = VERTEX_POINT ( 'NONE', #7612 ) ;
#2035 = PRESENTATION_LAYER_ASSIGNMENT (  '', '', ( #8813 ) ) ;
#2036 = FACE_OUTER_BOUND ( 'NONE', #6081, .T. ) ;
#2037 = ORIENTED_EDGE ( 'NONE', *, *, #11058, .F. ) ;
#2038 = FACE_OUTER_BOUND ( 'NONE', #1560, .T. ) ;
#2039 = ORIENTED_EDGE ( 'NONE', *, *, #2214, .F. ) ;
#2040 = CARTESIAN_POINT ( 'NONE',  ( -0.1849999999999999700, 0.09039861687269366800, 0.2536897542844667700 ) ) ;
#2041 =( NAMED_UNIT ( * ) PLANE_ANGLE_UNIT ( ) SI_UNIT ( $, .RADIAN. ) );
#2042 = ORIENTED_EDGE ( 'NONE', *, *, #9842, .T. ) ;
#2043 = VERTEX_POINT ( 'NONE', #7655 ) ;
#2044 = EDGE_LOOP ( 'NONE', ( #7764, #7104, #6456, #6022 ) ) ;
#2045 = DIRECTION ( 'NONE',  ( -1.000000000000000000, -0.0000000000000000000, -0.0000000000000000000 ) ) ;
#2046 = CYLINDRICAL_SURFACE ( 'NONE', #90, 0.01210138312730635500 ) ;
#2047 = EDGE_CURVE ( 'NONE', #8919, #10630, #10227, .T. ) ;
#2048 = CARTESIAN_POINT ( 'NONE',  ( -0.01499999999999994200, 0.09249999999999998500, -0.2399999999999999100 ) ) ;
#2049 = EDGE_CURVE ( 'NONE', #6875, #7952, #1339, .T. ) ;
#2050 = VECTOR ( 'NONE', #4132, 39.37007874015748100 ) ;
#2051 = ORIENTED_EDGE ( 'NONE', *, *, #349, .T. ) ;
#2052 = CARTESIAN_POINT ( 'NONE',  ( 0.2850000000000000900, 0.09076351822333045300, 0.2557592126802871200 ) ) ;
#2053 = CARTESIAN_POINT ( 'NONE',  ( -0.01499999999999994200, 0.09249999999999974900, -0.2656072902104091300 ) ) ;
#2054 = DIRECTION ( 'NONE',  ( 0.0000000000000000000, -0.1736481776669296100, -0.9848077530122082400 ) ) ;
#2055 = ORIENTED_EDGE ( 'NONE', *, *, #8079, .T. ) ;
#2056 = FILL_AREA_STYLE ('',( #6255 ) ) ;
#2057 = DIRECTION ( 'NONE',  ( 0.0000000000000000000, 0.0000000000000000000, -1.000000000000000000 ) ) ;
#2058 = CARTESIAN_POINT ( 'NONE',  ( -0.01499999999999994200, 0.01210138312730608600, 0.2819175359259424300 ) ) ;
#2059 = LINE ( 'NONE', #7763, #10936 ) ;
#2060 = CARTESIAN_POINT ( 'NONE',  ( -0.03499999999999993400, 0.01210138312730608600, 0.2819175359259424300 ) ) ;
#2061 = DIRECTION ( 'NONE',  ( -0.0000000000000000000, 0.9848077530122082400, -0.1736481776669296100 ) ) ;
#2062 = LINE ( 'NONE', #4620, #5144 ) ;
#2063 = DIRECTION ( 'NONE',  ( 0.0000000000000000000, 7.193223902257864100E-015, 1.000000000000000000 ) ) ;
#2064 = EDGE_CURVE ( 'NONE', #4754, #1722, #4685, .T. ) ;
#2065 = DIRECTION ( 'NONE',  ( -1.000000000000000000, -0.0000000000000000000, -0.0000000000000000000 ) ) ;
#2066 = ORIENTED_EDGE ( 'NONE', *, *, #6736, .T. ) ;
#2067 = COLOUR_RGB ( '',0.7921568627450980000, 0.8196078431372548800, 0.9333333333333333500 ) ;
#2068 = PLANE ( 'NONE',  #5469 ) ;
#2069 = ORIENTED_EDGE ( 'NONE', *, *, #9652, .T. ) ;
#2070 = VECTOR ( 'NONE', #8035, 39.37007874015748100 ) ;
#2071 = ADVANCED_FACE ( 'NONE', ( #5616 ), #10272, .F. ) ;
#2072 = DIRECTION ( 'NONE',  ( 0.0000000000000000000, 0.0000000000000000000, 1.000000000000000000 ) ) ;
#2073 = DIRECTION ( 'NONE',  ( 0.0000000000000000000, 0.0000000000000000000, 1.000000000000000000 ) ) ;
#2074 = LINE ( 'NONE', #8525, #4210 ) ;
#2075 = ORIENTED_EDGE ( 'NONE', *, *, #6344, .F. ) ;
#2076 = VECTOR ( 'NONE', #1161, 39.37007874015748100 ) ;
#2077 = MECHANICAL_DESIGN_GEOMETRIC_PRESENTATION_REPRESENTATION (  '', ( #499 ), #6248 ) ;
#2078 = FILL_AREA_STYLE_COLOUR ( '', #898 ) ;
#2079 = VECTOR ( 'NONE', #1558, 39.37007874015748100 ) ;
#2080 = EDGE_CURVE ( 'NONE', #3325, #5388, #2809, .T. ) ;
#2081 = AXIS2_PLACEMENT_3D ( 'NONE', #10864, #906, #5171 ) ;
#2082 = CARTESIAN_POINT ( 'NONE',  ( 0.2350000000000000400, 0.09249999999999999900, -0.2536897542844667700 ) ) ;
#2083 = DIRECTION ( 'NONE',  ( 0.0000000000000000000, 1.000000000000000000, -7.193223902257864100E-015 ) ) ;
#2084 = VERTEX_POINT ( 'NONE', #2612 ) ;
#2085 = DIRECTION ( 'NONE',  ( -0.0000000000000000000, 0.1736481776669296100, 0.9848077530122082400 ) ) ;
#2086 = ORIENTED_EDGE ( 'NONE', *, *, #1812, .F. ) ;
#2087 = DIRECTION ( 'NONE',  ( -0.0000000000000000000, -0.0000000000000000000, -1.000000000000000000 ) ) ;
#2088 = ORIENTED_EDGE ( 'NONE', *, *, #112, .F. ) ;
#2089 = CARTESIAN_POINT ( 'NONE',  ( -0.01499999999999994200, 0.009999999999999956800, -0.3150000000000000000 ) ) ;
#2090 = CARTESIAN_POINT ( 'NONE',  ( -0.2150000000000000000, 0.01210138312730608600, -0.2819175359259424300 ) ) ;
#2091 = VECTOR ( 'NONE', #633, 39.37007874015748100 ) ;
#2092 = CIRCLE ( 'NONE', #2457, 0.002101383127306358700 ) ;
#2093 = VERTEX_POINT ( 'NONE', #48 ) ;
#2094 = EDGE_CURVE ( 'NONE', #9411, #6569, #1068, .T. ) ;
#2095 = ORIENTED_EDGE ( 'NONE', *, *, #8219, .F. ) ;
#2096 =( NAMED_UNIT ( * ) PLANE_ANGLE_UNIT ( ) SI_UNIT ( $, .RADIAN. ) );
#2097 = ORIENTED_EDGE ( 'NONE', *, *, #5988, .T. ) ;
#2098 = VECTOR ( 'NONE', #3505, 39.37007874015748900 ) ;
#2099 = DIRECTION ( 'NONE',  ( 0.0000000000000000000, 0.0000000000000000000, -1.000000000000000000 ) ) ;
#2100 = LINE ( 'NONE', #8960, #1826 ) ;
#2101 = DIRECTION ( 'NONE',  ( 0.0000000000000000000, 0.0000000000000000000, -1.000000000000000000 ) ) ;
#2102 = VECTOR ( 'NONE', #10246, 39.37007874015748100 ) ;
#2103 = DIRECTION ( 'NONE',  ( 0.9993908270190957600, -0.03489949670250104600, -2.843941485081860400E-016 ) ) ;
#2104 = VERTEX_POINT ( 'NONE', #8647 ) ;
#2105 = VECTOR ( 'NONE', #10277, 39.37007874015748100 ) ;
#2106 = ORIENTED_EDGE ( 'NONE', *, *, #6129, .T. ) ;
#2107 = LINE ( 'NONE', #1754, #11118 ) ;
#2108 = CARTESIAN_POINT ( 'NONE',  ( -0.2650000000000000100, 0.09249999999999977700, 0.2656072902104091900 ) ) ;
#2109 = DIRECTION ( 'NONE',  ( -0.0000000000000000000, 1.000000000000000000, -0.0000000000000000000 ) ) ;
#2110 = VECTOR ( 'NONE', #3612, 39.37007874015748100 ) ;
#2111 = EDGE_CURVE ( 'NONE', #1455, #9202, #9951, .T. ) ;
#2112 = AXIS2_PLACEMENT_3D ( 'NONE', #6981, #8792, #5340 ) ;
#2113 = EDGE_CURVE ( 'NONE', #267, #7850, #3610, .T. ) ;
#2114 = CARTESIAN_POINT ( 'NONE',  ( -0.2150000000000000000, 0.09249999999999998500, -0.2399999999999999100 ) ) ;
#2115 = VERTEX_POINT ( 'NONE', #4341 ) ;
#2116 = LINE ( 'NONE', #9994, #3461 ) ;
#2117 = EDGE_LOOP ( 'NONE', ( #5621, #4323, #10155, #3144 ) ) ;
#2118 = VERTEX_POINT ( 'NONE', #6867 ) ;
#2119 = CIRCLE ( 'NONE', #9995, 0.002101383127306358700 ) ;
#2120 = VECTOR ( 'NONE', #4580, 39.37007874015748100 ) ;
#2121 = ORIENTED_EDGE ( 'NONE', *, *, #1984, .F. ) ;
#2122 =( NAMED_UNIT ( * ) SI_UNIT ( $, .STERADIAN. ) SOLID_ANGLE_UNIT ( ) );
#2123 = CARTESIAN_POINT ( 'NONE',  ( -0.03499999999999993400, 0.1024999999999999900, 0.2536897542844667700 ) ) ;
#2124 = ADVANCED_FACE ( 'NONE', ( #2259 ), #9267, .F. ) ;
#2125 = DIRECTION ( 'NONE',  ( 0.0000000000000000000, 7.193223902257864100E-015, -1.000000000000000000 ) ) ;
#2126 = ORIENTED_EDGE ( 'NONE', *, *, #9012, .T. ) ;
#2127 = VERTEX_POINT ( 'NONE', #4376 ) ;
#2128 = VECTOR ( 'NONE', #9362, 39.37007874015748100 ) ;
#2129 = CARTESIAN_POINT ( 'NONE',  ( -0.06499999999999996100, 0.1024999999999999800, -0.2536897542844667700 ) ) ;
#2130 = VERTEX_POINT ( 'NONE', #6030 ) ;
#2131 = EDGE_CURVE ( 'NONE', #9411, #7198, #143, .T. ) ;
#2132 = CIRCLE ( 'NONE', #5454, 0.002101383127306358700 ) ;
#2133 = CARTESIAN_POINT ( 'NONE',  ( -0.01499999999999994200, 0.09039861687269366800, -0.2536897542844667700 ) ) ;
#2134 = DIRECTION ( 'NONE',  ( 0.0000000000000000000, 0.0000000000000000000, 1.000000000000000000 ) ) ;
#2135 = CARTESIAN_POINT ( 'NONE',  ( -0.06499999999999996100, 0.09249999999999974900, -0.2656072902104091300 ) ) ;
#2136 = CARTESIAN_POINT ( 'NONE',  ( 0.08500000000000004800, 0.01210138312730608600, 0.2819175359259424300 ) ) ;
#2137 = DIRECTION ( 'NONE',  ( -1.000000000000000000, 0.0000000000000000000, -0.0000000000000000000 ) ) ;
#2138 = ORIENTED_EDGE ( 'NONE', *, *, #8819, .T. ) ;
#2139 = ORIENTED_EDGE ( 'NONE', *, *, #10567, .T. ) ;
#2140 = ADVANCED_FACE ( 'NONE', ( #7501, #4414 ), #6903, .T. ) ;
#2142 = VECTOR ( 'NONE', #8339, 39.37007874015748100 ) ;
#2141 = DIRECTION ( 'NONE',  ( 0.0000000000000000000, -6.829619984160661400E-015, -1.000000000000000000 ) ) ;
#2143 = VERTEX_POINT ( 'NONE', #9397 ) ;
#2144 = CIRCLE ( 'NONE', #4157, 0.002101383127306358700 ) ;
#2145 = AXIS2_PLACEMENT_3D ( 'NONE', #2383, #5872, #6587 ) ;
#2146 = EDGE_CURVE ( 'NONE', #10383, #6830, #3194, .T. ) ;
#2147 = VERTEX_POINT ( 'NONE', #7690 ) ;
#2148 = EDGE_LOOP ( 'NONE', ( #3484, #3687, #32, #8540 ) ) ;
#2149 = DIRECTION ( 'NONE',  ( -0.0000000000000000000, 0.1736481776669296100, 0.9848077530122082400 ) ) ;
#2150 = VECTOR ( 'NONE', #9746, 39.37007874015748100 ) ;
#2151 = CARTESIAN_POINT ( 'NONE',  ( -0.1849999999999999700, 0.09249999999999974900, -0.2656072902104091300 ) ) ;
#2152 = ORIENTED_EDGE ( 'NONE', *, *, #6445, .T. ) ;
#2153 = CARTESIAN_POINT ( 'NONE',  ( -0.1149999999999999600, 0.09249999999999974900, -0.2656072902104091300 ) ) ;
#2154 = DIRECTION ( 'NONE',  ( 0.0000000000000000000, 0.0000000000000000000, 1.000000000000000000 ) ) ;
#2155 = VERTEX_POINT ( 'NONE', #1745 ) ;
#2156 = ORIENTED_EDGE ( 'NONE', *, *, #5404, .F. ) ;
#2157 = CARTESIAN_POINT ( 'NONE',  ( 0.2650000000000000700, 0.01000000000000000000, 0.2699999999999999600 ) ) ;
#2158 = EDGE_CURVE ( 'NONE', #1682, #8958, #1329, .T. ) ;
#2159 = ORIENTED_EDGE ( 'NONE', *, *, #10925, .F. ) ;
#2160 = DIRECTION ( 'NONE',  ( 0.0000000000000000000, -6.829619984160684300E-015, 1.000000000000000000 ) ) ;
#2161 = EDGE_CURVE ( 'NONE', #8958, #10992, #926, .T. ) ;
#2162 = LINE ( 'NONE', #6684, #8489 ) ;
#2163 = VERTEX_POINT ( 'NONE', #4261 ) ;
#2164 = CARTESIAN_POINT ( 'NONE',  ( -0.2150000000000000000, -2.411709556906732200E-016, -0.2819175359259424900 ) ) ;
#2165 = AXIS2_PLACEMENT_3D ( 'NONE', #10453, #1078, #4379 ) ;
#2166 = LINE ( 'NONE', #3093, #10656 ) ;
#2167 = ORIENTED_EDGE ( 'NONE', *, *, #9783, .F. ) ;
#2168 = ORIENTED_EDGE ( 'NONE', *, *, #2623, .T. ) ;
#2169 = DIRECTION ( 'NONE',  ( -1.000000000000000000, -0.0000000000000000000, -0.0000000000000000000 ) ) ;
#2170 = VERTEX_POINT ( 'NONE', #8824 ) ;
#2171 = DIRECTION ( 'NONE',  ( -1.000000000000000000, -0.0000000000000000000, -0.0000000000000000000 ) ) ;
#2172 = LINE ( 'NONE', #9537, #11055 ) ;
#2173 = ORIENTED_EDGE ( 'NONE', *, *, #10332, .F. ) ;
#2174 = LINE ( 'NONE', #751, #1100 ) ;
#2175 = PLANE ( 'NONE',  #10089 ) ;
#2176 = EDGE_CURVE ( 'NONE', #5674, #3395, #6556, .T. ) ;
#2177 = ORIENTED_EDGE ( 'NONE', *, *, #2762, .T. ) ;
#2178 = AXIS2_PLACEMENT_3D ( 'NONE', #6994, #1841, #208 ) ;
#2179 = ORIENTED_EDGE ( 'NONE', *, *, #1831, .T. ) ;
#2180 = ADVANCED_FACE ( 'NONE', ( #8460 ), #649, .F. ) ;
#2181 = LINE ( 'NONE', #1391, #9052 ) ;
#2182 = ORIENTED_EDGE ( 'NONE', *, *, #10127, .T. ) ;
#2183 = VECTOR ( 'NONE', #6071, 39.37007874015748100 ) ;
#2184 = CARTESIAN_POINT ( 'NONE',  ( -0.1649999999999999800, 0.09039861687269366800, -0.2536897542844667700 ) ) ;
#2185 = LINE ( 'NONE', #537, #1383 ) ;
#2186 = EDGE_CURVE ( 'NONE', #8585, #2953, #2132, .T. ) ;
#2187 = ADVANCED_FACE ( 'NONE', ( #5213 ), #1860, .F. ) ;
#2188 = AXIS2_PLACEMENT_3D ( 'NONE', #1505, #10828, #3941 ) ;
#2189 = ORIENTED_EDGE ( 'NONE', *, *, #6040, .F. ) ;
#2190 = VECTOR ( 'NONE', #6104, 39.37007874015748100 ) ;
#2191 = DIRECTION ( 'NONE',  ( -0.0000000000000000000, -5.999729353452747400E-015, 1.000000000000000000 ) ) ;
#2192 = EDGE_CURVE ( 'NONE', #237, #9035, #10739, .T. ) ;
#2193 = CARTESIAN_POINT ( 'NONE',  ( 0.08500000000000004800, 0.09249999999999977700, 0.2656072902104091900 ) ) ;
#2194 = VECTOR ( 'NONE', #1789, 39.37007874015748100 ) ;
#2195 = CARTESIAN_POINT ( 'NONE',  ( 0.1850000000000000800, 0.1024999999999999800, 0.2399999999999999100 ) ) ;
#2196 = PLANE ( 'NONE',  #3233 ) ;
#2197 = EDGE_LOOP ( 'NONE', ( #3172, #8816, #1941, #7010 ) ) ;
#2198 = VERTEX_POINT ( 'NONE', #4514 ) ;
#2199 = CARTESIAN_POINT ( 'NONE',  ( -0.06499999999999996100, 0.09039861687269366800, 0.2536897542844667700 ) ) ;
#2200 = LINE ( 'NONE', #3849, #11086 ) ;
#2201 = AXIS2_PLACEMENT_3D ( 'NONE', #4921, #8394, #11022 ) ;
#2202 = VECTOR ( 'NONE', #7395, 39.37007874015748100 ) ;
#2203 = CARTESIAN_POINT ( 'NONE',  ( 0.2150000000000000500, 0.01000000000000000000, 0.2699999999999999600 ) ) ;
#2204 = EDGE_CURVE ( 'NONE', #7460, #8431, #4003, .T. ) ;
#2205 = CARTESIAN_POINT ( 'NONE',  ( -0.1849999999999999700, 0.1024999999999999800, 0.2399999999999999100 ) ) ;
#2206 = ORIENTED_EDGE ( 'NONE', *, *, #678, .F. ) ;
#2207 = EDGE_LOOP ( 'NONE', ( #4705, #4177, #3500, #707 ) ) ;
#2208 = VECTOR ( 'NONE', #2701, 39.37007874015748100 ) ;
#2209 = LINE ( 'NONE', #4358, #1406 ) ;
#2210 =( CONVERSION_BASED_UNIT ( 'INCH', #8224 ) LENGTH_UNIT ( ) NAMED_UNIT ( #9154 ) );
#2211 = DIRECTION ( 'NONE',  ( -1.000000000000000000, -0.0000000000000000000, -0.0000000000000000000 ) ) ;
#2212 = VERTEX_POINT ( 'NONE', #3586 ) ;
#2213 = VERTEX_POINT ( 'NONE', #7041 ) ;
#2214 = EDGE_CURVE ( 'NONE', #503, #8810, #2669, .T. ) ;
#2215 = AXIS2_PLACEMENT_3D ( 'NONE', #1147, #8014, #2867 ) ;
#2216 = DIRECTION ( 'NONE',  ( -1.000000000000000000, -0.0000000000000000000, -0.0000000000000000000 ) ) ;
#2217 = ORIENTED_EDGE ( 'NONE', *, *, #6836, .T. ) ;
#2218 = EDGE_CURVE ( 'NONE', #5289, #1242, #2004, .T. ) ;
#2219 = AXIS2_PLACEMENT_3D ( 'NONE', #7185, #6364, #6392 ) ;
#2220 = LINE ( 'NONE', #236, #9093 ) ;
#2221 = CARTESIAN_POINT ( 'NONE',  ( 0.08500000000000004800, 0.009999999999999993300, 0.3150000000000000000 ) ) ;
#2222 = CARTESIAN_POINT ( 'NONE',  ( -0.2650000000000000100, 0.01210138312730608600, 0.2819175359259424300 ) ) ;
#2223 = SURFACE_STYLE_USAGE ( .BOTH. , #10059 ) ;
#2224 = EDGE_LOOP ( 'NONE', ( #902, #10043, #1897, #2950 ) ) ;
#2225 = ADVANCED_FACE ( 'NONE', ( #6977 ), #1934, .F. ) ;
#2226 = DIRECTION ( 'NONE',  ( 1.000000000000000000, 0.0000000000000000000, 0.0000000000000000000 ) ) ;
#2227 = ORIENTED_EDGE ( 'NONE', *, *, #1159, .T. ) ;
#2228 = VECTOR ( 'NONE', #7656, 39.37007874015748100 ) ;
#2229 = DIRECTION ( 'NONE',  ( 0.0000000000000000000, 0.0000000000000000000, 1.000000000000000000 ) ) ;
#2230 = LINE ( 'NONE', #9528, #2110 ) ;
#2231 = EDGE_CURVE ( 'NONE', #5574, #2432, #1726, .T. ) ;
#2232 = DIRECTION ( 'NONE',  ( 0.0000000000000000000, -0.0000000000000000000, 1.000000000000000000 ) ) ;
#2233 = EDGE_CURVE ( 'NONE', #1968, #847, #8605, .T. ) ;
#2234 = AXIS2_PLACEMENT_3D ( 'NONE', #6715, #2430, #6182 ) ;
#2235 = DIRECTION ( 'NONE',  ( -1.000000000000000000, -0.0000000000000000000, -0.0000000000000000000 ) ) ;
#2236 = EDGE_LOOP ( 'NONE', ( #219, #4493, #3770, #4092, #434, #8466, #1140, #7269, #7902, #1589, #8054, #6150 ) ) ;
#2237 = CARTESIAN_POINT ( 'NONE',  ( 0.1650000000000000900, 0.009999999999999993300, 0.3150000000000000000 ) ) ;
#2238 = LINE ( 'NONE', #10540, #6530 ) ;
#2239 = ORIENTED_EDGE ( 'NONE', *, *, #3556, .F. ) ;
#2240 = DIRECTION ( 'NONE',  ( 0.0000000000000000000, -1.000000000000000000, 0.0000000000000000000 ) ) ;
#2241 = VERTEX_POINT ( 'NONE', #7843 ) ;
#2242 = CIRCLE ( 'NONE', #7776, 0.01210138312730635500 ) ;
#2243 = ADVANCED_FACE ( 'NONE', ( #3 ), #6245, .F. ) ;
#2244 = DIRECTION ( 'NONE',  ( 0.0000000000000000000, -0.9848077530122080200, -0.1736481776669304400 ) ) ;
#2245 = ORIENTED_EDGE ( 'NONE', *, *, #8300, .F. ) ;
#2246 = ORIENTED_EDGE ( 'NONE', *, *, #8011, .F. ) ;
#2247 = VECTOR ( 'NONE', #7080, 39.37007874015748900 ) ;
#2248 = PLANE ( 'NONE',  #5575 ) ;
#2249 = ORIENTED_EDGE ( 'NONE', *, *, #9352, .F. ) ;
#2250 = EDGE_CURVE ( 'NONE', #7460, #9776, #5740, .T. ) ;
#2251 = VECTOR ( 'NONE', #4997, 39.37007874015748900 ) ;
#2252 = AXIS2_PLACEMENT_3D ( 'NONE', #6127, #177, #6008 ) ;
#2253 = EDGE_CURVE ( 'NONE', #1988, #5366, #6163, .T. ) ;
#2254 = DIRECTION ( 'NONE',  ( 0.0000000000000000000, 0.0000000000000000000, 1.000000000000000000 ) ) ;
#2255 = ORIENTED_EDGE ( 'NONE', *, *, #4617, .F. ) ;
#2256 = ORIENTED_EDGE ( 'NONE', *, *, #7409, .F. ) ;
#2257 = ORIENTED_EDGE ( 'NONE', *, *, #10172, .F. ) ;
#2258 = DIRECTION ( 'NONE',  ( -0.0000000000000000000, 1.000000000000000000, -0.0000000000000000000 ) ) ;
#2259 = FACE_OUTER_BOUND ( 'NONE', #6065, .T. ) ;
#2260 = DIRECTION ( 'NONE',  ( -1.000000000000000000, 0.0000000000000000000, -0.0000000000000000000 ) ) ;
#2261 = CARTESIAN_POINT ( 'NONE',  ( -0.01499999999999994200, 0.1024999999999999900, 0.2536897542844667700 ) ) ;
#2262 = AXIS2_PLACEMENT_3D ( 'NONE', #7484, #2297, #9311 ) ;
#2263 = ORIENTED_EDGE ( 'NONE', *, *, #7833, .F. ) ;
#2264 = VERTEX_POINT ( 'NONE', #196 ) ;
#2265 = EDGE_CURVE ( 'NONE', #2986, #2375, #7234, .T. ) ;
#2266 = VECTOR ( 'NONE', #3570, 39.37007874015748100 ) ;
#2267 = ORIENTED_EDGE ( 'NONE', *, *, #5726, .F. ) ;
#2268 = DIRECTION ( 'NONE',  ( 0.0000000000000000000, 0.0000000000000000000, -1.000000000000000000 ) ) ;
#2269 = FACE_OUTER_BOUND ( 'NONE', #4816, .T. ) ;
#2270 = DIRECTION ( 'NONE',  ( -1.000000000000000000, -0.0000000000000000000, -0.0000000000000000000 ) ) ;
#2271 = CARTESIAN_POINT ( 'NONE',  ( 0.1850000000000000800, 0.1024999999999999800, 0.2399999999999999100 ) ) ;
#2272 = ORIENTED_EDGE ( 'NONE', *, *, #8633, .F. ) ;
#2273 = ORIENTED_EDGE ( 'NONE', *, *, #2161, .F. ) ;
#2274 = FACE_OUTER_BOUND ( 'NONE', #4318, .T. ) ;
#2275 = EDGE_LOOP ( 'NONE', ( #9814, #2697, #530, #700 ) ) ;
#2276 = FACE_OUTER_BOUND ( 'NONE', #3188, .T. ) ;
#2277 = ADVANCED_FACE ( 'NONE', ( #10627 ), #9044, .F. ) ;
#2278 = ORIENTED_EDGE ( 'NONE', *, *, #2976, .F. ) ;
#2279 = CARTESIAN_POINT ( 'NONE',  ( -0.06499999999999996100, 0.01210138312730608600, -0.2819175359259424300 ) ) ;
#2280 = EDGE_CURVE ( 'NONE', #2827, #6818, #1457, .T. ) ;
#2281 = CARTESIAN_POINT ( 'NONE',  ( 0.1150000000000000700, 0.09249999999999998500, 0.2536897542844667700 ) ) ;
#2282 = CARTESIAN_POINT ( 'NONE',  ( -0.08499999999999995100, -2.411709556906732200E-016, -0.2819175359259424900 ) ) ;
#2283 = EDGE_LOOP ( 'NONE', ( #8419, #3340, #6014, #4546 ) ) ;
#2284 = ORIENTED_EDGE ( 'NONE', *, *, #622, .F. ) ;
#2285 = VERTEX_POINT ( 'NONE', #3735 ) ;
#2286 = SURFACE_SIDE_STYLE ('',( #425 ) ) ;
#2287 = MANIFOLD_SOLID_BREP ( 'Pin 12', #3032 ) ;
#2288 = VECTOR ( 'NONE', #10129, 39.37007874015748100 ) ;
#2289 = LINE ( 'NONE', #7700, #557 ) ;
#2290 = ADVANCED_FACE ( 'NONE', ( #11007 ), #8123, .F. ) ;
#2291 = CARTESIAN_POINT ( 'NONE',  ( 0.06500000000000005800, -3.201384367575308500E-018, -0.3150000000000000600 ) ) ;
#2292 = ORIENTED_EDGE ( 'NONE', *, *, #4449, .F. ) ;
#2293 = DIRECTION ( 'NONE',  ( 1.000000000000000000, 0.0000000000000000000, -0.0000000000000000000 ) ) ;
#2294 = DIRECTION ( 'NONE',  ( -1.000000000000000000, -0.0000000000000000000, -0.0000000000000000000 ) ) ;
#2295 = ORIENTED_EDGE ( 'NONE', *, *, #3266, .F. ) ;
#2296 = EDGE_CURVE ( 'NONE', #5028, #9249, #8738, .T. ) ;
#2297 = DIRECTION ( 'NONE',  ( 0.0000000000000000000, -6.829619984160661400E-015, -1.000000000000000000 ) ) ;
#2298 = AXIS2_PLACEMENT_3D ( 'NONE', #3420, #101, #144 ) ;
#2299 = DIRECTION ( 'NONE',  ( 0.0000000000000000000, -1.000000000000000000, -6.829619984160684300E-015 ) ) ;
#2300 = LINE ( 'NONE', #1325, #10545 ) ;
#2301 = PRESENTATION_STYLE_ASSIGNMENT (( #2223 ) ) ;
#2302 = CARTESIAN_POINT ( 'NONE',  ( 0.2350000000000000400, 0.009999999999999993300, 0.3150000000000000000 ) ) ;
#2303 = FACE_OUTER_BOUND ( 'NONE', #2596, .T. ) ;
#2304 = DIRECTION ( 'NONE',  ( -1.000000000000000000, -0.0000000000000000000, -0.0000000000000000000 ) ) ;
#2305 = CARTESIAN_POINT ( 'NONE',  ( -0.1149999999999999600, 0.1024999999999999800, -0.2399999999999999100 ) ) ;
#2306 = ORIENTED_EDGE ( 'NONE', *, *, #4763, .T. ) ;
#2307 = DIRECTION ( 'NONE',  ( 0.0000000000000000000, -1.000000000000000000, 0.0000000000000000000 ) ) ;
#2308 = CARTESIAN_POINT ( 'NONE',  ( 0.2350000000000000400, 0.09249999999999977700, 0.2656072902104091900 ) ) ;
#2309 = CARTESIAN_POINT ( 'NONE',  ( -0.1849999999999999700, 0.09076351822333045300, 0.2557592126802871200 ) ) ;
#2310 = CARTESIAN_POINT ( 'NONE',  ( 0.08500000000000004800, 0.01173648177666930000, -0.2798480775301220900 ) ) ;
#2311 = EDGE_CURVE ( 'NONE', #4369, #9978, #6846, .T. ) ;
#2312 = AXIS2_PLACEMENT_3D ( 'NONE', #10883, #1404, #2260 ) ;
#2313 = VECTOR ( 'NONE', #10189, 39.37007874015748100 ) ;
#2314 = EDGE_CURVE ( 'NONE', #8942, #7866, #3466, .T. ) ;
#2315 = SURFACE_STYLE_USAGE ( .BOTH. , #3135 ) ;
#2316 = CARTESIAN_POINT ( 'NONE',  ( -0.2650000000000000100, 0.1024999999999999800, 0.2399999999999999100 ) ) ;
#2317 = VECTOR ( 'NONE', #6207, 39.37007874015748100 ) ;
#2318 = CARTESIAN_POINT ( 'NONE',  ( -0.2150000000000000000, -2.411709556906732200E-016, -0.2819175359259424900 ) ) ;
#2319 = DIRECTION ( 'NONE',  ( -1.000000000000000000, -0.0000000000000000000, 0.0000000000000000000 ) ) ;
#2320 = VERTEX_POINT ( 'NONE', #8897 ) ;
#2321 = LENGTH_MEASURE_WITH_UNIT ( LENGTH_MEASURE( 0.02539999999999999900 ), #2835 );
#2322 = PLANE ( 'NONE',  #7130 ) ;
#2323 = DIRECTION ( 'NONE',  ( 0.0000000000000000000, 0.0000000000000000000, 1.000000000000000000 ) ) ;
#2324 = ORIENTED_EDGE ( 'NONE', *, *, #10371, .F. ) ;
#2325 = FACE_OUTER_BOUND ( 'NONE', #3098, .T. ) ;
#2326 = CARTESIAN_POINT ( 'NONE',  ( 0.03500000000000003800, 0.09249999999999998500, 0.2399999999999999100 ) ) ;
#2327 = ORIENTED_EDGE ( 'NONE', *, *, #3577, .T. ) ;
#2328 = EDGE_CURVE ( 'NONE', #2034, #9342, #7785, .T. ) ;
#2329 = CARTESIAN_POINT ( 'NONE',  ( -0.1649999999999999800, 0.09076351822333045300, -0.2557592126802871200 ) ) ;
#2330 = VERTEX_POINT ( 'NONE', #2870 ) ;
#2331 = LINE ( 'NONE', #11056, #4075 ) ;
#2332 = ADVANCED_FACE ( 'NONE', ( #2921 ), #1305, .F. ) ;
#2333 = DIRECTION ( 'NONE',  ( -1.000000000000000000, -0.0000000000000000000, -0.0000000000000000000 ) ) ;
#2334 = LINE ( 'NONE', #3009, #7863 ) ;
#2335 = ORIENTED_EDGE ( 'NONE', *, *, #2131, .F. ) ;
#2336 = CARTESIAN_POINT ( 'NONE',  ( 0.01500000000000004500, 0.09249999999999998500, 0.2536897542844667700 ) ) ;
#2337 = EDGE_LOOP ( 'NONE', ( #7798, #1191, #2414, #924 ) ) ;
#2338 = AXIS2_PLACEMENT_3D ( 'NONE', #5137, #5926, #6001 ) ;
#2339 = VECTOR ( 'NONE', #1326, 39.37007874015748100 ) ;
#2340 = CARTESIAN_POINT ( 'NONE',  ( -0.2849999999999999800, 0.01173648177666930900, 0.2798480775301220900 ) ) ;
#2341 = DIRECTION ( 'NONE',  ( 0.0000000000000000000, -1.000000000000000000, 0.0000000000000000000 ) ) ;
#2342 = CARTESIAN_POINT ( 'NONE',  ( -0.3407222057372608100, 0.2249999999999998700, -0.2399999999999996300 ) ) ;
#2343 = DIRECTION ( 'NONE',  ( -1.000000000000000000, -0.0000000000000000000, -0.0000000000000000000 ) ) ;
#2344 = LINE ( 'NONE', #8213, #7457 ) ;
#2345 = EDGE_CURVE ( 'NONE', #2543, #8180, #5466, .T. ) ;
#2346 = ADVANCED_FACE ( 'NONE', ( #6287 ), #1189, .F. ) ;
#2347 =( NAMED_UNIT ( * ) SI_UNIT ( $, .STERADIAN. ) SOLID_ANGLE_UNIT ( ) );
#2348 = DIRECTION ( 'NONE',  ( 0.0000000000000000000, 0.0000000000000000000, 1.000000000000000000 ) ) ;
#2349 = ORIENTED_EDGE ( 'NONE', *, *, #6697, .T. ) ;
#2350 = ORIENTED_EDGE ( 'NONE', *, *, #8016, .F. ) ;
#2351 = EDGE_LOOP ( 'NONE', ( #10817, #4897, #5460, #9979 ) ) ;
#2352 = CARTESIAN_POINT ( 'NONE',  ( 0.2650000000000000700, 0.09249999999999998500, -0.2399999999999999100 ) ) ;
#2353 = LINE ( 'NONE', #8078, #1825 ) ;
#2354 = DIRECTION ( 'NONE',  ( -1.000000000000000000, -0.0000000000000000000, -0.0000000000000000000 ) ) ;
#2355 = LINE ( 'NONE', #6177, #4383 ) ;
#2356 = DIRECTION ( 'NONE',  ( 0.0000000000000000000, 0.0000000000000000000, 1.000000000000000000 ) ) ;
#2357 = CARTESIAN_POINT ( 'NONE',  ( 0.1350000000000000600, 0.09076351822333045300, -0.2557592126802871200 ) ) ;
#2358 = DIRECTION ( 'NONE',  ( 0.0000000000000000000, 0.0000000000000000000, 1.000000000000000000 ) ) ;
#2359 = AXIS2_PLACEMENT_3D ( 'NONE', #1785, #4339, #6145 ) ;
#2360 =( GEOMETRIC_REPRESENTATION_CONTEXT ( 3 ) GLOBAL_UNCERTAINTY_ASSIGNED_CONTEXT ( ( #1279 ) ) GLOBAL_UNIT_ASSIGNED_CONTEXT ( ( #8992, #4610, #1259 ) ) REPRESENTATION_CONTEXT ( 'NONE', 'WORKASPACE' ) );
#2361 = DIRECTION ( 'NONE',  ( -0.0000000000000000000, -0.0000000000000000000, -1.000000000000000000 ) ) ;
#2362 = ORIENTED_EDGE ( 'NONE', *, *, #5881, .F. ) ;
#2363 = EDGE_CURVE ( 'NONE', #5503, #9010, #3993, .T. ) ;
#2364 = FACE_OUTER_BOUND ( 'NONE', #1773, .T. ) ;
#2365 = ORIENTED_EDGE ( 'NONE', *, *, #9488, .T. ) ;
#2366 = VECTOR ( 'NONE', #8017, 39.37007874015748100 ) ;
#2367 = VECTOR ( 'NONE', #10961, 39.37007874015748100 ) ;
#2368 = FACE_OUTER_BOUND ( 'NONE', #3496, .T. ) ;
#2369 = DIRECTION ( 'NONE',  ( -1.000000000000000000, -0.0000000000000000000, 0.0000000000000000000 ) ) ;
#2370 = CARTESIAN_POINT ( 'NONE',  ( 0.08500000000000004800, 0.1024999999999999800, -0.2536897542844667700 ) ) ;
#2371 = DIRECTION ( 'NONE',  ( -1.000000000000000000, -0.0000000000000000000, 0.0000000000000000000 ) ) ;
#2372 = ORIENTED_EDGE ( 'NONE', *, *, #8384, .T. ) ;
#2373 = VECTOR ( 'NONE', #2333, 39.37007874015748100 ) ;
#2374 = CARTESIAN_POINT ( 'NONE',  ( -0.3449999999999997500, 0.1024999999999999800, 0.2399999999999999100 ) ) ;
#2375 = VERTEX_POINT ( 'NONE', #2157 ) ;
#2376 = FACE_OUTER_BOUND ( 'NONE', #4753, .T. ) ;
#2377 = VECTOR ( 'NONE', #4021, 39.37007874015748100 ) ;
#2378 = ORIENTED_EDGE ( 'NONE', *, *, #6475, .T. ) ;
#2379 = DIRECTION ( 'NONE',  ( -0.0000000000000000000, 1.000000000000000000, 0.0000000000000000000 ) ) ;
#2380 = EDGE_CURVE ( 'NONE', #7486, #9776, #8858, .T. ) ;
#2381 = AXIS2_PLACEMENT_3D ( 'NONE', #9781, #348, #1248 ) ;
#2382 = CARTESIAN_POINT ( 'NONE',  ( -0.3407222057372606400, 0.2249999999999998700, 0.2357222057372608000 ) ) ;
#2383 = CARTESIAN_POINT ( 'NONE',  ( 0.2150000000000000500, 0.01210138312730608600, -0.2819175359259424300 ) ) ;
#2384 = DIRECTION ( 'NONE',  ( 0.0000000000000000000, 0.0000000000000000000, -1.000000000000000000 ) ) ;
#2385 = CARTESIAN_POINT ( 'NONE',  ( -0.1149999999999999600, 0.09039861687269366800, -0.2536897542844667700 ) ) ;
#2386 = ORIENTED_EDGE ( 'NONE', *, *, #6077, .T. ) ;
#2387 = ORIENTED_EDGE ( 'NONE', *, *, #8825, .T. ) ;
#2388 = VECTOR ( 'NONE', #4458, 39.37007874015748100 ) ;
#2389 = CARTESIAN_POINT ( 'NONE',  ( -0.06499999999999996100, 0.1024999999999999900, 0.2536897542844667700 ) ) ;
#2390 = EDGE_LOOP ( 'NONE', ( #8579, #10076, #5455, #10363 ) ) ;
#2391 = ADVANCED_FACE ( 'NONE', ( #6016 ), #8038, .F. ) ;
#2392 = DIRECTION ( 'NONE',  ( -1.000000000000000000, -0.0000000000000000000, -0.0000000000000000000 ) ) ;
#2393 = DIRECTION ( 'NONE',  ( 0.0000000000000000000, -0.9848077530122082400, 0.1736481776669295800 ) ) ;
#2394 = PLANE ( 'NONE',  #10869 ) ;
#2395 = ORIENTED_EDGE ( 'NONE', *, *, #9317, .F. ) ;
#2396 = ORIENTED_EDGE ( 'NONE', *, *, #3010, .T. ) ;
#2397 = EDGE_CURVE ( 'NONE', #3219, #6033, #4657, .T. ) ;
#2398 = DIRECTION ( 'NONE',  ( 0.0000000000000000000, 7.193223902257864100E-015, -1.000000000000000000 ) ) ;
#2399 = LINE ( 'NONE', #7459, #10498 ) ;
#2400 = VERTEX_POINT ( 'NONE', #7299 ) ;
#2401 = MECHANICAL_DESIGN_GEOMETRIC_PRESENTATION_REPRESENTATION (  '', ( #2978 ), #7015 ) ;
#2402 = EDGE_CURVE ( 'NONE', #8970, #2545, #8986, .T. ) ;
#2403 = LINE ( 'NONE', #3922, #6433 ) ;
#2404 = ADVANCED_FACE ( 'NONE', ( #3330 ), #10798, .F. ) ;
#2405 = DIRECTION ( 'NONE',  ( -0.0000000000000000000, -7.193223902257864100E-015, -1.000000000000000000 ) ) ;
#2406 = ORIENTED_EDGE ( 'NONE', *, *, #7571, .T. ) ;
#2407 = ORIENTED_EDGE ( 'NONE', *, *, #4087, .F. ) ;
#2408 = VERTEX_POINT ( 'NONE', #8319 ) ;
#2409 = VECTOR ( 'NONE', #4167, 39.37007874015748100 ) ;
#2410 = ORIENTED_EDGE ( 'NONE', *, *, #7242, .T. ) ;
#2411 = DIRECTION ( 'NONE',  ( 0.0000000000000000000, 5.999729353452748200E-015, -1.000000000000000000 ) ) ;
#2412 = VECTOR ( 'NONE', #9562, 39.37007874015748100 ) ;
#2413 = DIRECTION ( 'NONE',  ( -0.0000000000000000000, 1.000000000000000000, -0.0000000000000000000 ) ) ;
#2414 = ORIENTED_EDGE ( 'NONE', *, *, #458, .F. ) ;
#2415 = AXIS2_PLACEMENT_3D ( 'NONE', #9800, #1074, #2791 ) ;
#2416 = PRESENTATION_LAYER_ASSIGNMENT (  '', '', ( #8776 ) ) ;
#2417 = EDGE_CURVE ( 'NONE', #4311, #9315, #4932, .T. ) ;
#2418 = ORIENTED_EDGE ( 'NONE', *, *, #1388, .F. ) ;
#2419 = ORIENTED_EDGE ( 'NONE', *, *, #5867, .T. ) ;
#2420 = DIRECTION ( 'NONE',  ( 0.0000000000000000000, -1.000000000000000000, 0.0000000000000000000 ) ) ;
#2421 = ORIENTED_EDGE ( 'NONE', *, *, #6313, .T. ) ;
#2422 = VERTEX_POINT ( 'NONE', #576 ) ;
#2423 = CARTESIAN_POINT ( 'NONE',  ( -0.2150000000000000000, 0.01210138312730608600, 0.2819175359259424300 ) ) ;
#2424 = DIRECTION ( 'NONE',  ( 0.0000000000000000000, -1.000000000000000000, 0.0000000000000000000 ) ) ;
#2425 = DIRECTION ( 'NONE',  ( 0.0000000000000000000, 0.0000000000000000000, -1.000000000000000000 ) ) ;
#2426 = LINE ( 'NONE', #7116, #10765 ) ;
#2427 = CARTESIAN_POINT ( 'NONE',  ( -0.2650000000000000100, 0.09249999999999977700, 0.2656072902104091900 ) ) ;
#2428 = LINE ( 'NONE', #8802, #9302 ) ;
#2429 = ORIENTED_EDGE ( 'NONE', *, *, #6603, .T. ) ;
#2430 = DIRECTION ( 'NONE',  ( -1.000000000000000000, -0.0000000000000000000, 0.0000000000000000000 ) ) ;
#2431 = EDGE_LOOP ( 'NONE', ( #4679, #1088, #6742, #4446 ) ) ;
#2432 = VERTEX_POINT ( 'NONE', #10763 ) ;
#2433 = AXIS2_PLACEMENT_3D ( 'NONE', #4102, #737, #6751 ) ;
#2434 = UNCERTAINTY_MEASURE_WITH_UNIT (LENGTH_MEASURE( 1.000000000000000100E-005 ), #6594, 'distance_accuracy_value', 'NONE');
#2435 = DIRECTION ( 'NONE',  ( -1.000000000000000000, -0.0000000000000000000, -0.0000000000000000000 ) ) ;
#2436 = EDGE_CURVE ( 'NONE', #4369, #471, #4798, .T. ) ;
#2437 = ORIENTED_EDGE ( 'NONE', *, *, #2782, .F. ) ;
#2438 = AXIS2_PLACEMENT_3D ( 'NONE', #5831, #9323, #10230 ) ;
#2439 = CARTESIAN_POINT ( 'NONE',  ( -0.2650000000000000100, 0.1024999999999999800, -0.2399999999999999100 ) ) ;
#2440 = DIRECTION ( 'NONE',  ( 0.0000000000000000000, -0.0000000000000000000, 1.000000000000000000 ) ) ;
#2441 = FACE_OUTER_BOUND ( 'NONE', #3572, .T. ) ;
#2442 = CARTESIAN_POINT ( 'NONE',  ( -0.1349999999999999500, 0.09039861687269366800, -0.2536897542844667700 ) ) ;
#2443 = VERTEX_POINT ( 'NONE', #10096 ) ;
#2444 = FACE_OUTER_BOUND ( 'NONE', #5714, .T. ) ;
#2445 = ORIENTED_EDGE ( 'NONE', *, *, #1522, .F. ) ;
#2446 = CARTESIAN_POINT ( 'NONE',  ( -0.2349999999999999900, 0.1024999999999999800, -0.2399999999999999100 ) ) ;
#2447 = DIRECTION ( 'NONE',  ( -1.000000000000000000, -0.0000000000000000000, -0.0000000000000000000 ) ) ;
#2448 = EDGE_LOOP ( 'NONE', ( #8030, #9273, #2306, #9509, #4929, #1629, #321, #9271, #5294, #1444, #5987, #5361 ) ) ;
#2449 = CARTESIAN_POINT ( 'NONE',  ( -0.01499999999999994200, 0.009999999999999759100, -0.2819175359259424300 ) ) ;
#2450 = EDGE_CURVE ( 'NONE', #6336, #10268, #3055, .T. ) ;
#2451 = VERTEX_POINT ( 'NONE', #10880 ) ;
#2452 = CARTESIAN_POINT ( 'NONE',  ( -0.2150000000000000000, 0.009999999999999753900, -0.2819175359259424300 ) ) ;
#2453 = CARTESIAN_POINT ( 'NONE',  ( 0.1350000000000000600, -2.411709556906732200E-016, -0.2819175359259424900 ) ) ;
#2454 = CIRCLE ( 'NONE', #194, 0.002101383127306324400 ) ;
#2455 = EDGE_CURVE ( 'NONE', #4030, #922, #5334, .T. ) ;
#2456 = ADVANCED_FACE ( 'NONE', ( #1717 ), #4844, .F. ) ;
#2457 = AXIS2_PLACEMENT_3D ( 'NONE', #8976, #3704, #4601 ) ;
#2458 = FACE_OUTER_BOUND ( 'NONE', #8053, .T. ) ;
#2459 = VERTEX_POINT ( 'NONE', #5702 ) ;
#2460 = VECTOR ( 'NONE', #6707, 39.37007874015748100 ) ;
#2461 = DIRECTION ( 'NONE',  ( -1.000000000000000000, -0.0000000000000000000, -0.0000000000000000000 ) ) ;
#2462 = CARTESIAN_POINT ( 'NONE',  ( -0.2857222057372608100, 0.2249999999999998700, 0.1807222057372607800 ) ) ;
#2463 = DIRECTION ( 'NONE',  ( 0.0000000000000000000, 0.9848077530122082400, -0.1736481776669296100 ) ) ;
#2464 = ADVANCED_FACE ( 'NONE', ( #7354 ), #508, .T. ) ;
#2465 = DIRECTION ( 'NONE',  ( 0.0000000000000000000, 0.0000000000000000000, 1.000000000000000000 ) ) ;
#2466 = FACE_OUTER_BOUND ( 'NONE', #10692, .T. ) ;
#2467 = EDGE_CURVE ( 'NONE', #5638, #4682, #7222, .T. ) ;
#2468 = STYLED_ITEM ( 'NONE', ( #2301 ), #5791 ) ;
#2469 = ORIENTED_EDGE ( 'NONE', *, *, #5696, .F. ) ;
#2470 = LINE ( 'NONE', #7308, #1665 ) ;
#2471 = EDGE_CURVE ( 'NONE', #7339, #5931, #9257, .T. ) ;
#2472 = LINE ( 'NONE', #10544, #1004 ) ;
#2473 = SURFACE_STYLE_USAGE ( .BOTH. , #7464 ) ;
#2474 = PLANE ( 'NONE',  #4813 ) ;
#2475 = DIRECTION ( 'NONE',  ( 0.0000000000000000000, -0.0000000000000000000, -1.000000000000000000 ) ) ;
#2476 = DIRECTION ( 'NONE',  ( 0.0000000000000000000, 7.193223902257864100E-015, 1.000000000000000000 ) ) ;
#2477 = DIRECTION ( 'NONE',  ( -1.000000000000000000, -0.0000000000000000000, -0.0000000000000000000 ) ) ;
#2478 = DIRECTION ( 'NONE',  ( -0.0000000000000000000, 0.9848077530122080200, 0.1736481776669304100 ) ) ;
#2479 = ORIENTED_EDGE ( 'NONE', *, *, #94, .T. ) ;
#2480 = FILL_AREA_STYLE ('',( #7512 ) ) ;
#2481 = ORIENTED_EDGE ( 'NONE', *, *, #10317, .T. ) ;
#2482 = VECTOR ( 'NONE', #9410, 39.37007874015748100 ) ;
#2483 = VERTEX_POINT ( 'NONE', #1369 ) ;
#2484 = VECTOR ( 'NONE', #1691, 39.37007874015748100 ) ;
#2485 = AXIS2_PLACEMENT_3D ( 'NONE', #982, #7852, #8730 ) ;
#2486 = CARTESIAN_POINT ( 'NONE',  ( 0.1650000000000000900, 0.009999999999999956800, -0.3150000000000000000 ) ) ;
#2487 = EDGE_CURVE ( 'NONE', #2825, #5297, #5732, .T. ) ;
#2488 = CARTESIAN_POINT ( 'NONE',  ( 0.1350000000000000600, 0.09249999999999974900, -0.2656072902104091300 ) ) ;
#2489 = DIRECTION ( 'NONE',  ( -1.000000000000000000, -0.0000000000000000000, 0.0000000000000000000 ) ) ;
#2490 = ORIENTED_EDGE ( 'NONE', *, *, #678, .T. ) ;
#2491 = VERTEX_POINT ( 'NONE', #8361 ) ;
#2492 = CLOSED_SHELL ( 'NONE', ( #7540, #10814, #4924, #5612, #4881, #598, #7766, #9227, #8041, #3810, #11145, #2187, #9361, #6398 ) ) ;
#2493 = LINE ( 'NONE', #7793, #5032 ) ;
#2494 = VECTOR ( 'NONE', #2948, 39.37007874015748900 ) ;
#2495 =( LENGTH_UNIT ( ) NAMED_UNIT ( * ) SI_UNIT ( $, .METRE. ) );
#2496 = DIRECTION ( 'NONE',  ( 0.0000000000000000000, -1.000000000000000000, -6.829619984160684300E-015 ) ) ;
#2497 = DIRECTION ( 'NONE',  ( -1.000000000000000000, -0.0000000000000000000, -0.0000000000000000000 ) ) ;
#2498 = EDGE_LOOP ( 'NONE', ( #6158, #179, #4290, #2003 ) ) ;
#2499 = CARTESIAN_POINT ( 'NONE',  ( 0.03500000000000003800, 0.09249999999999977700, 0.2656072902104091900 ) ) ;
#2500 = AXIS2_PLACEMENT_3D ( 'NONE', #7166, #8028, #6346 ) ;
#2501 = ORIENTED_EDGE ( 'NONE', *, *, #361, .T. ) ;
#2502 = DIRECTION ( 'NONE',  ( -1.000000000000000000, -0.0000000000000000000, 0.0000000000000000000 ) ) ;
#2503 = DIRECTION ( 'NONE',  ( 0.0000000000000000000, 0.0000000000000000000, 1.000000000000000000 ) ) ;
#2504 = CIRCLE ( 'NONE', #3575, 0.01210138312730635500 ) ;
#2505 = EDGE_CURVE ( 'NONE', #7582, #2673, #10067, .T. ) ;
#2506 = LINE ( 'NONE', #10273, #8975 ) ;
#2507 = LINE ( 'NONE', #210, #9382 ) ;
#2508 = ADVANCED_FACE ( 'NONE', ( #917 ), #1338, .T. ) ;
#2509 = ORIENTED_EDGE ( 'NONE', *, *, #7149, .T. ) ;
#2510 = DIRECTION ( 'NONE',  ( 0.0000000000000000000, -6.829619984160684300E-015, 1.000000000000000000 ) ) ;
#2511 = VECTOR ( 'NONE', #941, 39.37007874015748100 ) ;
#2512 = DIRECTION ( 'NONE',  ( 0.0000000000000000000, 1.000000000000000000, -7.193223902257864100E-015 ) ) ;
#2513 = EDGE_LOOP ( 'NONE', ( #620, #8314, #8450, #7614, #810, #8073, #4577, #3311, #4183, #974, #6840, #7474 ) ) ;
#2514 = LINE ( 'NONE', #264, #4919 ) ;
#2515 = DIRECTION ( 'NONE',  ( -1.000000000000000000, -0.0000000000000000000, -0.0000000000000000000 ) ) ;
#2516 = ORIENTED_EDGE ( 'NONE', *, *, #5061, .T. ) ;
#2517 = VECTOR ( 'NONE', #1421, 39.37007874015748100 ) ;
#2518 = DIRECTION ( 'NONE',  ( -0.0000000000000000000, 1.000000000000000000, 6.829619984160684300E-015 ) ) ;
#2519 = CARTESIAN_POINT ( 'NONE',  ( -0.2650000000000000100, 0.09076351822333045300, 0.2557592126802871200 ) ) ;
#2520 = EDGE_CURVE ( 'NONE', #9412, #10366, #1058, .T. ) ;
#2521 = AXIS2_PLACEMENT_3D ( 'NONE', #4357, #4398, #5967 ) ;
#2522 = VERTEX_POINT ( 'NONE', #5855 ) ;
#2523 = ORIENTED_EDGE ( 'NONE', *, *, #899, .T. ) ;
#2524 = ADVANCED_FACE ( 'NONE', ( #2659 ), #6694, .T. ) ;
#2525 = VECTOR ( 'NONE', #7578, 39.37007874015748100 ) ;
#2526 = DIRECTION ( 'NONE',  ( -0.0000000000000000000, -1.000000000000000000, -0.0000000000000000000 ) ) ;
#2527 = VERTEX_POINT ( 'NONE', #2486 ) ;
#2528 = CIRCLE ( 'NONE', #4669, 0.01210138312730635500 ) ;
#2529 = DIRECTION ( 'NONE',  ( 0.0000000000000000000, 0.1736481776669296100, -0.9848077530122082400 ) ) ;
#2530 = CARTESIAN_POINT ( 'NONE',  ( -0.08499999999999995100, 0.01000000000000000000, 0.2699999999999999600 ) ) ;
#2531 = ORIENTED_EDGE ( 'NONE', *, *, #1464, .T. ) ;
#2532 = ORIENTED_EDGE ( 'NONE', *, *, #1030, .F. ) ;
#2533 = CYLINDRICAL_SURFACE ( 'NONE', #3705, 0.01210138312730635500 ) ;
#2534 = EDGE_LOOP ( 'NONE', ( #7106, #6009, #8271, #3969 ) ) ;
#2535 = EDGE_CURVE ( 'NONE', #9000, #1822, #9799, .T. ) ;
#2536 = CIRCLE ( 'NONE', #1865, 0.002101383127306358700 ) ;
#2537 = AXIS2_PLACEMENT_3D ( 'NONE', #3356, #4299, #10264 ) ;
#2538 = CARTESIAN_POINT ( 'NONE',  ( -0.2650000000000000100, 0.01173648177666930900, 0.2798480775301220900 ) ) ;
#2539 = CARTESIAN_POINT ( 'NONE',  ( -0.3449999999999997500, 0.09249999999999998500, 0.2399999999999999100 ) ) ;
#2540 = EDGE_CURVE ( 'NONE', #10379, #3903, #2528, .T. ) ;
#2541 = CARTESIAN_POINT ( 'NONE',  ( 0.2850000000000000900, -3.201384367575308500E-018, -0.3150000000000000600 ) ) ;
#2542 = CARTESIAN_POINT ( 'NONE',  ( 0.1850000000000000800, 0.09249999999999974900, -0.2656072902104091300 ) ) ;
#2543 = VERTEX_POINT ( 'NONE', #10987 ) ;
#2544 = ORIENTED_EDGE ( 'NONE', *, *, #3545, .T. ) ;
#2545 = VERTEX_POINT ( 'NONE', #725 ) ;
#2546 = VECTOR ( 'NONE', #5140, 39.37007874015748900 ) ;
#2547 = LINE ( 'NONE', #7736, #8752 ) ;
#2548 = CARTESIAN_POINT ( 'NONE',  ( 0.1350000000000000600, 0.01173648177666930900, 0.2798480775301220900 ) ) ;
#2549 = DIRECTION ( 'NONE',  ( 0.0000000000000000000, 0.0000000000000000000, 1.000000000000000000 ) ) ;
#2550 = CARTESIAN_POINT ( 'NONE',  ( 0.2850000000000000900, 0.09039861687269366800, -0.2536897542844667700 ) ) ;
#2551 = AXIS2_PLACEMENT_3D ( 'NONE', #2758, #10421, #5266 ) ;
#2552 = CARTESIAN_POINT ( 'NONE',  ( 0.2850000000000000900, 0.09039861687269366800, 0.2536897542844667700 ) ) ;
#2553 = ORIENTED_EDGE ( 'NONE', *, *, #8251, .T. ) ;
#2554 = ORIENTED_EDGE ( 'NONE', *, *, #197, .T. ) ;
#2555 = EDGE_CURVE ( 'NONE', #1866, #5931, #2790, .T. ) ;
#2556 = PLANE ( 'NONE',  #2521 ) ;
#2557 = ORIENTED_EDGE ( 'NONE', *, *, #271, .F. ) ;
#2558 = PLANE ( 'NONE',  #4336 ) ;
#2559 = CARTESIAN_POINT ( 'NONE',  ( -0.1849999999999999700, 0.09249999999999977700, 0.2656072902104091900 ) ) ;
#2560 = FACE_OUTER_BOUND ( 'NONE', #9028, .T. ) ;
#2561 = ORIENTED_EDGE ( 'NONE', *, *, #7660, .T. ) ;
#2562 = CARTESIAN_POINT ( 'NONE',  ( -0.2849999999999999800, 0.01210138312730608600, 0.2819175359259424300 ) ) ;
#2563 = VERTEX_POINT ( 'NONE', #10137 ) ;
#2564 = CARTESIAN_POINT ( 'NONE',  ( -0.1349999999999999500, 0.09249999999999998500, -0.2399999999999999100 ) ) ;
#2565 = EDGE_LOOP ( 'NONE', ( #9859, #10671, #10511, #10147 ) ) ;
#2566 = ORIENTED_EDGE ( 'NONE', *, *, #428, .T. ) ;
#2567 = ADVANCED_FACE ( 'NONE', ( #10865 ), #6651, .F. ) ;
#2568 = AXIS2_PLACEMENT_3D ( 'NONE', #646, #6608, #1588 ) ;
#2569 = SURFACE_STYLE_FILL_AREA ( #4292 ) ;
#2570 = CARTESIAN_POINT ( 'NONE',  ( 0.1350000000000000600, 0.09076351822333045300, 0.2557592126802870600 ) ) ;
#2571 = AXIS2_PLACEMENT_3D ( 'NONE', #2930, #6279, #1139 ) ;
#2572 = FACE_OUTER_BOUND ( 'NONE', #5770, .T. ) ;
#2573 = EDGE_CURVE ( 'NONE', #2522, #8628, #5604, .T. ) ;
#2574 = DIRECTION ( 'NONE',  ( 0.0000000000000000000, 0.9848077530122082400, -0.1736481776669296100 ) ) ;
#2575 = EDGE_LOOP ( 'NONE', ( #10435, #9293, #1306, #10592 ) ) ;
#2576 = VERTEX_POINT ( 'NONE', #800 ) ;
#2577 = DIRECTION ( 'NONE',  ( -1.000000000000000000, -0.0000000000000000000, -0.0000000000000000000 ) ) ;
#2578 = ADVANCED_FACE ( 'NONE', ( #8311 ), #6834, .F. ) ;
#2579 = DIRECTION ( 'NONE',  ( 0.0000000000000000000, 5.999729353452748200E-015, -1.000000000000000000 ) ) ;
#2580 = LINE ( 'NONE', #6560, #4589 ) ;
#2581 = VECTOR ( 'NONE', #1862, 39.37007874015748100 ) ;
#2582 = CIRCLE ( 'NONE', #1996, 0.01210138312730632000 ) ;
#2583 = EDGE_LOOP ( 'NONE', ( #7261, #8845, #10838, #8280 ) ) ;
#2584 = STYLED_ITEM ( 'NONE', ( #5803 ), #320 ) ;
#2585 = CARTESIAN_POINT ( 'NONE',  ( -0.01499999999999994200, 0.09249999999999998500, -0.2399999999999999100 ) ) ;
#2586 = VERTEX_POINT ( 'NONE', #5069 ) ;
#2587 = EDGE_CURVE ( 'NONE', #9185, #5332, #9941, .T. ) ;
#2588 = AXIS2_PLACEMENT_3D ( 'NONE', #6828, #9477, #814 ) ;
#2589 = CARTESIAN_POINT ( 'NONE',  ( 0.01500000000000004500, 0.09249999999999998500, 0.2399999999999999100 ) ) ;
#2590 = VECTOR ( 'NONE', #8172, 39.37007874015748100 ) ;
#2591 = CARTESIAN_POINT ( 'NONE',  ( 0.1850000000000000800, 0.09076351822333045300, -0.2557592126802871200 ) ) ;
#2592 = DIRECTION ( 'NONE',  ( 1.000000000000000000, 0.0000000000000000000, -0.0000000000000000000 ) ) ;
#2593 = DIRECTION ( 'NONE',  ( -0.0000000000000000000, 0.9848077530122080200, 0.1736481776669304100 ) ) ;
#2594 = CARTESIAN_POINT ( 'NONE',  ( -0.2650000000000000100, -2.411709556906732200E-016, -0.2819175359259424900 ) ) ;
#2595 = CARTESIAN_POINT ( 'NONE',  ( 0.03500000000000003800, 0.09249999999999998500, -0.2399999999999999100 ) ) ;
#2596 = EDGE_LOOP ( 'NONE', ( #6181, #5624, #2396, #3571, #1762, #8283, #4743, #2707, #260, #6086, #2217, #6385 ) ) ;
#2597 = VECTOR ( 'NONE', #818, 39.37007874015748100 ) ;
#2598 = CARTESIAN_POINT ( 'NONE',  ( -0.2849999999999999800, 0.1024999999999999800, 0.2399999999999999100 ) ) ;
#2599 = LINE ( 'NONE', #1971, #2317 ) ;
#2600 = CARTESIAN_POINT ( 'NONE',  ( -0.2849999999999999800, 0.09039861687269366800, 0.2536897542844667700 ) ) ;
#2601 = EDGE_CURVE ( 'NONE', #4965, #6174, #129, .T. ) ;
#2602 = PLANE ( 'NONE',  #2995 ) ;
#2603 = ORIENTED_EDGE ( 'NONE', *, *, #8302, .T. ) ;
#2604 = DIRECTION ( 'NONE',  ( 0.0000000000000000000, -0.0000000000000000000, -1.000000000000000000 ) ) ;
#2605 = LINE ( 'NONE', #11041, #2460 ) ;
#2606 = EDGE_CURVE ( 'NONE', #3395, #717, #7642, .T. ) ;
#2607 = AXIS2_PLACEMENT_3D ( 'NONE', #340, #2020, #8940 ) ;
#2608 = LINE ( 'NONE', #3714, #10021 ) ;
#2609 = ORIENTED_EDGE ( 'NONE', *, *, #1415, .F. ) ;
#2610 = ORIENTED_EDGE ( 'NONE', *, *, #2250, .F. ) ;
#2611 = VECTOR ( 'NONE', #8661, 39.37007874015748100 ) ;
#2612 = CARTESIAN_POINT ( 'NONE',  ( 0.2350000000000000400, 0.009999999999999753900, 0.2819175359259424300 ) ) ;
#2613 = VERTEX_POINT ( 'NONE', #1541 ) ;
#2614 = DIRECTION ( 'NONE',  ( 0.0000000000000000000, 1.000000000000000000, -6.829619984160661400E-015 ) ) ;
#2615 = CARTESIAN_POINT ( 'NONE',  ( -0.1149999999999999600, 0.1024999999999999800, 0.2399999999999999100 ) ) ;
#2616 = VECTOR ( 'NONE', #7574, 39.37007874015748100 ) ;
#2617 = DIRECTION ( 'NONE',  ( -1.000000000000000000, -0.0000000000000000000, -0.0000000000000000000 ) ) ;
#2618 = EDGE_CURVE ( 'NONE', #7297, #5226, #261, .T. ) ;
#2619 = CARTESIAN_POINT ( 'NONE',  ( -0.06499999999999996100, 0.009999999999999993300, 0.3150000000000000000 ) ) ;
#2620 = AXIS2_PLACEMENT_3D ( 'NONE', #4296, #9576, #10295 ) ;
#2621 = ORIENTED_EDGE ( 'NONE', *, *, #7590, .F. ) ;
#2622 = ORIENTED_EDGE ( 'NONE', *, *, #4333, .T. ) ;
#2623 = EDGE_CURVE ( 'NONE', #7866, #10761, #385, .T. ) ;
#2624 = ADVANCED_FACE ( 'NONE', ( #5202 ), #7641, .F. ) ;
#2625 = EDGE_LOOP ( 'NONE', ( #8921, #10898, #8458, #8115 ) ) ;
#2626 = CARTESIAN_POINT ( 'NONE',  ( 0.01500000000000004500, 0.09039861687269366800, 0.2536897542844667700 ) ) ;
#2627 = CIRCLE ( 'NONE', #10231, 0.02750000000000001400 ) ;
#2628 = CARTESIAN_POINT ( 'NONE',  ( -0.06499999999999996100, 0.01210138312730608600, -0.2819175359259424300 ) ) ;
#2629 = CARTESIAN_POINT ( 'NONE',  ( 0.2850000000000000900, 0.01210138312730608600, -0.2819175359259424300 ) ) ;
#2630 = CARTESIAN_POINT ( 'NONE',  ( 0.1850000000000000800, 0.009999999999999753900, 0.2819175359259424300 ) ) ;
#2631 = CARTESIAN_POINT ( 'NONE',  ( 0.2650000000000000700, 0.01210138312730608600, 0.2819175359259424300 ) ) ;
#2632 = ORIENTED_EDGE ( 'NONE', *, *, #209, .F. ) ;
#2633 = VERTEX_POINT ( 'NONE', #5896 ) ;
#2634 = FACE_OUTER_BOUND ( 'NONE', #5906, .T. ) ;
#2635 = ADVANCED_FACE ( 'NONE', ( #9679 ), #1994, .T. ) ;
#2636 = CARTESIAN_POINT ( 'NONE',  ( -0.2650000000000000100, 0.09039861687269366800, -0.2536897542844667700 ) ) ;
#2637 = CARTESIAN_POINT ( 'NONE',  ( -0.08499999999999995100, 0.09249999999999999900, -0.2536897542844667700 ) ) ;
#2638 = EDGE_CURVE ( 'NONE', #5636, #4000, #11143, .T. ) ;
#2639 = CARTESIAN_POINT ( 'NONE',  ( 0.06500000000000005800, 0.1024999999999999800, -0.2399999999999999100 ) ) ;
#2640 = DIRECTION ( 'NONE',  ( 0.0000000000000000000, 7.193223902257864100E-015, 1.000000000000000000 ) ) ;
#2641 = UNCERTAINTY_MEASURE_WITH_UNIT (LENGTH_MEASURE( 1.000000000000000100E-005 ), #9258, 'distance_accuracy_value', 'NONE');
#2642 = ORIENTED_EDGE ( 'NONE', *, *, #8405, .F. ) ;
#2643 = CIRCLE ( 'NONE', #8249, 0.002101383127306358700 ) ;
#2644 = ORIENTED_EDGE ( 'NONE', *, *, #1446, .T. ) ;
#2645 = COLOUR_RGB ( '',0.7921568627450980000, 0.8196078431372548800, 0.9333333333333333500 ) ;
#2646 = FACE_OUTER_BOUND ( 'NONE', #925, .T. ) ;
#2647 = VECTOR ( 'NONE', #4237, 39.37007874015748100 ) ;
#2648 = DIRECTION ( 'NONE',  ( -0.0000000000000000000, 1.000000000000000000, -0.0000000000000000000 ) ) ;
#2649 = DIRECTION ( 'NONE',  ( 1.000000000000000000, 0.0000000000000000000, 0.0000000000000000000 ) ) ;
#2650 = CARTESIAN_POINT ( 'NONE',  ( -0.1849999999999999700, 0.09249999999999998500, 0.2399999999999999100 ) ) ;
#2651 = DIRECTION ( 'NONE',  ( -0.0000000000000000000, 1.000000000000000000, 6.829619984160684300E-015 ) ) ;
#2652 = CARTESIAN_POINT ( 'NONE',  ( -0.2150000000000000000, 0.09039861687269366800, 0.2536897542844667700 ) ) ;
#2653 = ORIENTED_EDGE ( 'NONE', *, *, #976, .F. ) ;
#2654 = EDGE_CURVE ( 'NONE', #3199, #2084, #8592, .T. ) ;
#2655 = VECTOR ( 'NONE', #3878, 39.37007874015748900 ) ;
#2656 = DIRECTION ( 'NONE',  ( -0.0000000000000000000, 1.000000000000000000, -0.0000000000000000000 ) ) ;
#2657 = ORIENTED_EDGE ( 'NONE', *, *, #176, .T. ) ;
#2658 = CIRCLE ( 'NONE', #5142, 0.002101383127306358700 ) ;
#2659 = FACE_OUTER_BOUND ( 'NONE', #1634, .T. ) ;
#2660 = DIRECTION ( 'NONE',  ( 1.000000000000000000, 0.0000000000000000000, 0.0000000000000000000 ) ) ;
#2661 = CARTESIAN_POINT ( 'NONE',  ( 0.1350000000000000600, 0.01210138312730608600, 0.2819175359259424300 ) ) ;
#2662 = DIRECTION ( 'NONE',  ( 0.0000000000000000000, 0.0000000000000000000, -1.000000000000000000 ) ) ;
#2663 = ORIENTED_EDGE ( 'NONE', *, *, #3877, .T. ) ;
#2664 = ORIENTED_EDGE ( 'NONE', *, *, #3510, .T. ) ;
#2665 = DIRECTION ( 'NONE',  ( 1.000000000000000000, 0.0000000000000000000, 0.0000000000000000000 ) ) ;
#2666 = LINE ( 'NONE', #8691, #11004 ) ;
#2667 = VERTEX_POINT ( 'NONE', #6892 ) ;
#2668 = CARTESIAN_POINT ( 'NONE',  ( 0.2850000000000000900, 0.009999999999999753900, -0.2819175359259424300 ) ) ;
#2669 = LINE ( 'NONE', #1973, #10881 ) ;
#2670 = CARTESIAN_POINT ( 'NONE',  ( -0.2857222057372608100, 0.2249999999999998700, 0.1807222057372607800 ) ) ;
#2671 = EDGE_CURVE ( 'NONE', #1595, #9156, #1320, .T. ) ;
#2672 = AXIS2_PLACEMENT_3D ( 'NONE', #406, #10706, #8972 ) ;
#2673 = VERTEX_POINT ( 'NONE', #7791 ) ;
#2674 = ORIENTED_EDGE ( 'NONE', *, *, #2417, .F. ) ;
#2675 = FACE_OUTER_BOUND ( 'NONE', #11034, .T. ) ;
#2676 = DIRECTION ( 'NONE',  ( -1.000000000000000000, -0.0000000000000000000, -0.0000000000000000000 ) ) ;
#2677 = FACE_OUTER_BOUND ( 'NONE', #2283, .T. ) ;
#2678 = DIMENSIONAL_EXPONENTS ( 1.000000000000000000, 0.0000000000000000000, 0.0000000000000000000, 0.0000000000000000000, 0.0000000000000000000, 0.0000000000000000000, 0.0000000000000000000 ) ;
#2679 = VERTEX_POINT ( 'NONE', #10439 ) ;
#2680 = ORIENTED_EDGE ( 'NONE', *, *, #3374, .F. ) ;
#2681 = ORIENTED_EDGE ( 'NONE', *, *, #5093, .T. ) ;
#2682 = EDGE_CURVE ( 'NONE', #8909, #7871, #8581, .T. ) ;
#2683 = LINE ( 'NONE', #2519, #4828 ) ;
#2684 = CARTESIAN_POINT ( 'NONE',  ( 0.1350000000000000600, 0.1024999999999999800, -0.2399999999999999100 ) ) ;
#2685 =( NAMED_UNIT ( * ) SI_UNIT ( $, .STERADIAN. ) SOLID_ANGLE_UNIT ( ) );
#2686 = CARTESIAN_POINT ( 'NONE',  ( -0.2150000000000000000, 0.1024999999999999800, 0.2399999999999999100 ) ) ;
#2687 = EDGE_CURVE ( 'NONE', #6849, #5233, #6683, .T. ) ;
#2688 = VECTOR ( 'NONE', #1575, 39.37007874015748100 ) ;
#2689 = EDGE_LOOP ( 'NONE', ( #4598, #6322, #9440, #5643, #2263, #5165, #4328, #9446, #9196, #9218, #11002, #4020 ) ) ;
#2690 = DIRECTION ( 'NONE',  ( -0.0000000000000000000, -5.999729353452747400E-015, 1.000000000000000000 ) ) ;
#2691 = ADVANCED_FACE ( 'NONE', ( #10606 ), #3982, .F. ) ;
#2692 = CARTESIAN_POINT ( 'NONE',  ( -0.3449999999999998600, 0.1024999999999999800, -0.2399999999999996300 ) ) ;
#2693 = ORIENTED_EDGE ( 'NONE', *, *, #5320, .F. ) ;
#2694 = CARTESIAN_POINT ( 'NONE',  ( -0.01499999999999994200, 0.1024999999999999800, -0.2399999999999999100 ) ) ;
#2695 = EDGE_LOOP ( 'NONE', ( #10483, #10294, #653, #3699 ) ) ;
#2696 = ORIENTED_EDGE ( 'NONE', *, *, #7982, .T. ) ;
#2697 = ORIENTED_EDGE ( 'NONE', *, *, #9700, .F. ) ;
#2698 = VECTOR ( 'NONE', #8892, 39.37007874015748900 ) ;
#2699 = ORIENTED_EDGE ( 'NONE', *, *, #4047, .F. ) ;
#2700 = DIRECTION ( 'NONE',  ( 0.0000000000000000000, 0.0000000000000000000, 1.000000000000000000 ) ) ;
#2701 = DIRECTION ( 'NONE',  ( -1.000000000000000000, -0.0000000000000000000, -0.0000000000000000000 ) ) ;
#2702 = CIRCLE ( 'NONE', #10673, 0.01210138312730635500 ) ;
#2703 = AXIS2_PLACEMENT_3D ( 'NONE', #3115, #10805, #9049 ) ;
#2704 = CARTESIAN_POINT ( 'NONE',  ( -0.1149999999999999600, 0.09249999999999977700, 0.2656072902104091900 ) ) ;
#2705 = EDGE_CURVE ( 'NONE', #9248, #7088, #5719, .T. ) ;
#2706 = VERTEX_POINT ( 'NONE', #2637 ) ;
#2707 = ORIENTED_EDGE ( 'NONE', *, *, #1681, .T. ) ;
#2708 = DIRECTION ( 'NONE',  ( 1.000000000000000000, 0.0000000000000000000, 0.0000000000000000000 ) ) ;
#2709 = CARTESIAN_POINT ( 'NONE',  ( -0.06499999999999996100, 0.09076351822333045300, 0.2557592126802870600 ) ) ;
#2710 = ORIENTED_EDGE ( 'NONE', *, *, #501, .F. ) ;
#2711 = ORIENTED_EDGE ( 'NONE', *, *, #5468, .F. ) ;
#2712 = SURFACE_STYLE_FILL_AREA ( #4090 ) ;
#2713 = ORIENTED_EDGE ( 'NONE', *, *, #10074, .F. ) ;
#2714 = VECTOR ( 'NONE', #4319, 39.37007874015748100 ) ;
#2715 = DIRECTION ( 'NONE',  ( -1.000000000000000000, -0.0000000000000000000, -0.0000000000000000000 ) ) ;
#2716 = DIRECTION ( 'NONE',  ( 0.0000000000000000000, -0.0000000000000000000, 1.000000000000000000 ) ) ;
#2717 = LINE ( 'NONE', #8128, #3788 ) ;
#2718 = ORIENTED_EDGE ( 'NONE', *, *, #9015, .F. ) ;
#2719 = ORIENTED_EDGE ( 'NONE', *, *, #5354, .F. ) ;
#2720 = CARTESIAN_POINT ( 'NONE',  ( 0.1350000000000000600, 0.01000000000000000000, 0.2699999999999999600 ) ) ;
#2721 = AXIS2_PLACEMENT_3D ( 'NONE', #7918, #7054, #6121 ) ;
#2722 = EDGE_CURVE ( 'NONE', #1722, #4596, #505, .T. ) ;
#2723 = CARTESIAN_POINT ( 'NONE',  ( 0.1850000000000000800, 0.1024999999999999800, -0.2399999999999999100 ) ) ;
#2724 = LINE ( 'NONE', #8828, #2581 ) ;
#2725 = DIRECTION ( 'NONE',  ( 0.0000000000000000000, 0.0000000000000000000, 1.000000000000000000 ) ) ;
#2726 = DIRECTION ( 'NONE',  ( 0.0000000000000000000, 0.0000000000000000000, -1.000000000000000000 ) ) ;
#2727 = CIRCLE ( 'NONE', #639, 0.002101383127306358700 ) ;
#2728 = ORIENTED_EDGE ( 'NONE', *, *, #5578, .T. ) ;
#2729 = FACE_OUTER_BOUND ( 'NONE', #2844, .T. ) ;
#2730 = EDGE_CURVE ( 'NONE', #8162, #3513, #8296, .T. ) ;
#2731 = MECHANICAL_DESIGN_GEOMETRIC_PRESENTATION_REPRESENTATION (  '', ( #3142 ), #3297 ) ;
#2732 = ORIENTED_EDGE ( 'NONE', *, *, #2080, .F. ) ;
#2733 = VECTOR ( 'NONE', #7169, 39.37007874015748100 ) ;
#2734 = EDGE_CURVE ( 'NONE', #9412, #7019, #7344, .T. ) ;
#2735 =( GEOMETRIC_REPRESENTATION_CONTEXT ( 3 ) GLOBAL_UNCERTAINTY_ASSIGNED_CONTEXT ( ( #5449 ) ) GLOBAL_UNIT_ASSIGNED_CONTEXT ( ( #1395, #6458, #7392 ) ) REPRESENTATION_CONTEXT ( 'NONE', 'WORKASPACE' ) );
#2736 = DIRECTION ( 'NONE',  ( -1.000000000000000000, -0.0000000000000000000, -0.0000000000000000000 ) ) ;
#2737 = DIRECTION ( 'NONE',  ( 0.0000000000000000000, -0.1736481776669296100, -0.9848077530122082400 ) ) ;
#2738 = ORIENTED_EDGE ( 'NONE', *, *, #3992, .T. ) ;
#2739 = CARTESIAN_POINT ( 'NONE',  ( -0.1349999999999999500, 0.09249999999999998500, 0.2536897542844667700 ) ) ;
#2740 = CARTESIAN_POINT ( 'NONE',  ( -0.06499999999999996100, 0.01210138312730608600, 0.2819175359259424300 ) ) ;
#2741 = CARTESIAN_POINT ( 'NONE',  ( 0.1350000000000000600, 0.01173648177666930000, -0.2798480775301220900 ) ) ;
#2742 = ORIENTED_EDGE ( 'NONE', *, *, #7045, .T. ) ;
#2743 = FACE_OUTER_BOUND ( 'NONE', #9136, .T. ) ;
#2744 = ADVANCED_FACE ( 'NONE', ( #7756 ), #1577, .F. ) ;
#2745 = CARTESIAN_POINT ( 'NONE',  ( -0.06499999999999996100, 0.09249999999999974900, -0.2656072902104091300 ) ) ;
#2746 = DIRECTION ( 'NONE',  ( -0.0000000000000000000, -0.0000000000000000000, 1.000000000000000000 ) ) ;
#2747 = VERTEX_POINT ( 'NONE', #5285 ) ;
#2748 = EDGE_CURVE ( 'NONE', #3395, #1095, #9393, .T. ) ;
#2749 = AXIS2_PLACEMENT_3D ( 'NONE', #4786, #3888, #8187 ) ;
#2750 = ORIENTED_EDGE ( 'NONE', *, *, #6773, .F. ) ;
#2751 = VECTOR ( 'NONE', #11129, 39.37007874015748900 ) ;
#2752 = VECTOR ( 'NONE', #9648, 39.37007874015748100 ) ;
#2753 = EDGE_LOOP ( 'NONE', ( #5961, #7526, #7779, #1209 ) ) ;
#2754 = PLANE ( 'NONE',  #6817 ) ;
#2755 = ORIENTED_EDGE ( 'NONE', *, *, #5367, .F. ) ;
#2756 = CARTESIAN_POINT ( 'NONE',  ( -0.2349999999999999900, 0.09039861687269366800, 0.2536897542844667700 ) ) ;
#2757 = LINE ( 'NONE', #3541, #6946 ) ;
#2758 = CARTESIAN_POINT ( 'NONE',  ( 0.2350000000000000400, 0.1024999999999999800, 0.2399999999999999100 ) ) ;
#2759 = FACE_OUTER_BOUND ( 'NONE', #8639, .T. ) ;
#2760 = EDGE_CURVE ( 'NONE', #7499, #7808, #6277, .T. ) ;
#2761 = DIRECTION ( 'NONE',  ( 0.0000000000000000000, 7.193223902257864100E-015, -1.000000000000000000 ) ) ;
#2762 = EDGE_CURVE ( 'NONE', #3012, #7297, #2242, .T. ) ;
#2763 = ORIENTED_EDGE ( 'NONE', *, *, #10741, .T. ) ;
#2764 = DIRECTION ( 'NONE',  ( 0.0000000000000000000, 0.0000000000000000000, 1.000000000000000000 ) ) ;
#2765 = DIRECTION ( 'NONE',  ( 0.0000000000000000000, 1.000000000000000000, -7.193223902257864100E-015 ) ) ;
#2766 = CARTESIAN_POINT ( 'NONE',  ( 0.1850000000000000800, 0.1024999999999999800, -0.2536897542844667700 ) ) ;
#2767 = EDGE_LOOP ( 'NONE', ( #1364, #5492, #4476, #4764, #6194, #11148, #10226, #8029, #9993, #4835, #10343, #6897 ) ) ;
#2768 = LINE ( 'NONE', #8058, #5577 ) ;
#2769 = CARTESIAN_POINT ( 'NONE',  ( 0.1150000000000000700, 0.009999999999999993300, 0.3150000000000000000 ) ) ;
#2770 = FACE_OUTER_BOUND ( 'NONE', #10724, .T. ) ;
#2771 = CARTESIAN_POINT ( 'NONE',  ( -0.1149999999999999600, 0.01210138312730608600, 0.2819175359259424300 ) ) ;
#2772 = LINE ( 'NONE', #4284, #496 ) ;
#2773 = DIRECTION ( 'NONE',  ( 0.0000000000000000000, 0.9848077530122082400, -0.1736481776669296100 ) ) ;
#2774 = DIRECTION ( 'NONE',  ( 0.0000000000000000000, 0.9848077530122082400, -0.1736481776669296100 ) ) ;
#2775 = ORIENTED_EDGE ( 'NONE', *, *, #5692, .F. ) ;
#2776 = AXIS2_PLACEMENT_3D ( 'NONE', #8663, #10245, #11134 ) ;
#2777 = ORIENTED_EDGE ( 'NONE', *, *, #10481, .F. ) ;
#2778 = LINE ( 'NONE', #3413, #9107 ) ;
#2779 = STYLED_ITEM ( 'NONE', ( #233 ), #8988 ) ;
#2780 = ORIENTED_EDGE ( 'NONE', *, *, #8251, .F. ) ;
#2781 = VECTOR ( 'NONE', #5908, 39.37007874015748100 ) ;
#2782 = EDGE_CURVE ( 'NONE', #5663, #5257, #10996, .T. ) ;
#2783 = LINE ( 'NONE', #8161, #493 ) ;
#2784 = CARTESIAN_POINT ( 'NONE',  ( 0.03500000000000003800, 0.01173648177666930000, -0.2798480775301220900 ) ) ;
#2785 = CARTESIAN_POINT ( 'NONE',  ( -0.03499999999999993400, 0.09039861687269366800, -0.2536897542844667700 ) ) ;
#2786 = CLOSED_SHELL ( 'NONE', ( #896, #454, #5395, #10438, #7258, #3983, #7478, #5994, #545, #8630, #5653, #4149, #8393, #8379 ) ) ;
#2787 = EDGE_LOOP ( 'NONE', ( #3528, #4495, #5085, #228 ) ) ;
#2788 = CIRCLE ( 'NONE', #6219, 0.002101383127306324400 ) ;
#2789 = ORIENTED_EDGE ( 'NONE', *, *, #1233, .T. ) ;
#2790 = CIRCLE ( 'NONE', #8204, 0.002101383127306358700 ) ;
#2791 = DIRECTION ( 'NONE',  ( 0.0000000000000000000, 0.0000000000000000000, 1.000000000000000000 ) ) ;
#2792 = CARTESIAN_POINT ( 'NONE',  ( -0.06499999999999996100, 0.009999999999999753900, 0.2819175359259424300 ) ) ;
#2793 = CARTESIAN_POINT ( 'NONE',  ( -0.08499999999999995100, 0.1024999999999999800, -0.2399999999999999100 ) ) ;
#2794 = EDGE_CURVE ( 'NONE', #3012, #6033, #10731, .T. ) ;
#2795 = AXIS2_PLACEMENT_3D ( 'NONE', #7545, #10198, #1496 ) ;
#2796 = CARTESIAN_POINT ( 'NONE',  ( 0.06500000000000005800, 0.09249999999999977700, 0.2656072902104091900 ) ) ;
#2797 = DIRECTION ( 'NONE',  ( 1.000000000000000000, 0.0000000000000000000, 0.0000000000000000000 ) ) ;
#2798 = CARTESIAN_POINT ( 'NONE',  ( 0.2850000000000000900, 0.1024999999999999800, -0.2536897542844667700 ) ) ;
#2799 = EDGE_CURVE ( 'NONE', #4622, #137, #8851, .T. ) ;
#2800 = ADVANCED_FACE ( 'NONE', ( #4527 ), #4788, .T. ) ;
#2801 = CARTESIAN_POINT ( 'NONE',  ( 0.2150000000000000500, -2.411709556906732200E-016, -0.2819175359259424900 ) ) ;
#2802 = AXIS2_PLACEMENT_3D ( 'NONE', #8056, #10635, #6431 ) ;
#2803 = EDGE_LOOP ( 'NONE', ( #5556, #5384, #8484, #6204 ) ) ;
#2804 = ORIENTED_EDGE ( 'NONE', *, *, #1850, .T. ) ;
#2805 = FACE_OUTER_BOUND ( 'NONE', #7216, .T. ) ;
#2806 = CARTESIAN_POINT ( 'NONE',  ( 0.2350000000000000400, 0.009999999999999956800, -0.3150000000000000000 ) ) ;
#2807 = VERTEX_POINT ( 'NONE', #9101 ) ;
#2808 = ORIENTED_EDGE ( 'NONE', *, *, #2113, .F. ) ;
#2809 = LINE ( 'NONE', #5954, #10375 ) ;
#2810 = DIRECTION ( 'NONE',  ( 0.0000000000000000000, 0.0000000000000000000, 1.000000000000000000 ) ) ;
#2811 = DIRECTION ( 'NONE',  ( 0.0000000000000000000, 1.000000000000000000, -6.829619984160661400E-015 ) ) ;
#2812 = DIRECTION ( 'NONE',  ( -1.000000000000000000, -0.0000000000000000000, -0.0000000000000000000 ) ) ;
#2813 = CARTESIAN_POINT ( 'NONE',  ( -0.2150000000000000000, 0.009999999999999753900, 0.2819175359259424300 ) ) ;
#2814 = DIRECTION ( 'NONE',  ( -1.000000000000000000, -0.0000000000000000000, -0.0000000000000000000 ) ) ;
#2815 = ORIENTED_EDGE ( 'NONE', *, *, #5286, .T. ) ;
#2816 = VERTEX_POINT ( 'NONE', #8004 ) ;
#2817 = VECTOR ( 'NONE', #1804, 39.37007874015748100 ) ;
#2818 = EDGE_CURVE ( 'NONE', #8278, #3199, #10342, .T. ) ;
#2819 = ORIENTED_EDGE ( 'NONE', *, *, #5534, .F. ) ;
#2820 = DIRECTION ( 'NONE',  ( 0.0000000000000000000, 0.0000000000000000000, 1.000000000000000000 ) ) ;
#2821 = CARTESIAN_POINT ( 'NONE',  ( -0.1149999999999999600, 0.09249999999999977700, 0.2656072902104091900 ) ) ;
#2822 = EDGE_CURVE ( 'NONE', #788, #7874, #10055, .T. ) ;
#2823 = LINE ( 'NONE', #1989, #1076 ) ;
#2824 = DIRECTION ( 'NONE',  ( 0.0000000000000000000, 0.0000000000000000000, -1.000000000000000000 ) ) ;
#2825 = VERTEX_POINT ( 'NONE', #7210 ) ;
#2826 = ORIENTED_EDGE ( 'NONE', *, *, #7358, .F. ) ;
#2827 = VERTEX_POINT ( 'NONE', #9755 ) ;
#2828 = VECTOR ( 'NONE', #265, 39.37007874015748900 ) ;
#2829 = EDGE_LOOP ( 'NONE', ( #7100, #6130, #4242, #11039 ) ) ;
#2830 = ORIENTED_EDGE ( 'NONE', *, *, #486, .T. ) ;
#2831 = EDGE_CURVE ( 'NONE', #4774, #1418, #3598, .T. ) ;
#2832 = ORIENTED_EDGE ( 'NONE', *, *, #9620, .F. ) ;
#2833 = AXIS2_PLACEMENT_3D ( 'NONE', #7521, #5071, #1543 ) ;
#2834 = DIRECTION ( 'NONE',  ( -1.000000000000000000, -0.0000000000000000000, -0.0000000000000000000 ) ) ;
#2835 =( LENGTH_UNIT ( ) NAMED_UNIT ( * ) SI_UNIT ( $, .METRE. ) );
#2836 = ORIENTED_EDGE ( 'NONE', *, *, #2914, .F. ) ;
#2837 = ORIENTED_EDGE ( 'NONE', *, *, #10567, .F. ) ;
#2838 = EDGE_CURVE ( 'NONE', #647, #10224, #10207, .T. ) ;
#2839 = DIRECTION ( 'NONE',  ( -1.000000000000000000, -0.0000000000000000000, 0.0000000000000000000 ) ) ;
#2840 = DIRECTION ( 'NONE',  ( -0.0000000000000000000, 1.000000000000000000, -0.0000000000000000000 ) ) ;
#2841 = CARTESIAN_POINT ( 'NONE',  ( -0.1649999999999999800, 0.09039861687269366800, -0.2536897542844667700 ) ) ;
#2842 = VERTEX_POINT ( 'NONE', #9250 ) ;
#2843 = CARTESIAN_POINT ( 'NONE',  ( -0.1149999999999999600, 0.09076351822333045300, -0.2557592126802871200 ) ) ;
#2844 = EDGE_LOOP ( 'NONE', ( #4785, #9946, #5512, #7240 ) ) ;
#2845 = ORIENTED_EDGE ( 'NONE', *, *, #7500, .F. ) ;
#2846 = DIRECTION ( 'NONE',  ( 0.03487826274237469000, 0.9987827659587182900, -0.03487826274237471700 ) ) ;
#2847 = EDGE_LOOP ( 'NONE', ( #10750, #4166, #3558, #9972 ) ) ;
#2848 = DIRECTION ( 'NONE',  ( 1.000000000000000000, 0.0000000000000000000, -0.0000000000000000000 ) ) ;
#2849 = CARTESIAN_POINT ( 'NONE',  ( 0.03500000000000003800, 0.09249999999999977700, 0.2656072902104091900 ) ) ;
#2850 = MECHANICAL_DESIGN_GEOMETRIC_PRESENTATION_REPRESENTATION (  '', ( #3646 ), #6734 ) ;
#2851 = LINE ( 'NONE', #10159, #8786 ) ;
#2852 = EDGE_CURVE ( 'NONE', #1594, #7542, #7900, .T. ) ;
#2853 = CIRCLE ( 'NONE', #4045, 0.002101383127306324400 ) ;
#2854 = VECTOR ( 'NONE', #1027, 39.37007874015748100 ) ;
#2855 = ORIENTED_EDGE ( 'NONE', *, *, #2555, .T. ) ;
#2856 = DIRECTION ( 'NONE',  ( 0.0000000000000000000, -6.829619984160661400E-015, -1.000000000000000000 ) ) ;
#2857 = ORIENTED_EDGE ( 'NONE', *, *, #10968, .T. ) ;
#2858 = ADVANCED_FACE ( 'NONE', ( #6413 ), #1851, .T. ) ;
#2859 = CYLINDRICAL_SURFACE ( 'NONE', #3355, 0.01210138312730635500 ) ;
#2860 = DIRECTION ( 'NONE',  ( -0.0000000000000000000, 0.9848077530122082400, -0.1736481776669296100 ) ) ;
#2861 = CARTESIAN_POINT ( 'NONE',  ( 0.1850000000000000800, 0.09249999999999998500, 0.2399999999999999100 ) ) ;
#2862 = ORIENTED_EDGE ( 'NONE', *, *, #4759, .F. ) ;
#2863 = LINE ( 'NONE', #3277, #11080 ) ;
#2864 = PLANE ( 'NONE',  #5270 ) ;
#2865 = EDGE_CURVE ( 'NONE', #1473, #8519, #5591, .T. ) ;
#2866 = CARTESIAN_POINT ( 'NONE',  ( -0.1649999999999999800, 0.1024999999999999800, -0.2536897542844667700 ) ) ;
#2867 = DIRECTION ( 'NONE',  ( 0.0000000000000000000, 1.000000000000000000, -6.829619984160661400E-015 ) ) ;
#2868 = ORIENTED_EDGE ( 'NONE', *, *, #5726, .T. ) ;
#2869 = VECTOR ( 'NONE', #10775, 39.37007874015748100 ) ;
#2870 = CARTESIAN_POINT ( 'NONE',  ( 0.1650000000000000900, 0.09249999999999999900, -0.2536897542844667700 ) ) ;
#2871 = DIRECTION ( 'NONE',  ( -1.000000000000000000, -0.0000000000000000000, -0.0000000000000000000 ) ) ;
#2872 = DIRECTION ( 'NONE',  ( 0.0000000000000000000, 0.0000000000000000000, 1.000000000000000000 ) ) ;
#2873 = CARTESIAN_POINT ( 'NONE',  ( 0.06500000000000005800, 0.009999999999999993300, 0.3150000000000000000 ) ) ;
#2874 = CYLINDRICAL_SURFACE ( 'NONE', #9687, 0.002101383127306358700 ) ;
#2875 = DIRECTION ( 'NONE',  ( 0.0000000000000000000, -1.000000000000000000, -5.999729353452748200E-015 ) ) ;
#2876 = VERTEX_POINT ( 'NONE', #1497 ) ;
#2877 = VERTEX_POINT ( 'NONE', #1458 ) ;
#2878 = VECTOR ( 'NONE', #3603, 39.37007874015748100 ) ;
#2879 = EDGE_CURVE ( 'NONE', #6054, #1822, #3317, .T. ) ;
#2880 = AXIS2_PLACEMENT_3D ( 'NONE', #11008, #786, #9367 ) ;
#2881 = EDGE_LOOP ( 'NONE', ( #3347, #6471, #5909, #1920 ) ) ;
#2882 = CARTESIAN_POINT ( 'NONE',  ( -0.2849999999999999800, -2.411709556906732200E-016, 0.2819175359259424900 ) ) ;
#2883 = LINE ( 'NONE', #7751, #5026 ) ;
#2884 = CARTESIAN_POINT ( 'NONE',  ( 0.3407222057372610900, 0.2249999999999998700, 0.2357222057372608000 ) ) ;
#2885 = DIRECTION ( 'NONE',  ( 0.0000000000000000000, 5.999729353452748200E-015, -1.000000000000000000 ) ) ;
#2886 = EDGE_LOOP ( 'NONE', ( #1875, #11066, #2699, #258 ) ) ;
#2887 = CARTESIAN_POINT ( 'NONE',  ( -0.01499999999999994200, 0.01210138312730608600, -0.2819175359259424300 ) ) ;
#2888 = VERTEX_POINT ( 'NONE', #10823 ) ;
#2889 = LINE ( 'NONE', #6601, #2091 ) ;
#2890 = VECTOR ( 'NONE', #3018, 39.37007874015748100 ) ;
#2891 = CARTESIAN_POINT ( 'NONE',  ( 0.1150000000000000700, 0.09249999999999998500, 0.2399999999999999100 ) ) ;
#2892 = DIRECTION ( 'NONE',  ( -0.0000000000000000000, -0.0000000000000000000, -1.000000000000000000 ) ) ;
#2893 = EDGE_CURVE ( 'NONE', #4019, #2155, #11133, .T. ) ;
#2894 = ORIENTED_EDGE ( 'NONE', *, *, #176, .F. ) ;
#2895 = VERTEX_POINT ( 'NONE', #6600 ) ;
#2896 = EDGE_CURVE ( 'NONE', #3916, #34, #8169, .T. ) ;
#2897 = CARTESIAN_POINT ( 'NONE',  ( 0.2650000000000000700, 0.09076351822333045300, -0.2557592126802871200 ) ) ;
#2898 = CLOSED_SHELL ( 'NONE', ( #5215, #8225, #1397, #10705, #1623, #3369, #2456, #234, #10856, #7878, #3592, #5667, #2567, #10601 ) ) ;
#2899 = VECTOR ( 'NONE', #6138, 39.37007874015748100 ) ;
#2900 = CYLINDRICAL_SURFACE ( 'NONE', #10806, 0.01210138312730635500 ) ;
#2901 = CYLINDRICAL_SURFACE ( 'NONE', #2672, 0.01210138312730635500 ) ;
#2902 = FILL_AREA_STYLE_COLOUR ( '', #3117 ) ;
#2903 = DIRECTION ( 'NONE',  ( -0.0000000000000000000, 1.000000000000000000, 6.829619984160684300E-015 ) ) ;
#2904 =( LENGTH_UNIT ( ) NAMED_UNIT ( * ) SI_UNIT ( $, .METRE. ) );
#2905 = DIRECTION ( 'NONE',  ( 1.000000000000000000, 0.0000000000000000000, -0.0000000000000000000 ) ) ;
#2906 = DIRECTION ( 'NONE',  ( 0.0000000000000000000, 0.9848077530122082400, -0.1736481776669296100 ) ) ;
#2907 = ORIENTED_EDGE ( 'NONE', *, *, #10888, .F. ) ;
#2908 = ADVANCED_FACE ( 'NONE', ( #5326 ), #7083, .F. ) ;
#2909 = DIRECTION ( 'NONE',  ( -1.000000000000000000, -0.0000000000000000000, -0.0000000000000000000 ) ) ;
#2910 = ORIENTED_EDGE ( 'NONE', *, *, #3925, .F. ) ;
#2911 = FACE_OUTER_BOUND ( 'NONE', #2021, .T. ) ;
#2912 = LINE ( 'NONE', #2342, #2228 ) ;
#2913 = DIRECTION ( 'NONE',  ( 0.0000000000000000000, 0.0000000000000000000, 1.000000000000000000 ) ) ;
#2914 = EDGE_CURVE ( 'NONE', #3314, #2213, #4256, .T. ) ;
#2915 = DIRECTION ( 'NONE',  ( 0.0000000000000000000, 0.0000000000000000000, 1.000000000000000000 ) ) ;
#2916 = ORIENTED_EDGE ( 'NONE', *, *, #3676, .T. ) ;
#2917 = ORIENTED_EDGE ( 'NONE', *, *, #5479, .T. ) ;
#2918 = LINE ( 'NONE', #5529, #2247 ) ;
#2919 = ORIENTED_EDGE ( 'NONE', *, *, #1180, .F. ) ;
#2920 = FACE_OUTER_BOUND ( 'NONE', #8737, .T. ) ;
#2921 = FACE_OUTER_BOUND ( 'NONE', #6448, .T. ) ;
#2922 = ADVANCED_FACE ( 'NONE', ( #1983 ), #4792, .F. ) ;
#2923 = DIRECTION ( 'NONE',  ( 0.0000000000000000000, 0.0000000000000000000, 1.000000000000000000 ) ) ;
#2924 = AXIS2_PLACEMENT_3D ( 'NONE', #9675, #7022, #6190 ) ;
#2925 = AXIS2_PLACEMENT_3D ( 'NONE', #5656, #10787, #5581 ) ;
#2926 = ORIENTED_EDGE ( 'NONE', *, *, #5268, .T. ) ;
#2927 = ORIENTED_EDGE ( 'NONE', *, *, #8855, .T. ) ;
#2928 = EDGE_CURVE ( 'NONE', #5153, #10630, #9666, .T. ) ;
#2929 = LINE ( 'NONE', #743, #1055 ) ;
#2930 = CARTESIAN_POINT ( 'NONE',  ( -0.1349999999999999500, 0.01210138312730608600, -0.2819175359259424300 ) ) ;
#2931 = ORIENTED_EDGE ( 'NONE', *, *, #9737, .F. ) ;
#2932 = VECTOR ( 'NONE', #10451, 39.37007874015748100 ) ;
#2933 = DIRECTION ( 'NONE',  ( 0.0000000000000000000, -0.0000000000000000000, 1.000000000000000000 ) ) ;
#2934 = VERTEX_POINT ( 'NONE', #10973 ) ;
#2935 = ORIENTED_EDGE ( 'NONE', *, *, #10233, .T. ) ;
#2936 = ORIENTED_EDGE ( 'NONE', *, *, #8793, .T. ) ;
#2937 = FACE_OUTER_BOUND ( 'NONE', #10052, .T. ) ;
#2938 = CARTESIAN_POINT ( 'NONE',  ( 0.03500000000000003800, 0.1024999999999999800, 0.2399999999999999100 ) ) ;
#2939 = DIRECTION ( 'NONE',  ( 0.0000000000000000000, 0.9848077530122082400, -0.1736481776669296100 ) ) ;
#2940 = VECTOR ( 'NONE', #4749, 39.37007874015748100 ) ;
#2941 = EDGE_CURVE ( 'NONE', #7297, #9777, #9930, .T. ) ;
#2942 = CARTESIAN_POINT ( 'NONE',  ( 0.2350000000000000400, 0.1024999999999999800, -0.2399999999999999100 ) ) ;
#2943 = CARTESIAN_POINT ( 'NONE',  ( 0.2850000000000000900, -3.201384367575308500E-018, -0.3150000000000000600 ) ) ;
#2944 = EDGE_CURVE ( 'NONE', #7440, #5028, #8446, .T. ) ;
#2945 = CARTESIAN_POINT ( 'NONE',  ( 0.08500000000000004800, 0.09249999999999977700, 0.2656072902104091900 ) ) ;
#2946 = DIRECTION ( 'NONE',  ( -0.0000000000000000000, -5.999729353452747400E-015, 1.000000000000000000 ) ) ;
#2947 = AXIS2_PLACEMENT_3D ( 'NONE', #5413, #4623, #2939 ) ;
#2948 = DIRECTION ( 'NONE',  ( -0.0000000000000000000, 0.9848077530122080200, 0.1736481776669304100 ) ) ;
#2949 = ORIENTED_EDGE ( 'NONE', *, *, #1900, .F. ) ;
#2950 = ORIENTED_EDGE ( 'NONE', *, *, #7904, .T. ) ;
#2951 = CARTESIAN_POINT ( 'NONE',  ( -0.06499999999999996100, -2.411709556906732200E-016, -0.2819175359259424900 ) ) ;
#2952 = VECTOR ( 'NONE', #6765, 39.37007874015748100 ) ;
#2953 = VERTEX_POINT ( 'NONE', #1609 ) ;
#2954 = CARTESIAN_POINT ( 'NONE',  ( 0.2150000000000000500, 0.09249999999999974900, -0.2656072902104091300 ) ) ;
#2955 = CARTESIAN_POINT ( 'NONE',  ( 0.08500000000000004800, 0.09076351822333045300, -0.2557592126802871200 ) ) ;
#2956 = CARTESIAN_POINT ( 'NONE',  ( 0.1350000000000000600, -2.411709556906732200E-016, -0.2819175359259424900 ) ) ;
#2957 = ORIENTED_EDGE ( 'NONE', *, *, #1526, .F. ) ;
#2958 = DIRECTION ( 'NONE',  ( -1.000000000000000000, -0.0000000000000000000, -0.0000000000000000000 ) ) ;
#2959 = ORIENTED_EDGE ( 'NONE', *, *, #10402, .T. ) ;
#2960 = CLOSED_SHELL ( 'NONE', ( #9468, #767, #2908, #6559, #9697, #5106, #940, #4040, #1846, #8323, #7831, #1353, #3611, #2508 ) ) ;
#2961 = EDGE_CURVE ( 'NONE', #3314, #9249, #3451, .T. ) ;
#2962 = CARTESIAN_POINT ( 'NONE',  ( -0.06499999999999996100, -2.411709556906732200E-016, -0.2819175359259424900 ) ) ;
#2963 = ORIENTED_EDGE ( 'NONE', *, *, #3410, .T. ) ;
#2964 = CIRCLE ( 'NONE', #11071, 0.002101383127306358700 ) ;
#2965 = ADVANCED_FACE ( 'NONE', ( #1433 ), #1569, .F. ) ;
#2966 = VERTEX_POINT ( 'NONE', #3252 ) ;
#2967 = LINE ( 'NONE', #7086, #7007 ) ;
#2968 = DIRECTION ( 'NONE',  ( 1.000000000000000000, 0.0000000000000000000, 0.0000000000000000000 ) ) ;
#2969 = ORIENTED_EDGE ( 'NONE', *, *, #4449, .T. ) ;
#2970 = VERTEX_POINT ( 'NONE', #1720 ) ;
#2971 = ORIENTED_EDGE ( 'NONE', *, *, #10852, .F. ) ;
#2972 = EDGE_LOOP ( 'NONE', ( #7626, #4625, #3929, #3898 ) ) ;
#2973 = DIRECTION ( 'NONE',  ( 0.0000000000000000000, 0.0000000000000000000, -1.000000000000000000 ) ) ;
#2974 = LENGTH_MEASURE_WITH_UNIT ( LENGTH_MEASURE( 0.02539999999999999900 ), #9223 );
#2975 = CIRCLE ( 'NONE', #6604, 0.01210138312730632000 ) ;
#2976 = EDGE_CURVE ( 'NONE', #6595, #8722, #4920, .T. ) ;
#2977 = ADVANCED_FACE ( 'NONE', ( #2770 ), #760, .F. ) ;
#2978 = STYLED_ITEM ( 'NONE', ( #11026 ), #6423 ) ;
#2979 = DIRECTION ( 'NONE',  ( 0.0000000000000000000, -1.000000000000000000, 6.829619984160659800E-015 ) ) ;
#2980 = CARTESIAN_POINT ( 'NONE',  ( -0.03499999999999993400, 0.09249999999999999900, -0.2536897542844667700 ) ) ;
#2981 = VECTOR ( 'NONE', #10099, 39.37007874015748100 ) ;
#2982 = EDGE_CURVE ( 'NONE', #8722, #4916, #7070, .T. ) ;
#2983 = VECTOR ( 'NONE', #184, 39.37007874015748100 ) ;
#2984 = UNCERTAINTY_MEASURE_WITH_UNIT (LENGTH_MEASURE( 1.000000000000000100E-005 ), #5785, 'distance_accuracy_value', 'NONE');
#2985 = CARTESIAN_POINT ( 'NONE',  ( 0.1850000000000000800, 0.09249999999999977700, 0.2656072902104091900 ) ) ;
#2986 = VERTEX_POINT ( 'NONE', #8617 ) ;
#2987 = CARTESIAN_POINT ( 'NONE',  ( -0.2150000000000000000, 0.09249999999999998500, 0.2399999999999999100 ) ) ;
#2988 = CARTESIAN_POINT ( 'NONE',  ( -0.06499999999999996100, 0.09076351822333045300, -0.2557592126802871200 ) ) ;
#2989 = VECTOR ( 'NONE', #4735, 39.37007874015748100 ) ;
#2990 = LINE ( 'NONE', #6395, #568 ) ;
#2991 = CARTESIAN_POINT ( 'NONE',  ( 0.01500000000000004500, 0.09076351822333045300, 0.2557592126802871200 ) ) ;
#2992 = CARTESIAN_POINT ( 'NONE',  ( 0.1850000000000000800, -2.411709556906732200E-016, -0.2819175359259424900 ) ) ;
#2993 = AXIS2_PLACEMENT_3D ( 'NONE', #2636, #3388, #4287 ) ;
#2994 =( LENGTH_UNIT ( ) NAMED_UNIT ( * ) SI_UNIT ( $, .METRE. ) );
#2995 = AXIS2_PLACEMENT_3D ( 'NONE', #8781, #4442, #4295 ) ;
#2996 = DIRECTION ( 'NONE',  ( 0.0000000000000000000, -0.9848077530122080200, -0.1736481776669304400 ) ) ;
#2997 = DIRECTION ( 'NONE',  ( -1.000000000000000000, -0.0000000000000000000, -0.0000000000000000000 ) ) ;
#2998 = EDGE_CURVE ( 'NONE', #6808, #7908, #9653, .T. ) ;
#2999 = CARTESIAN_POINT ( 'NONE',  ( 0.2850000000000000900, 0.09249999999999998500, -0.2399999999999999100 ) ) ;
#3000 = VERTEX_POINT ( 'NONE', #8573 ) ;
#3001 = LINE ( 'NONE', #6029, #6619 ) ;
#3002 = FACE_OUTER_BOUND ( 'NONE', #9423, .T. ) ;
#3003 = CARTESIAN_POINT ( 'NONE',  ( 0.2150000000000000500, 0.1024999999999999800, 0.2399999999999999100 ) ) ;
#3004 = ORIENTED_EDGE ( 'NONE', *, *, #9145, .T. ) ;
#3005 = ORIENTED_EDGE ( 'NONE', *, *, #1746, .T. ) ;
#3006 = VECTOR ( 'NONE', #1313, 39.37007874015748100 ) ;
#3007 = DIRECTION ( 'NONE',  ( 0.0000000000000000000, 0.0000000000000000000, 1.000000000000000000 ) ) ;
#3008 = CIRCLE ( 'NONE', #4686, 0.01210138312730635500 ) ;
#3009 = CARTESIAN_POINT ( 'NONE',  ( -0.1349999999999999500, 0.09076351822333045300, 0.2557592126802871200 ) ) ;
#3010 = EDGE_CURVE ( 'NONE', #5332, #10422, #5457, .T. ) ;
#3011 = DIRECTION ( 'NONE',  ( -0.0000000000000000000, -5.999729353452747400E-015, 1.000000000000000000 ) ) ;
#3012 = VERTEX_POINT ( 'NONE', #6835 ) ;
#3013 = CARTESIAN_POINT ( 'NONE',  ( -0.2650000000000000100, 0.009999999999999759100, -0.2819175359259424300 ) ) ;
#3014 = EDGE_LOOP ( 'NONE', ( #5478, #8244, #8137, #1208 ) ) ;
#3015 = ADVANCED_FACE ( 'NONE', ( #243 ), #5132, .F. ) ;
#3016 = CARTESIAN_POINT ( 'NONE',  ( 0.08500000000000004800, 0.09249999999999998500, 0.2536897542844667700 ) ) ;
#3017 = VECTOR ( 'NONE', #1967, 39.37007874015748100 ) ;
#3018 = DIRECTION ( 'NONE',  ( -0.0000000000000000000, -0.0000000000000000000, 1.000000000000000000 ) ) ;
#3019 = EDGE_CURVE ( 'NONE', #7189, #1023, #372, .T. ) ;
#3020 = EDGE_LOOP ( 'NONE', ( #3216, #1268, #9603, #562, #8005, #2387, #4229, #10919, #190, #5917, #2055, #1648 ) ) ;
#3021 = EDGE_CURVE ( 'NONE', #2212, #4596, #3169, .T. ) ;
#3022 = ORIENTED_EDGE ( 'NONE', *, *, #10629, .T. ) ;
#3023 = ORIENTED_EDGE ( 'NONE', *, *, #10700, .T. ) ;
#3024 = CARTESIAN_POINT ( 'NONE',  ( -0.2650000000000000100, 0.009999999999999753900, 0.2819175359259424300 ) ) ;
#3025 = EDGE_LOOP ( 'NONE', ( #3749, #1628, #9663, #8299 ) ) ;
#3026 = DIRECTION ( 'NONE',  ( -1.000000000000000000, -0.0000000000000000000, 0.0000000000000000000 ) ) ;
#3027 = CARTESIAN_POINT ( 'NONE',  ( -0.2650000000000000100, -2.411709556906732200E-016, 0.2819175359259424900 ) ) ;
#3028 = SURFACE_STYLE_FILL_AREA ( #10209 ) ;
#3029 = ADVANCED_FACE ( 'NONE', ( #10190 ), #2474, .F. ) ;
#3030 = ORIENTED_EDGE ( 'NONE', *, *, #9538, .F. ) ;
#3031 = CARTESIAN_POINT ( 'NONE',  ( 0.1150000000000000700, 0.1024999999999999800, 0.2399999999999999100 ) ) ;
#3032 = CLOSED_SHELL ( 'NONE', ( #10759, #1119, #10388, #10038, #2018, #1453, #1060, #9286, #2800, #8439, #2691, #6515, #5089, #1005 ) ) ;
#3033 = CARTESIAN_POINT ( 'NONE',  ( -0.1149999999999999600, 0.09249999999999998500, 0.2399999999999999100 ) ) ;
#3034 = ORIENTED_EDGE ( 'NONE', *, *, #9893, .T. ) ;
#3035 = ORIENTED_EDGE ( 'NONE', *, *, #3725, .F. ) ;
#3036 = CYLINDRICAL_SURFACE ( 'NONE', #1947, 0.002101383127306358700 ) ;
#3037 = DIRECTION ( 'NONE',  ( -0.0000000000000000000, 1.000000000000000000, -0.0000000000000000000 ) ) ;
#3038 = LINE ( 'NONE', #27, #2647 ) ;
#3039 = EDGE_CURVE ( 'NONE', #948, #154, #9242, .T. ) ;
#3040 = EDGE_CURVE ( 'NONE', #5153, #6387, #4648, .T. ) ;
#3041 = CARTESIAN_POINT ( 'NONE',  ( -0.2650000000000000100, -2.603792618961250900E-016, 0.2819175359259424900 ) ) ;
#3042 = ORIENTED_EDGE ( 'NONE', *, *, #11074, .T. ) ;
#3043 = LINE ( 'NONE', #10315, #9237 ) ;
#3044 = VERTEX_POINT ( 'NONE', #19 ) ;
#3045 = VECTOR ( 'NONE', #9974, 39.37007874015748100 ) ;
#3046 = PLANE ( 'NONE',  #5860 ) ;
#3047 = CARTESIAN_POINT ( 'NONE',  ( -0.08499999999999995100, 0.01210138312730608600, -0.2819175359259424300 ) ) ;
#3048 = DIRECTION ( 'NONE',  ( 0.0000000000000000000, 0.0000000000000000000, -1.000000000000000000 ) ) ;
#3049 = ORIENTED_EDGE ( 'NONE', *, *, #65, .T. ) ;
#3050 = VERTEX_POINT ( 'NONE', #169 ) ;
#3051 = VECTOR ( 'NONE', #6906, 39.37007874015748100 ) ;
#3052 = CARTESIAN_POINT ( 'NONE',  ( -0.03499999999999993400, -2.411709556906732200E-016, 0.2819175359259424900 ) ) ;
#3053 = ORIENTED_EDGE ( 'NONE', *, *, #10803, .T. ) ;
#3054 = EDGE_CURVE ( 'NONE', #2143, #7003, #2107, .T. ) ;
#3055 = CIRCLE ( 'NONE', #4524, 0.01210138312730635500 ) ;
#3056 = DIRECTION ( 'NONE',  ( 0.0000000000000000000, -0.9848077530122082400, 0.1736481776669295800 ) ) ;
#3057 = SURFACE_SIDE_STYLE ('',( #415 ) ) ;
#3058 = VERTEX_POINT ( 'NONE', #3376 ) ;
#3059 = VERTEX_POINT ( 'NONE', #3601 ) ;
#3060 = CIRCLE ( 'NONE', #10640, 0.002101383127306358700 ) ;
#3061 = ORIENTED_EDGE ( 'NONE', *, *, #622, .T. ) ;
#3062 = CARTESIAN_POINT ( 'NONE',  ( 0.1850000000000000800, 0.1024999999999999800, -0.2399999999999999100 ) ) ;
#3063 = CYLINDRICAL_SURFACE ( 'NONE', #9210, 0.002101383127306324400 ) ;
#3064 = ADVANCED_FACE ( 'NONE', ( #117 ), #5310, .F. ) ;
#3065 = EDGE_CURVE ( 'NONE', #4969, #4689, #10983, .T. ) ;
#3066 = DIRECTION ( 'NONE',  ( 0.0000000000000000000, 0.0000000000000000000, -1.000000000000000000 ) ) ;
#3067 = DIRECTION ( 'NONE',  ( 0.0000000000000000000, -7.193223902257864100E-015, 1.000000000000000000 ) ) ;
#3068 = ORIENTED_EDGE ( 'NONE', *, *, #531, .T. ) ;
#3069 = ORIENTED_EDGE ( 'NONE', *, *, #8907, .F. ) ;
#3070 = VECTOR ( 'NONE', #6089, 39.37007874015748100 ) ;
#3071 = LINE ( 'NONE', #8662, #8329 ) ;
#3072 = CARTESIAN_POINT ( 'NONE',  ( -0.06499999999999996100, 0.09039861687269366800, -0.2536897542844667700 ) ) ;
#3073 = ADVANCED_FACE ( 'NONE', ( #907 ), #4776, .F. ) ;
#3074 = CARTESIAN_POINT ( 'NONE',  ( -0.2849999999999999800, 0.009999999999999993300, 0.3150000000000000000 ) ) ;
#3075 = ORIENTED_EDGE ( 'NONE', *, *, #2029, .T. ) ;
#3076 = ORIENTED_EDGE ( 'NONE', *, *, #6736, .F. ) ;
#3077 = CARTESIAN_POINT ( 'NONE',  ( 0.2350000000000000400, 0.09039861687269366800, -0.2536897542844667700 ) ) ;
#3078 = CARTESIAN_POINT ( 'NONE',  ( -0.1649999999999999800, 0.09039861687269366800, -0.2536897542844667700 ) ) ;
#3079 = EDGE_CURVE ( 'NONE', #7579, #2163, #6670, .T. ) ;
#3080 = LINE ( 'NONE', #1724, #4831 ) ;
#3081 = DIRECTION ( 'NONE',  ( -1.000000000000000000, -0.0000000000000000000, -0.0000000000000000000 ) ) ;
#3082 = AXIS2_PLACEMENT_3D ( 'NONE', #7732, #9330, #4155 ) ;
#3083 = ORIENTED_EDGE ( 'NONE', *, *, #10609, .T. ) ;
#3084 = CARTESIAN_POINT ( 'NONE',  ( -0.1149999999999999600, 0.1024999999999999800, 0.2399999999999999100 ) ) ;
#3085 = ORIENTED_EDGE ( 'NONE', *, *, #9209, .T. ) ;
#3086 = EDGE_LOOP ( 'NONE', ( #4943, #5884, #9551, #1319 ) ) ;
#3087 = ORIENTED_EDGE ( 'NONE', *, *, #3959, .T. ) ;
#3088 = CARTESIAN_POINT ( 'NONE',  ( 0.06500000000000005800, 0.1024999999999999800, 0.2399999999999999100 ) ) ;
#3089 = DIRECTION ( 'NONE',  ( 0.0000000000000000000, 0.0000000000000000000, -1.000000000000000000 ) ) ;
#3090 = LINE ( 'NONE', #1144, #978 ) ;
#3091 = CARTESIAN_POINT ( 'NONE',  ( 0.06500000000000005800, 0.1024999999999999800, -0.2399999999999999100 ) ) ;
#3092 = LINE ( 'NONE', #4390, #2714 ) ;
#3093 = CARTESIAN_POINT ( 'NONE',  ( 0.2850000000000000900, 0.09249999999999974900, -0.2656072902104091300 ) ) ;
#3094 =( NAMED_UNIT ( * ) SI_UNIT ( $, .STERADIAN. ) SOLID_ANGLE_UNIT ( ) );
#3095 = EDGE_CURVE ( 'NONE', #4019, #5928, #4395, .T. ) ;
#3096 = VERTEX_POINT ( 'NONE', #1486 ) ;
#3097 = AXIS2_PLACEMENT_3D ( 'NONE', #713, #355, #8629 ) ;
#3098 = EDGE_LOOP ( 'NONE', ( #6280, #2621, #6931, #4409 ) ) ;
#3099 = EDGE_CURVE ( 'NONE', #463, #3059, #7211, .T. ) ;
#3100 = CARTESIAN_POINT ( 'NONE',  ( -0.1149999999999999600, 0.09249999999999998500, 0.2399999999999999100 ) ) ;
#3101 = COLOUR_RGB ( '',0.7921568627450980000, 0.8196078431372548800, 0.9333333333333333500 ) ;
#3102 = VECTOR ( 'NONE', #5159, 39.37007874015748100 ) ;
#3103 = LINE ( 'NONE', #6197, #4334 ) ;
#3104 = DIRECTION ( 'NONE',  ( -1.000000000000000000, -0.0000000000000000000, -0.0000000000000000000 ) ) ;
#3105 = DIRECTION ( 'NONE',  ( 0.0000000000000000000, 0.0000000000000000000, -1.000000000000000000 ) ) ;
#3106 = VERTEX_POINT ( 'NONE', #10004 ) ;
#3107 = LINE ( 'NONE', #2326, #850 ) ;
#3108 = AXIS2_PLACEMENT_3D ( 'NONE', #7046, #7768, #10458 ) ;
#3109 = DIRECTION ( 'NONE',  ( 0.0000000000000000000, 0.0000000000000000000, -1.000000000000000000 ) ) ;
#3110 = LINE ( 'NONE', #2352, #10413 ) ;
#3111 = DIRECTION ( 'NONE',  ( 0.0000000000000000000, 0.0000000000000000000, -1.000000000000000000 ) ) ;
#3112 = EDGE_CURVE ( 'NONE', #4030, #1141, #9919, .T. ) ;
#3113 = CYLINDRICAL_SURFACE ( 'NONE', #970, 0.01210138312730632000 ) ;
#3114 = ADVANCED_FACE ( 'NONE', ( #10471 ), #6709, .F. ) ;
#3115 = CARTESIAN_POINT ( 'NONE',  ( 0.2350000000000000400, 0.1024999999999999800, 0.2399999999999999100 ) ) ;
#3116 = CARTESIAN_POINT ( 'NONE',  ( 0.1650000000000000900, 0.01210138312730608600, 0.2819175359259424300 ) ) ;
#3117 = COLOUR_RGB ( '',0.7921568627450980000, 0.8196078431372548800, 0.9333333333333333500 ) ;
#3118 = ORIENTED_EDGE ( 'NONE', *, *, #1542, .F. ) ;
#3119 = DIRECTION ( 'NONE',  ( 0.03487826274237469000, -0.9987827659587182900, -0.03487826274237471700 ) ) ;
#3120 = CIRCLE ( 'NONE', #1143, 0.002101383127306358700 ) ;
#3121 = AXIS2_PLACEMENT_3D ( 'NONE', #23, #6003, #62 ) ;
#3122 = SURFACE_STYLE_FILL_AREA ( #7342 ) ;
#3123 = AXIS2_PLACEMENT_3D ( 'NONE', #8924, #4508, #9646 ) ;
#3124 = DIRECTION ( 'NONE',  ( 0.0000000000000000000, -0.1736481776669304400, 0.9848077530122080200 ) ) ;
#3125 = CARTESIAN_POINT ( 'NONE',  ( -0.03499999999999993400, 0.09076351822333045300, 0.2557592126802871200 ) ) ;
#3126 = EDGE_CURVE ( 'NONE', #627, #2679, #7477, .T. ) ;
#3127 = ADVANCED_FACE ( 'NONE', ( #5853 ), #664, .T. ) ;
#3128 = FILL_AREA_STYLE ('',( #8297 ) ) ;
#3129 = DIRECTION ( 'NONE',  ( 0.0000000000000000000, -0.9848077530122082400, -0.1736481776669296100 ) ) ;
#3130 = ORIENTED_EDGE ( 'NONE', *, *, #4962, .T. ) ;
#3131 = ORIENTED_EDGE ( 'NONE', *, *, #6905, .T. ) ;
#3132 = FACE_OUTER_BOUND ( 'NONE', #4219, .T. ) ;
#3133 = ORIENTED_EDGE ( 'NONE', *, *, #6536, .F. ) ;
#3134 = FACE_OUTER_BOUND ( 'NONE', #7989, .T. ) ;
#3135 = SURFACE_SIDE_STYLE ('',( #6881 ) ) ;
#3136 = DIRECTION ( 'NONE',  ( -0.0000000000000000000, -0.0000000000000000000, -1.000000000000000000 ) ) ;
#3137 = CARTESIAN_POINT ( 'NONE',  ( 0.2350000000000000400, 0.09039861687269366800, -0.2536897542844667700 ) ) ;
#3138 = PLANE ( 'NONE',  #1630 ) ;
#3139 = VERTEX_POINT ( 'NONE', #9128 ) ;
#3140 = CARTESIAN_POINT ( 'NONE',  ( -0.2857222057372608100, 0.1749999999999998500, 0.1532222057372607800 ) ) ;
#3141 = AXIS2_PLACEMENT_3D ( 'NONE', #5369, #8087, #7182 ) ;
#3142 = STYLED_ITEM ( 'NONE', ( #9295 ), #1607 ) ;
#3143 = CARTESIAN_POINT ( 'NONE',  ( -0.06499999999999996100, 0.09249999999999998500, 0.2399999999999999100 ) ) ;
#3144 = ORIENTED_EDGE ( 'NONE', *, *, #7772, .T. ) ;
#3145 = LINE ( 'NONE', #566, #4361 ) ;
#3146 = EDGE_CURVE ( 'NONE', #1045, #9929, #2912, .T. ) ;
#3147 =( GEOMETRIC_REPRESENTATION_CONTEXT ( 3 ) GLOBAL_UNCERTAINTY_ASSIGNED_CONTEXT ( ( #11124 ) ) GLOBAL_UNIT_ASSIGNED_CONTEXT ( ( #6332, #8090, #5523 ) ) REPRESENTATION_CONTEXT ( 'NONE', 'WORKASPACE' ) );
#3148 = CARTESIAN_POINT ( 'NONE',  ( -0.06499999999999996100, 0.1024999999999999800, -0.2399999999999999100 ) ) ;
#3149 = DIRECTION ( 'NONE',  ( 0.0000000000000000000, 0.0000000000000000000, 1.000000000000000000 ) ) ;
#3150 = CARTESIAN_POINT ( 'NONE',  ( 0.2350000000000000400, 0.09249999999999977700, 0.2656072902104091900 ) ) ;
#3151 = ORIENTED_EDGE ( 'NONE', *, *, #8064, .F. ) ;
#3152 = ORIENTED_EDGE ( 'NONE', *, *, #9975, .F. ) ;
#3153 = DIRECTION ( 'NONE',  ( 0.0000000000000000000, 0.0000000000000000000, 1.000000000000000000 ) ) ;
#3154 = ORIENTED_EDGE ( 'NONE', *, *, #7558, .T. ) ;
#3155 = VECTOR ( 'NONE', #803, 39.37007874015748900 ) ;
#3156 = LINE ( 'NONE', #5019, #4640 ) ;
#3157 = EDGE_CURVE ( 'NONE', #7497, #1731, #3304, .T. ) ;
#3158 = CARTESIAN_POINT ( 'NONE',  ( 0.2650000000000000700, 0.1024999999999999800, -0.2399999999999999100 ) ) ;
#3159 = EDGE_CURVE ( 'NONE', #178, #1965, #2506, .T. ) ;
#3160 = CARTESIAN_POINT ( 'NONE',  ( 0.1350000000000000600, 0.009999999999999753900, 0.2819175359259424300 ) ) ;
#3161 = ORIENTED_EDGE ( 'NONE', *, *, #7014, .T. ) ;
#3162 = PLANE ( 'NONE',  #7206 ) ;
#3163 = CARTESIAN_POINT ( 'NONE',  ( 0.1650000000000000900, 0.1024999999999999900, 0.2536897542844667700 ) ) ;
#3164 = VECTOR ( 'NONE', #6261, 39.37007874015748100 ) ;
#3165 = VERTEX_POINT ( 'NONE', #1561 ) ;
#3166 = CARTESIAN_POINT ( 'NONE',  ( 0.1850000000000000800, 0.09249999999999974900, -0.2656072902104091300 ) ) ;
#3167 = CARTESIAN_POINT ( 'NONE',  ( -0.1649999999999999800, 0.009999999999999753900, -0.2819175359259424300 ) ) ;
#3168 = FACE_OUTER_BOUND ( 'NONE', #5920, .T. ) ;
#3169 = LINE ( 'NONE', #5996, #6955 ) ;
#3170 = CARTESIAN_POINT ( 'NONE',  ( 0.0000000000000000000, 0.0000000000000000000, 0.0000000000000000000 ) ) ;
#3171 = CARTESIAN_POINT ( 'NONE',  ( 0.1650000000000000900, 0.1024999999999999800, -0.2399999999999999100 ) ) ;
#3172 = ORIENTED_EDGE ( 'NONE', *, *, #209, .T. ) ;
#3173 = ADVANCED_FACE ( 'NONE', ( #6402 ), #7886, .F. ) ;
#3174 = EDGE_LOOP ( 'NONE', ( #10744, #1752, #7662, #2916 ) ) ;
#3175 = ORIENTED_EDGE ( 'NONE', *, *, #5093, .F. ) ;
#3176 = CARTESIAN_POINT ( 'NONE',  ( -0.01499999999999994200, 0.1024999999999999800, 0.2399999999999999100 ) ) ;
#3177 = FACE_OUTER_BOUND ( 'NONE', #3020, .T. ) ;
#3178 = DIRECTION ( 'NONE',  ( -1.000000000000000000, -0.0000000000000000000, -0.0000000000000000000 ) ) ;
#3179 = DIRECTION ( 'NONE',  ( -0.0000000000000000000, 1.000000000000000000, -0.0000000000000000000 ) ) ;
#3180 = ORIENTED_EDGE ( 'NONE', *, *, #7890, .T. ) ;
#3181 = VECTOR ( 'NONE', #10927, 39.37007874015748900 ) ;
#3182 = EDGE_CURVE ( 'NONE', #2895, #2706, #9102, .T. ) ;
#3183 = VECTOR ( 'NONE', #1226, 39.37007874015748100 ) ;
#3184 = AXIS2_PLACEMENT_3D ( 'NONE', #6961, #4286, #4436 ) ;
#3185 = EDGE_CURVE ( 'NONE', #8107, #291, #3582, .T. ) ;
#3186 = CARTESIAN_POINT ( 'NONE',  ( 0.06500000000000005800, 0.09249999999999974900, -0.2656072902104091300 ) ) ;
#3187 = ORIENTED_EDGE ( 'NONE', *, *, #1661, .F. ) ;
#3188 = EDGE_LOOP ( 'NONE', ( #10045, #3187, #2931, #3636, #10107, #4371, #10840, #861, #8023, #2719, #10025, #10259 ) ) ;
#3189 = ADVANCED_FACE ( 'NONE', ( #5314 ), #11115, .F. ) ;
#3190 = VECTOR ( 'NONE', #9838, 39.37007874015748100 ) ;
#3191 = DIRECTION ( 'NONE',  ( 0.0000000000000000000, -1.000000000000000000, -5.999729353452748200E-015 ) ) ;
#3192 = ORIENTED_EDGE ( 'NONE', *, *, #8613, .F. ) ;
#3193 = DIRECTION ( 'NONE',  ( 0.0000000000000000000, 0.0000000000000000000, 1.000000000000000000 ) ) ;
#3194 = LINE ( 'NONE', #3403, #6028 ) ;
#3195 = FILL_AREA_STYLE ('',( #475 ) ) ;
#3196 = DIRECTION ( 'NONE',  ( -0.0000000000000000000, 1.000000000000000000, -0.0000000000000000000 ) ) ;
#3197 = AXIS2_PLACEMENT_3D ( 'NONE', #2626, #5131, #9558 ) ;
#3198 = ORIENTED_EDGE ( 'NONE', *, *, #8100, .T. ) ;
#3199 = VERTEX_POINT ( 'NONE', #817 ) ;
#3200 = EDGE_CURVE ( 'NONE', #7285, #1403, #8716, .T. ) ;
#3201 = ORIENTED_EDGE ( 'NONE', *, *, #7446, .F. ) ;
#3202 = DIRECTION ( 'NONE',  ( -1.000000000000000000, -0.0000000000000000000, 0.0000000000000000000 ) ) ;
#3203 = CIRCLE ( 'NONE', #8999, 0.01210138312730635500 ) ;
#3204 = CARTESIAN_POINT ( 'NONE',  ( 0.1350000000000000600, 0.009999999999999956800, -0.3150000000000000000 ) ) ;
#3205 = SURFACE_STYLE_USAGE ( .BOTH. , #11045 ) ;
#3206 =( LENGTH_UNIT ( ) NAMED_UNIT ( * ) SI_UNIT ( $, .METRE. ) );
#3207 = CARTESIAN_POINT ( 'NONE',  ( -0.01499999999999994200, 0.01210138312730608600, 0.2819175359259424300 ) ) ;
#3208 = ORIENTED_EDGE ( 'NONE', *, *, #7224, .T. ) ;
#3209 = VERTEX_POINT ( 'NONE', #10346 ) ;
#3210 = VECTOR ( 'NONE', #2515, 39.37007874015748100 ) ;
#3211 = AXIS2_PLACEMENT_3D ( 'NONE', #5, #11111, #5986 ) ;
#3212 = CARTESIAN_POINT ( 'NONE',  ( 0.1850000000000000800, 0.09039861687269366800, 0.2536897542844667700 ) ) ;
#3213 = EDGE_CURVE ( 'NONE', #837, #3637, #10722, .T. ) ;
#3214 = AXIS2_PLACEMENT_3D ( 'NONE', #7628, #9454, #3450 ) ;
#3215 = CARTESIAN_POINT ( 'NONE',  ( -0.2857222057372608100, 0.2249999999999998700, 0.1532222057372607800 ) ) ;
#3216 = ORIENTED_EDGE ( 'NONE', *, *, #7607, .T. ) ;
#3217 = DIRECTION ( 'NONE',  ( -0.0000000000000000000, 1.000000000000000000, 7.193223902257864100E-015 ) ) ;
#3218 = ORIENTED_EDGE ( 'NONE', *, *, #7061, .F. ) ;
#3219 = VERTEX_POINT ( 'NONE', #1640 ) ;
#3220 = DIRECTION ( 'NONE',  ( -1.000000000000000000, -0.0000000000000000000, 0.0000000000000000000 ) ) ;
#3221 = LINE ( 'NONE', #7781, #9449 ) ;
#3222 = CYLINDRICAL_SURFACE ( 'NONE', #8729, 0.002101383127306358700 ) ;
#3223 = ORIENTED_EDGE ( 'NONE', *, *, #6222, .F. ) ;
#3224 = DIRECTION ( 'NONE',  ( -0.0000000000000000000, -0.0000000000000000000, -1.000000000000000000 ) ) ;
#3225 = EDGE_LOOP ( 'NONE', ( #3635, #2086, #9681, #8783 ) ) ;
#3226 = VERTEX_POINT ( 'NONE', #3324 ) ;
#3227 =( CONVERSION_BASED_UNIT ( 'INCH', #6264 ) LENGTH_UNIT ( ) NAMED_UNIT ( #6223 ) );
#3228 = CARTESIAN_POINT ( 'NONE',  ( -0.2150000000000000000, 0.09076351822333045300, -0.2557592126802871200 ) ) ;
#3229 = ORIENTED_EDGE ( 'NONE', *, *, #2064, .T. ) ;
#3230 = ORIENTED_EDGE ( 'NONE', *, *, #4258, .F. ) ;
#3231 = EDGE_CURVE ( 'NONE', #6159, #9445, #7335, .T. ) ;
#3232 = ADVANCED_FACE ( 'NONE', ( #3845 ), #3036, .F. ) ;
#3233 = AXIS2_PLACEMENT_3D ( 'NONE', #2988, #7407, #1376 ) ;
#3234 = ORIENTED_EDGE ( 'NONE', *, *, #3613, .T. ) ;
#3235 = LINE ( 'NONE', #7441, #10668 ) ;
#3236 = DIRECTION ( 'NONE',  ( 1.000000000000000000, 0.0000000000000000000, 0.0000000000000000000 ) ) ;
#3237 = LINE ( 'NONE', #9464, #7554 ) ;
#3238 = CARTESIAN_POINT ( 'NONE',  ( 0.3450000000000000300, 0.09249999999999998500, -0.2400000000000000500 ) ) ;
#3239 = ORIENTED_EDGE ( 'NONE', *, *, #5436, .F. ) ;
#3240 = CARTESIAN_POINT ( 'NONE',  ( -0.3449999999999997500, 0.1024999999999999800, 0.2399999999999999100 ) ) ;
#3241 = CARTESIAN_POINT ( 'NONE',  ( -0.06499999999999996100, 0.1024999999999999800, -0.2399999999999999100 ) ) ;
#3242 = ADVANCED_FACE ( 'NONE', ( #5189 ), #776, .F. ) ;
#3243 =( CONVERSION_BASED_UNIT ( 'INCH', #8208 ) LENGTH_UNIT ( ) NAMED_UNIT ( #1942 ) );
#3244 = CARTESIAN_POINT ( 'NONE',  ( 0.2150000000000000500, 0.09039861687269366800, -0.2536897542844667700 ) ) ;
#3245 = LENGTH_MEASURE_WITH_UNIT ( LENGTH_MEASURE( 0.02539999999999999900 ), #8498 );
#3246 = EDGE_CURVE ( 'NONE', #3139, #8571, #9525, .T. ) ;
#3247 = AXIS2_PLACEMENT_3D ( 'NONE', #3027, #10777, #484 ) ;
#3248 = CIRCLE ( 'NONE', #10754, 0.01210138312730632000 ) ;
#3249 = EDGE_CURVE ( 'NONE', #5342, #9703, #7616, .T. ) ;
#3250 = UNCERTAINTY_MEASURE_WITH_UNIT (LENGTH_MEASURE( 1.000000000000000100E-005 ), #8978, 'distance_accuracy_value', 'NONE');
#3251 = DIRECTION ( 'NONE',  ( -1.000000000000000000, -0.0000000000000000000, 0.0000000000000000000 ) ) ;
#3252 = CARTESIAN_POINT ( 'NONE',  ( 0.1350000000000000600, 0.01000000000000000000, 0.2699999999999999600 ) ) ;
#3253 = DIRECTION ( 'NONE',  ( 0.0000000000000000000, -0.9848077530122082400, 0.1736481776669295800 ) ) ;
#3254 = DIRECTION ( 'NONE',  ( -0.0000000000000000000, 0.0000000000000000000, 1.000000000000000000 ) ) ;
#3255 = FACE_OUTER_BOUND ( 'NONE', #10347, .T. ) ;
#3256 = DIRECTION ( 'NONE',  ( 0.0000000000000000000, 0.0000000000000000000, 1.000000000000000000 ) ) ;
#3257 = CARTESIAN_POINT ( 'NONE',  ( 0.2850000000000000900, 0.09249999999999974900, -0.2656072902104091300 ) ) ;
#3258 =( NAMED_UNIT ( * ) SI_UNIT ( $, .STERADIAN. ) SOLID_ANGLE_UNIT ( ) );
#3259 = ORIENTED_EDGE ( 'NONE', *, *, #7412, .T. ) ;
#3260 = CIRCLE ( 'NONE', #4154, 0.002101383127306358700 ) ;
#3261 = CARTESIAN_POINT ( 'NONE',  ( -0.2650000000000000100, 0.09249999999999998500, 0.2399999999999999100 ) ) ;
#3262 = VECTOR ( 'NONE', #4821, 39.37007874015748100 ) ;
#3263 = AXIS2_PLACEMENT_3D ( 'NONE', #8754, #4419, #5341 ) ;
#3264 = DIRECTION ( 'NONE',  ( -1.000000000000000000, -0.0000000000000000000, -0.0000000000000000000 ) ) ;
#3265 = LINE ( 'NONE', #3961, #8680 ) ;
#3266 = EDGE_CURVE ( 'NONE', #6304, #3050, #8840, .T. ) ;
#3267 =( NAMED_UNIT ( * ) SI_UNIT ( $, .STERADIAN. ) SOLID_ANGLE_UNIT ( ) );
#3268 = ORIENTED_EDGE ( 'NONE', *, *, #3019, .T. ) ;
#3269 = CYLINDRICAL_SURFACE ( 'NONE', #9894, 0.01210138312730635500 ) ;
#3270 = ORIENTED_EDGE ( 'NONE', *, *, #10868, .T. ) ;
#3271 = PLANE ( 'NONE',  #9051 ) ;
#3272 = DIRECTION ( 'NONE',  ( 0.0000000000000000000, 1.000000000000000000, 0.0000000000000000000 ) ) ;
#3273 = PLANE ( 'NONE',  #8648 ) ;
#3274 = ORIENTED_EDGE ( 'NONE', *, *, #8937, .F. ) ;
#3275 = AXIS2_PLACEMENT_3D ( 'NONE', #9021, #9091, #3964 ) ;
#3276 = LINE ( 'NONE', #7288, #8129 ) ;
#3277 = CARTESIAN_POINT ( 'NONE',  ( 0.1150000000000000700, 0.09249999999999977700, 0.2656072902104091900 ) ) ;
#3278 = VECTOR ( 'NONE', #11146, 39.37007874015748100 ) ;
#3279 = EDGE_CURVE ( 'NONE', #9564, #11027, #6523, .T. ) ;
#3280 = CARTESIAN_POINT ( 'NONE',  ( -0.1649999999999999800, 0.09249999999999999900, -0.2536897542844667700 ) ) ;
#3281 = VERTEX_POINT ( 'NONE', #7615 ) ;
#3282 = ORIENTED_EDGE ( 'NONE', *, *, #5354, .T. ) ;
#3283 = ADVANCED_FACE ( 'NONE', ( #2646 ), #6213, .F. ) ;
#3284 = ORIENTED_EDGE ( 'NONE', *, *, #3279, .T. ) ;
#3285 = FILL_AREA_STYLE_COLOUR ( '', #9865 ) ;
#3286 = LINE ( 'NONE', #10440, #2899 ) ;
#3287 = DIRECTION ( 'NONE',  ( 0.0000000000000000000, -0.9848077530122080200, -0.1736481776669304400 ) ) ;
#3288 = LINE ( 'NONE', #4914, #4244 ) ;
#3289 = DIRECTION ( 'NONE',  ( 1.000000000000000000, 0.0000000000000000000, 0.0000000000000000000 ) ) ;
#3290 = DIRECTION ( 'NONE',  ( 0.0000000000000000000, 1.000000000000000000, -7.193223902257864100E-015 ) ) ;
#3291 = FACE_OUTER_BOUND ( 'NONE', #548, .T. ) ;
#3292 = DIRECTION ( 'NONE',  ( 1.000000000000000000, 0.0000000000000000000, -0.0000000000000000000 ) ) ;
#3293 = VERTEX_POINT ( 'NONE', #6869 ) ;
#3294 = CARTESIAN_POINT ( 'NONE',  ( 0.2850000000000000900, 0.009999999999999956800, -0.3150000000000000000 ) ) ;
#3295 = DIRECTION ( 'NONE',  ( -1.000000000000000000, -0.0000000000000000000, -0.0000000000000000000 ) ) ;
#3296 = EDGE_CURVE ( 'NONE', #7542, #7019, #5043, .T. ) ;
#3297 =( GEOMETRIC_REPRESENTATION_CONTEXT ( 3 ) GLOBAL_UNCERTAINTY_ASSIGNED_CONTEXT ( ( #2434 ) ) GLOBAL_UNIT_ASSIGNED_CONTEXT ( ( #6594, #7496, #2347 ) ) REPRESENTATION_CONTEXT ( 'NONE', 'WORKASPACE' ) );
#3298 = PLANE ( 'NONE',  #1267 ) ;
#3299 = VERTEX_POINT ( 'NONE', #7909 ) ;
#3300 = EDGE_CURVE ( 'NONE', #5825, #3044, #3713, .T. ) ;
#3301 = AXIS2_PLACEMENT_3D ( 'NONE', #7804, #1788, #3588 ) ;
#3302 = ORIENTED_EDGE ( 'NONE', *, *, #2722, .F. ) ;
#3303 = FACE_OUTER_BOUND ( 'NONE', #6655, .T. ) ;
#3304 = CIRCLE ( 'NONE', #8872, 0.002101383127306358700 ) ;
#3305 = ADVANCED_FACE ( 'NONE', ( #1309 ), #8753, .F. ) ;
#3306 = VECTOR ( 'NONE', #9376, 39.37007874015748100 ) ;
#3307 = DIRECTION ( 'NONE',  ( -0.03489949670250104600, 0.9993908270190957600, 0.0000000000000000000 ) ) ;
#3308 = DIRECTION ( 'NONE',  ( -0.0000000000000000000, -7.193223902257864100E-015, -1.000000000000000000 ) ) ;
#3309 = CARTESIAN_POINT ( 'NONE',  ( -0.06499999999999996100, -3.201384367575308500E-018, 0.3150000000000000600 ) ) ;
#3310 = CARTESIAN_POINT ( 'NONE',  ( 0.2150000000000000500, 0.09039861687269366800, -0.2536897542844667700 ) ) ;
#3311 = ORIENTED_EDGE ( 'NONE', *, *, #1598, .F. ) ;
#3312 = VECTOR ( 'NONE', #7599, 39.37007874015748100 ) ;
#3313 = CARTESIAN_POINT ( 'NONE',  ( -0.2349999999999999900, 0.01210138312730608600, 0.2819175359259424300 ) ) ;
#3314 = VERTEX_POINT ( 'NONE', #6944 ) ;
#3315 = VECTOR ( 'NONE', #6664, 39.37007874015748100 ) ;
#3316 = VERTEX_POINT ( 'NONE', #3516 ) ;
#3317 = LINE ( 'NONE', #10859, #1046 ) ;
#3318 = ORIENTED_EDGE ( 'NONE', *, *, #6536, .T. ) ;
#3319 = CARTESIAN_POINT ( 'NONE',  ( 0.03500000000000003800, 0.009999999999999956800, -0.3150000000000000000 ) ) ;
#3320 = EDGE_CURVE ( 'NONE', #10583, #6580, #3837, .T. ) ;
#3321 = MECHANICAL_DESIGN_GEOMETRIC_PRESENTATION_REPRESENTATION (  '', ( #5405 ), #6557 ) ;
#3322 = PLANE ( 'NONE',  #5296 ) ;
#3323 = DIRECTION ( 'NONE',  ( -1.000000000000000000, -0.0000000000000000000, -0.0000000000000000000 ) ) ;
#3324 = CARTESIAN_POINT ( 'NONE',  ( 0.1150000000000000700, 0.09076351822333045300, -0.2557592126802871200 ) ) ;
#3325 = VERTEX_POINT ( 'NONE', #1002 ) ;
#3326 = ORIENTED_EDGE ( 'NONE', *, *, #660, .T. ) ;
#3327 = VECTOR ( 'NONE', #8493, 39.37007874015748100 ) ;
#3328 = DIRECTION ( 'NONE',  ( -0.0000000000000000000, 0.0000000000000000000, 1.000000000000000000 ) ) ;
#3329 = ORIENTED_EDGE ( 'NONE', *, *, #8371, .F. ) ;
#3330 = FACE_OUTER_BOUND ( 'NONE', #880, .T. ) ;
#3331 = CARTESIAN_POINT ( 'NONE',  ( -0.2849999999999999800, 0.01210138312730608600, -0.2819175359259424300 ) ) ;
#3332 = CARTESIAN_POINT ( 'NONE',  ( -0.2849999999999999800, 0.1024999999999999800, -0.2399999999999999100 ) ) ;
#3333 = CARTESIAN_POINT ( 'NONE',  ( -0.2150000000000000000, 0.09249999999999977700, 0.2656072902104091900 ) ) ;
#3334 = PLANE ( 'NONE',  #1559 ) ;
#3335 = EDGE_LOOP ( 'NONE', ( #10794, #9841, #1780, #1363 ) ) ;
#3336 = ORIENTED_EDGE ( 'NONE', *, *, #4466, .F. ) ;
#3337 = EDGE_CURVE ( 'NONE', #7757, #4311, #10180, .T. ) ;
#3338 = CARTESIAN_POINT ( 'NONE',  ( -0.1649999999999999800, 0.009999999999999753900, -0.2819175359259424300 ) ) ;
#3339 = FACE_OUTER_BOUND ( 'NONE', #3361, .T. ) ;
#3340 = ORIENTED_EDGE ( 'NONE', *, *, #6756, .F. ) ;
#3341 = STYLED_ITEM ( 'NONE', ( #6564 ), #6780 ) ;
#3342 = EDGE_CURVE ( 'NONE', #551, #1001, #2355, .T. ) ;
#3343 = VECTOR ( 'NONE', #1333, 39.37007874015748100 ) ;
#3344 = DIRECTION ( 'NONE',  ( 0.0000000000000000000, 0.0000000000000000000, -1.000000000000000000 ) ) ;
#3345 = CARTESIAN_POINT ( 'NONE',  ( 0.08500000000000004800, 0.09249999999999998500, -0.2399999999999999100 ) ) ;
#3346 = CARTESIAN_POINT ( 'NONE',  ( -0.03499999999999993400, 0.09249999999999974900, -0.2656072902104091300 ) ) ;
#3347 = ORIENTED_EDGE ( 'NONE', *, *, #8016, .T. ) ;
#3348 = ORIENTED_EDGE ( 'NONE', *, *, #10300, .T. ) ;
#3349 = CARTESIAN_POINT ( 'NONE',  ( 0.06500000000000005800, 0.01210138312730608600, -0.2819175359259424300 ) ) ;
#3350 = VECTOR ( 'NONE', #313, 39.37007874015748900 ) ;
#3351 = CARTESIAN_POINT ( 'NONE',  ( -0.1649999999999999800, -2.603792618961250900E-016, 0.2819175359259424900 ) ) ;
#3352 = CARTESIAN_POINT ( 'NONE',  ( -0.1349999999999999500, 0.09039861687269366800, -0.2536897542844667700 ) ) ;
#3353 = LINE ( 'NONE', #173, #1349 ) ;
#3354 = ADVANCED_FACE ( 'NONE', ( #1422 ), #9548, .F. ) ;
#3355 = AXIS2_PLACEMENT_3D ( 'NONE', #3908, #6429, #4805 ) ;
#3356 = CARTESIAN_POINT ( 'NONE',  ( 0.2350000000000000400, 0.01210138312730608600, 0.2819175359259424300 ) ) ;
#3357 =( GEOMETRIC_REPRESENTATION_CONTEXT ( 3 ) GLOBAL_UNCERTAINTY_ASSIGNED_CONTEXT ( ( #9124 ) ) GLOBAL_UNIT_ASSIGNED_CONTEXT ( ( #7929, #2041, #8884 ) ) REPRESENTATION_CONTEXT ( 'NONE', 'WORKASPACE' ) );
#3358 = EDGE_CURVE ( 'NONE', #830, #4265, #8010, .T. ) ;
#3359 = ORIENTED_EDGE ( 'NONE', *, *, #2722, .T. ) ;
#3360 =( NAMED_UNIT ( * ) PLANE_ANGLE_UNIT ( ) SI_UNIT ( $, .RADIAN. ) );
#3361 = EDGE_LOOP ( 'NONE', ( #3068, #5246, #1157, #3180 ) ) ;
#3362 = ORIENTED_EDGE ( 'NONE', *, *, #11063, .T. ) ;
#3363 = CARTESIAN_POINT ( 'NONE',  ( 0.1350000000000000600, -2.411709556906732200E-016, -0.2819175359259424900 ) ) ;
#3364 = CARTESIAN_POINT ( 'NONE',  ( 0.1350000000000000600, 0.09039861687269366800, 0.2536897542844667700 ) ) ;
#3365 = FACE_OUTER_BOUND ( 'NONE', #2565, .T. ) ;
#3366 = ORIENTED_EDGE ( 'NONE', *, *, #4810, .T. ) ;
#3367 = DIRECTION ( 'NONE',  ( 0.0000000000000000000, 0.0000000000000000000, 1.000000000000000000 ) ) ;
#3368 = DIRECTION ( 'NONE',  ( 0.0000000000000000000, 0.0000000000000000000, -1.000000000000000000 ) ) ;
#3369 = ADVANCED_FACE ( 'NONE', ( #5710 ), #1936, .F. ) ;
#3370 = DIRECTION ( 'NONE',  ( -1.000000000000000000, -0.0000000000000000000, -0.0000000000000000000 ) ) ;
#3371 = VERTEX_POINT ( 'NONE', #5232 ) ;
#3372 = ORIENTED_EDGE ( 'NONE', *, *, #6094, .F. ) ;
#3373 = EDGE_LOOP ( 'NONE', ( #7966, #3860, #6331, #11013 ) ) ;
#3374 = EDGE_CURVE ( 'NONE', #6849, #1854, #6659, .T. ) ;
#3375 = AXIS2_PLACEMENT_3D ( 'NONE', #11053, #8380, #6720 ) ;
#3376 = CARTESIAN_POINT ( 'NONE',  ( 0.1350000000000000600, 0.09249999999999998500, -0.2399999999999999100 ) ) ;
#3377 = EDGE_CURVE ( 'NONE', #541, #5545, #10595, .T. ) ;
#3378 = ORIENTED_EDGE ( 'NONE', *, *, #5485, .T. ) ;
#3379 = AXIS2_PLACEMENT_3D ( 'NONE', #5156, #85, #1707 ) ;
#3380 = VECTOR ( 'NONE', #4833, 39.37007874015748100 ) ;
#3381 = CARTESIAN_POINT ( 'NONE',  ( -0.1149999999999999600, 0.09249999999999999900, -0.2536897542844667700 ) ) ;
#3382 = CARTESIAN_POINT ( 'NONE',  ( -0.1649999999999999800, 0.09039861687269366800, -0.2536897542844667700 ) ) ;
#3383 = VERTEX_POINT ( 'NONE', #9818 ) ;
#3384 = ORIENTED_EDGE ( 'NONE', *, *, #1526, .T. ) ;
#3385 = DIRECTION ( 'NONE',  ( 0.0000000000000000000, 0.0000000000000000000, -1.000000000000000000 ) ) ;
#3386 = ORIENTED_EDGE ( 'NONE', *, *, #3755, .F. ) ;
#3387 = ORIENTED_EDGE ( 'NONE', *, *, #3796, .T. ) ;
#3388 = DIRECTION ( 'NONE',  ( -1.000000000000000000, -0.0000000000000000000, -0.0000000000000000000 ) ) ;
#3389 = DIRECTION ( 'NONE',  ( 0.0000000000000000000, -1.000000000000000000, 6.829619984160659800E-015 ) ) ;
#3390 = DIRECTION ( 'NONE',  ( -1.000000000000000000, -0.0000000000000000000, -0.0000000000000000000 ) ) ;
#3391 = DIRECTION ( 'NONE',  ( 0.0000000000000000000, 0.0000000000000000000, 1.000000000000000000 ) ) ;
#3392 = LINE ( 'NONE', #2615, #7153 ) ;
#3393 = EDGE_CURVE ( 'NONE', #2576, #7908, #8285, .T. ) ;
#3394 = LINE ( 'NONE', #4882, #1919 ) ;
#3395 = VERTEX_POINT ( 'NONE', #8269 ) ;
#3396 = FACE_OUTER_BOUND ( 'NONE', #1105, .T. ) ;
#3397 = DIRECTION ( 'NONE',  ( 0.0000000000000000000, 0.0000000000000000000, -1.000000000000000000 ) ) ;
#3398 = VECTOR ( 'NONE', #2903, 39.37007874015748100 ) ;
#3399 = ORIENTED_EDGE ( 'NONE', *, *, #8890, .F. ) ;
#3400 = DIRECTION ( 'NONE',  ( -0.0000000000000000000, -0.0000000000000000000, 1.000000000000000000 ) ) ;
#3401 = DIRECTION ( 'NONE',  ( 1.000000000000000000, 0.0000000000000000000, -0.0000000000000000000 ) ) ;
#3402 = FACE_OUTER_BOUND ( 'NONE', #5149, .T. ) ;
#3403 = CARTESIAN_POINT ( 'NONE',  ( -0.1149999999999999600, 0.009999999999999956800, -0.3150000000000000000 ) ) ;
#3404 = CARTESIAN_POINT ( 'NONE',  ( -0.1149999999999999600, 0.01210138312730608600, 0.2819175359259424300 ) ) ;
#3405 = DIRECTION ( 'NONE',  ( 1.000000000000000000, 0.0000000000000000000, 0.0000000000000000000 ) ) ;
#3406 = VECTOR ( 'NONE', #3663, 39.37007874015748100 ) ;
#3407 = EDGE_CURVE ( 'NONE', #951, #7388, #1026, .T. ) ;
#3408 = AXIS2_PLACEMENT_3D ( 'NONE', #872, #247, #3615 ) ;
#3409 = ORIENTED_EDGE ( 'NONE', *, *, #8681, .F. ) ;
#3410 = EDGE_CURVE ( 'NONE', #9023, #2163, #1550, .T. ) ;
#3411 = ADVANCED_FACE ( 'NONE', ( #10974 ), #107, .F. ) ;
#3412 = LINE ( 'NONE', #3125, #1137 ) ;
#3413 = CARTESIAN_POINT ( 'NONE',  ( 0.03500000000000003800, 0.1024999999999999800, 0.2399999999999999100 ) ) ;
#3414 = CARTESIAN_POINT ( 'NONE',  ( -0.1849999999999999700, 0.09039861687269366800, -0.2536897542844667700 ) ) ;
#3415 = DIRECTION ( 'NONE',  ( -1.000000000000000000, -0.0000000000000000000, -0.0000000000000000000 ) ) ;
#3416 = DIRECTION ( 'NONE',  ( 0.0000000000000000000, -1.000000000000000000, 7.225480511685028100E-015 ) ) ;
#3417 = CARTESIAN_POINT ( 'NONE',  ( 0.2850000000000000900, 0.09039861687269366800, 0.2536897542844667700 ) ) ;
#3418 = PLANE ( 'NONE',  #7647 ) ;
#3419 = VERTEX_POINT ( 'NONE', #5625 ) ;
#3420 = CARTESIAN_POINT ( 'NONE',  ( 0.01500000000000004500, 0.01210138312730608600, -0.2819175359259424300 ) ) ;
#3421 = DIRECTION ( 'NONE',  ( -0.0000000000000000000, -5.999729353452747400E-015, 1.000000000000000000 ) ) ;
#3422 = VERTEX_POINT ( 'NONE', #4799 ) ;
#3423 = LINE ( 'NONE', #1757, #220 ) ;
#3424 = LINE ( 'NONE', #2374, #10030 ) ;
#3425 = ADVANCED_FACE ( 'NONE', ( #362 ), #5840, .F. ) ;
#3426 = AXIS2_PLACEMENT_3D ( 'NONE', #4744, #8370, #4818 ) ;
#3427 = CARTESIAN_POINT ( 'NONE',  ( 0.1350000000000000600, 0.09249999999999998500, -0.2399999999999999100 ) ) ;
#3428 = EDGE_CURVE ( 'NONE', #10366, #10583, #4639, .T. ) ;
#3429 = CARTESIAN_POINT ( 'NONE',  ( 0.1650000000000000900, 0.009999999999999753900, 0.2819175359259424300 ) ) ;
#3430 = DIRECTION ( 'NONE',  ( 0.0000000000000000000, 0.0000000000000000000, 1.000000000000000000 ) ) ;
#3431 = VERTEX_POINT ( 'NONE', #4016 ) ;
#3432 = ORIENTED_EDGE ( 'NONE', *, *, #1562, .T. ) ;
#3433 = VECTOR ( 'NONE', #9086, 39.37007874015748100 ) ;
#3434 = DIRECTION ( 'NONE',  ( 0.0000000000000000000, 0.0000000000000000000, 1.000000000000000000 ) ) ;
#3435 = EDGE_LOOP ( 'NONE', ( #4573, #4028, #1053, #3654 ) ) ;
#3436 = VERTEX_POINT ( 'NONE', #8160 ) ;
#3437 = AXIS2_PLACEMENT_3D ( 'NONE', #3920, #9964, #4781 ) ;
#3438 = ORIENTED_EDGE ( 'NONE', *, *, #6824, .T. ) ;
#3439 = DIRECTION ( 'NONE',  ( 0.0000000000000000000, -0.0000000000000000000, 1.000000000000000000 ) ) ;
#3440 = CIRCLE ( 'NONE', #5864, 0.01210138312730635500 ) ;
#3441 = EDGE_CURVE ( 'NONE', #5368, #1244, #6266, .T. ) ;
#3442 = DIRECTION ( 'NONE',  ( -1.000000000000000000, -0.0000000000000000000, 0.0000000000000000000 ) ) ;
#3443 = VERTEX_POINT ( 'NONE', #3937 ) ;
#3444 = CARTESIAN_POINT ( 'NONE',  ( 0.03500000000000003800, 0.01210138312730608600, -0.2819175359259424300 ) ) ;
#3445 = COLOUR_RGB ( '',0.7921568627450980000, 0.8196078431372548800, 0.9333333333333333500 ) ;
#3446 = DIRECTION ( 'NONE',  ( 0.0000000000000000000, -0.0000000000000000000, 1.000000000000000000 ) ) ;
#3447 = DIRECTION ( 'NONE',  ( -1.000000000000000000, -0.0000000000000000000, -0.0000000000000000000 ) ) ;
#3448 = ORIENTED_EDGE ( 'NONE', *, *, #10497, .T. ) ;
#3449 = LINE ( 'NONE', #3475, #9523 ) ;
#3450 = DIRECTION ( 'NONE',  ( 0.0000000000000000000, -0.0000000000000000000, 1.000000000000000000 ) ) ;
#3451 = LINE ( 'NONE', #10278, #1176 ) ;
#3452 = CARTESIAN_POINT ( 'NONE',  ( 0.03500000000000003800, 0.009999999999999993300, 0.3150000000000000000 ) ) ;
#3453 = ORIENTED_EDGE ( 'NONE', *, *, #1946, .T. ) ;
#3454 = DIRECTION ( 'NONE',  ( -1.000000000000000000, -0.0000000000000000000, 0.0000000000000000000 ) ) ;
#3455 = PRODUCT_RELATED_PRODUCT_CATEGORY ( 'part', '', ( #6101 ) ) ;
#3456 = CARTESIAN_POINT ( 'NONE',  ( 0.2150000000000000500, 0.009999999999999956800, -0.3150000000000000000 ) ) ;
#3457 = EDGE_CURVE ( 'NONE', #2827, #7285, #5992, .T. ) ;
#3458 = AXIS2_PLACEMENT_3D ( 'NONE', #8608, #10232, #3439 ) ;
#3459 = VERTEX_POINT ( 'NONE', #10792 ) ;
#3460 = VERTEX_POINT ( 'NONE', #4729 ) ;
#3461 = VECTOR ( 'NONE', #10176, 39.37007874015748900 ) ;
#3462 = CARTESIAN_POINT ( 'NONE',  ( 0.1850000000000000800, 0.01173648177666930900, 0.2798480775301220900 ) ) ;
#3463 = ORIENTED_EDGE ( 'NONE', *, *, #1328, .F. ) ;
#3464 = FACE_OUTER_BOUND ( 'NONE', #5640, .T. ) ;
#3465 = DIRECTION ( 'NONE',  ( 0.0000000000000000000, 0.0000000000000000000, -1.000000000000000000 ) ) ;
#3466 = LINE ( 'NONE', #332, #7771 ) ;
#3467 = SURFACE_STYLE_USAGE ( .BOTH. , #8635 ) ;
#3468 = CARTESIAN_POINT ( 'NONE',  ( 0.1350000000000000600, 0.09249999999999998500, 0.2399999999999999100 ) ) ;
#3469 = DIMENSIONAL_EXPONENTS ( 1.000000000000000000, 0.0000000000000000000, 0.0000000000000000000, 0.0000000000000000000, 0.0000000000000000000, 0.0000000000000000000, 0.0000000000000000000 ) ;
#3470 = MANIFOLD_SOLID_BREP ( 'Pin 7', #4150 ) ;
#3471 = ORIENTED_EDGE ( 'NONE', *, *, #10433, .F. ) ;
#3472 = VERTEX_POINT ( 'NONE', #9038 ) ;
#3473 = VECTOR ( 'NONE', #9662, 39.37007874015748900 ) ;
#3474 = ORIENTED_EDGE ( 'NONE', *, *, #809, .F. ) ;
#3475 = CARTESIAN_POINT ( 'NONE',  ( -0.2150000000000000000, 0.09249999999999998500, -0.2399999999999999100 ) ) ;
#3476 = EDGE_CURVE ( 'NONE', #7499, #8430, #4096, .T. ) ;
#3477 = AXIS2_PLACEMENT_3D ( 'NONE', #6109, #5299, #977 ) ;
#3478 = CARTESIAN_POINT ( 'NONE',  ( 0.2850000000000000900, 0.09249999999999998500, 0.2399999999999999100 ) ) ;
#3479 = EDGE_CURVE ( 'NONE', #3790, #2459, #3288, .T. ) ;
#3480 = CARTESIAN_POINT ( 'NONE',  ( 0.2850000000000000900, -2.411709556906732200E-016, -0.2819175359259424900 ) ) ;
#3481 = DIRECTION ( 'NONE',  ( 1.000000000000000000, 0.0000000000000000000, -0.0000000000000000000 ) ) ;
#3482 = ADVANCED_FACE ( 'NONE', ( #9780 ), #2900, .T. ) ;
#3483 = DIRECTION ( 'NONE',  ( 0.0000000000000000000, 0.0000000000000000000, 1.000000000000000000 ) ) ;
#3484 = ORIENTED_EDGE ( 'NONE', *, *, #2540, .T. ) ;
#3485 = EDGE_LOOP ( 'NONE', ( #2789, #3223, #6775, #7527 ) ) ;
#3486 = LINE ( 'NONE', #4359, #2008 ) ;
#3487 = DIRECTION ( 'NONE',  ( 0.0000000000000000000, -1.000000000000000000, 7.225480511685028100E-015 ) ) ;
#3488 = ORIENTED_EDGE ( 'NONE', *, *, #10803, .F. ) ;
#3489 = FACE_OUTER_BOUND ( 'NONE', #4584, .T. ) ;
#3490 = CARTESIAN_POINT ( 'NONE',  ( 0.1350000000000000600, 0.09249999999999998500, 0.2399999999999999100 ) ) ;
#3491 = DIRECTION ( 'NONE',  ( -0.0000000000000000000, 1.000000000000000000, 0.0000000000000000000 ) ) ;
#3492 = DIRECTION ( 'NONE',  ( 0.0000000000000000000, -0.9848077530122082400, -0.1736481776669296100 ) ) ;
#3493 = STYLED_ITEM ( 'NONE', ( #7103 ), #6989 ) ;
#3494 = DIRECTION ( 'NONE',  ( -0.0000000000000000000, -5.999729353452747400E-015, 1.000000000000000000 ) ) ;
#3495 = VERTEX_POINT ( 'NONE', #4955 ) ;
#3496 = EDGE_LOOP ( 'NONE', ( #7282, #2075, #8625, #351 ) ) ;
#3497 = EDGE_CURVE ( 'NONE', #8214, #9378, #1298, .T. ) ;
#3498 = FACE_OUTER_BOUND ( 'NONE', #2767, .T. ) ;
#3499 = DIRECTION ( 'NONE',  ( 0.0000000000000000000, -7.193223902257864100E-015, 1.000000000000000000 ) ) ;
#3500 = ORIENTED_EDGE ( 'NONE', *, *, #2311, .F. ) ;
#3501 = DIRECTION ( 'NONE',  ( -0.0000000000000000000, -7.193223902257864100E-015, -1.000000000000000000 ) ) ;
#3502 = DIRECTION ( 'NONE',  ( 0.0000000000000000000, 0.9848077530122082400, 0.1736481776669296100 ) ) ;
#3503 = CYLINDRICAL_SURFACE ( 'NONE', #5792, 0.01210138312730632000 ) ;
#3504 = ORIENTED_EDGE ( 'NONE', *, *, #10549, .F. ) ;
#3505 = DIRECTION ( 'NONE',  ( 0.0000000000000000000, -0.9848077530122082400, 0.1736481776669295800 ) ) ;
#3506 = ORIENTED_EDGE ( 'NONE', *, *, #916, .T. ) ;
#3507 = VERTEX_POINT ( 'NONE', #6686 ) ;
#3508 = LINE ( 'NONE', #4235, #9300 ) ;
#3509 = VECTOR ( 'NONE', #3890, 39.37007874015748100 ) ;
#3510 = EDGE_CURVE ( 'NONE', #2586, #9810, #1165, .T. ) ;
#3511 = ORIENTED_EDGE ( 'NONE', *, *, #2505, .T. ) ;
#3512 = ORIENTED_EDGE ( 'NONE', *, *, #7645, .T. ) ;
#3513 = VERTEX_POINT ( 'NONE', #3186 ) ;
#3514 = ORIENTED_EDGE ( 'NONE', *, *, #9317, .T. ) ;
#3515 = DIRECTION ( 'NONE',  ( -1.000000000000000000, -0.0000000000000000000, -0.0000000000000000000 ) ) ;
#3516 = CARTESIAN_POINT ( 'NONE',  ( 0.06500000000000005800, 0.09076351822333045300, -0.2557592126802871200 ) ) ;
#3517 = CARTESIAN_POINT ( 'NONE',  ( -0.1649999999999999800, 0.09249999999999977700, 0.2656072902104091900 ) ) ;
#3518 = LINE ( 'NONE', #8399, #3905 ) ;
#3519 = DIRECTION ( 'NONE',  ( 0.0000000000000000000, 0.0000000000000000000, 1.000000000000000000 ) ) ;
#3520 = VECTOR ( 'NONE', #2294, 39.37007874015748100 ) ;
#3521 = FACE_OUTER_BOUND ( 'NONE', #9493, .T. ) ;
#3522 = ADVANCED_FACE ( 'NONE', ( #5569 ), #2322, .F. ) ;
#3523 = EDGE_LOOP ( 'NONE', ( #6060, #4239, #4670, #8116 ) ) ;
#3524 = AXIS2_PLACEMENT_3D ( 'NONE', #927, #8644, #4482 ) ;
#3525 = AXIS2_PLACEMENT_3D ( 'NONE', #5728, #8307, #2356 ) ;
#3526 = DIRECTION ( 'NONE',  ( -1.000000000000000000, -0.0000000000000000000, -0.0000000000000000000 ) ) ;
#3527 = DIRECTION ( 'NONE',  ( 0.0000000000000000000, -1.000000000000000000, 0.0000000000000000000 ) ) ;
#3528 = ORIENTED_EDGE ( 'NONE', *, *, #1360, .T. ) ;
#3529 = EDGE_CURVE ( 'NONE', #7081, #8416, #8707, .T. ) ;
#3530 = AXIS2_PLACEMENT_3D ( 'NONE', #3947, #8243, #4807 ) ;
#3531 = CARTESIAN_POINT ( 'NONE',  ( 0.06500000000000005800, 0.09039861687269366800, 0.2536897542844667700 ) ) ;
#3532 = DIRECTION ( 'NONE',  ( 0.0000000000000000000, 1.000000000000000000, 0.0000000000000000000 ) ) ;
#3533 = DIRECTION ( 'NONE',  ( 0.0000000000000000000, -0.9848077530122082400, 0.1736481776669295800 ) ) ;
#3534 = DIRECTION ( 'NONE',  ( 0.0000000000000000000, 0.0000000000000000000, 1.000000000000000000 ) ) ;
#3535 = CARTESIAN_POINT ( 'NONE',  ( -0.2650000000000000100, -2.411709556906732200E-016, -0.2819175359259424900 ) ) ;
#3536 = CARTESIAN_POINT ( 'NONE',  ( -0.1149999999999999600, 0.01173648177666930000, -0.2798480775301220900 ) ) ;
#3537 = VECTOR ( 'NONE', #3553, 39.37007874015748900 ) ;
#3538 = DIRECTION ( 'NONE',  ( -1.000000000000000000, -0.0000000000000000000, -0.0000000000000000000 ) ) ;
#3539 = ADVANCED_FACE ( 'NONE', ( #6134 ), #11017, .F. ) ;
#3540 = LINE ( 'NONE', #1222, #7168 ) ;
#3541 = CARTESIAN_POINT ( 'NONE',  ( -0.06499999999999996100, 0.09249999999999974900, -0.2656072902104091300 ) ) ;
#3542 = ORIENTED_EDGE ( 'NONE', *, *, #5129, .F. ) ;
#3543 = DIRECTION ( 'NONE',  ( -1.000000000000000000, -0.0000000000000000000, -0.0000000000000000000 ) ) ;
#3544 = FACE_OUTER_BOUND ( 'NONE', #3953, .T. ) ;
#3545 = EDGE_CURVE ( 'NONE', #6183, #1045, #4651, .T. ) ;
#3546 = AXIS2_PLACEMENT_3D ( 'NONE', #4035, #6625, #4859 ) ;
#3547 = FACE_OUTER_BOUND ( 'NONE', #6424, .T. ) ;
#3548 = VECTOR ( 'NONE', #10929, 39.37007874015748100 ) ;
#3549 = DIRECTION ( 'NONE',  ( -1.000000000000000000, -0.0000000000000000000, 0.0000000000000000000 ) ) ;
#3550 = VERTEX_POINT ( 'NONE', #5850 ) ;
#3551 = CARTESIAN_POINT ( 'NONE',  ( -0.01499999999999994200, 0.009999999999999753900, 0.2819175359259424300 ) ) ;
#3552 = DIRECTION ( 'NONE',  ( 1.000000000000000000, 0.0000000000000000000, 0.0000000000000000000 ) ) ;
#3553 = DIRECTION ( 'NONE',  ( -0.0000000000000000000, 0.9848077530122082400, -0.1736481776669296100 ) ) ;
#3554 = FACE_OUTER_BOUND ( 'NONE', #1545, .T. ) ;
#3555 = DIRECTION ( 'NONE',  ( 0.0000000000000000000, 0.0000000000000000000, 1.000000000000000000 ) ) ;
#3556 = EDGE_CURVE ( 'NONE', #4220, #6021, #4397, .T. ) ;
#3557 = AXIS2_PLACEMENT_3D ( 'NONE', #7787, #7025, #6047 ) ;
#3558 = ORIENTED_EDGE ( 'NONE', *, *, #933, .F. ) ;
#3559 = EDGE_CURVE ( 'NONE', #9456, #6238, #9104, .T. ) ;
#3560 = ORIENTED_EDGE ( 'NONE', *, *, #9109, .F. ) ;
#3561 = DIRECTION ( 'NONE',  ( -1.000000000000000000, -0.0000000000000000000, -0.0000000000000000000 ) ) ;
#3562 = LINE ( 'NONE', #5842, #4372 ) ;
#3563 = ORIENTED_EDGE ( 'NONE', *, *, #5468, .T. ) ;
#3564 = CARTESIAN_POINT ( 'NONE',  ( -0.3421190365169306000, 0.009999999999999995000, 0.2371190365169307000 ) ) ;
#3565 = DIRECTION ( 'NONE',  ( -1.000000000000000000, -0.0000000000000000000, 0.0000000000000000000 ) ) ;
#3566 = VECTOR ( 'NONE', #2045, 39.37007874015748100 ) ;
#3567 = DIRECTION ( 'NONE',  ( 0.0000000000000000000, 7.225480511685028100E-015, 1.000000000000000000 ) ) ;
#3568 = DIRECTION ( 'NONE',  ( 0.0000000000000000000, 7.225480511685028100E-015, 1.000000000000000000 ) ) ;
#3569 = CARTESIAN_POINT ( 'NONE',  ( 0.03500000000000003800, 0.01210138312730608600, -0.2819175359259424300 ) ) ;
#3570 = DIRECTION ( 'NONE',  ( -1.000000000000000000, -0.0000000000000000000, -0.0000000000000000000 ) ) ;
#3571 = ORIENTED_EDGE ( 'NONE', *, *, #9767, .T. ) ;
#3572 = EDGE_LOOP ( 'NONE', ( #4410, #3902, #4277, #10796 ) ) ;
#3573 = VERTEX_POINT ( 'NONE', #4165 ) ;
#3574 = VECTOR ( 'NONE', #4332, 39.37007874015748100 ) ;
#3575 = AXIS2_PLACEMENT_3D ( 'NONE', #7265, #9914, #366 ) ;
#3576 = LINE ( 'NONE', #2945, #1300 ) ;
#3577 = EDGE_CURVE ( 'NONE', #2888, #154, #1842, .T. ) ;
#3578 = ORIENTED_EDGE ( 'NONE', *, *, #2799, .F. ) ;
#3579 = ORIENTED_EDGE ( 'NONE', *, *, #10286, .T. ) ;
#3580 = EDGE_LOOP ( 'NONE', ( #4304, #3998, #1393, #3767 ) ) ;
#3581 = VECTOR ( 'NONE', #5633, 39.37007874015748900 ) ;
#3582 = LINE ( 'NONE', #1602, #1840 ) ;
#3583 = VECTOR ( 'NONE', #6046, 39.37007874015748100 ) ;
#3584 = CARTESIAN_POINT ( 'NONE',  ( -0.3449999999999997500, 0.09249999999999998500, 0.2399999999999999100 ) ) ;
#3585 = CARTESIAN_POINT ( 'NONE',  ( 0.03500000000000003800, 0.09039861687269366800, 0.2536897542844667700 ) ) ;
#3586 = CARTESIAN_POINT ( 'NONE',  ( -0.1649999999999999800, 0.1024999999999999800, 0.2399999999999999100 ) ) ;
#3587 = AXIS2_PLACEMENT_3D ( 'NONE', #9396, #7721, #9475 ) ;
#3588 = DIRECTION ( 'NONE',  ( 0.0000000000000000000, 0.0000000000000000000, -1.000000000000000000 ) ) ;
#3589 = PLANE ( 'NONE',  #3477 ) ;
#3590 = ORIENTED_EDGE ( 'NONE', *, *, #881, .F. ) ;
#3591 = EDGE_CURVE ( 'NONE', #10783, #9139, #7325, .T. ) ;
#3592 = ADVANCED_FACE ( 'NONE', ( #2368 ), #5582, .T. ) ;
#3593 = LINE ( 'NONE', #5559, #8981 ) ;
#3594 = CARTESIAN_POINT ( 'NONE',  ( -0.1649999999999999800, 0.1024999999999999800, -0.2399999999999999100 ) ) ;
#3595 = AXIS2_PLACEMENT_3D ( 'NONE', #5349, #3532, #6085 ) ;
#3596 = ORIENTED_EDGE ( 'NONE', *, *, #4909, .F. ) ;
#3597 = LINE ( 'NONE', #8328, #9798 ) ;
#3598 = LINE ( 'NONE', #5654, #3045 ) ;
#3599 = DIRECTION ( 'NONE',  ( 0.0000000000000000000, 7.225480511685028100E-015, 1.000000000000000000 ) ) ;
#3600 = DIRECTION ( 'NONE',  ( 0.0000000000000000000, -0.9848077530122080200, -0.1736481776669304400 ) ) ;
#3601 = CARTESIAN_POINT ( 'NONE',  ( -0.2349999999999999900, 0.009999999999999956800, -0.3150000000000000000 ) ) ;
#3602 = DIRECTION ( 'NONE',  ( 0.0000000000000000000, 0.0000000000000000000, 1.000000000000000000 ) ) ;
#3603 = DIRECTION ( 'NONE',  ( -1.000000000000000000, -0.0000000000000000000, -0.0000000000000000000 ) ) ;
#3604 = EDGE_LOOP ( 'NONE', ( #3682, #4904, #2039, #4054 ) ) ;
#3605 = VERTEX_POINT ( 'NONE', #871 ) ;
#3606 = DIRECTION ( 'NONE',  ( 0.0000000000000000000, -0.9848077530122082400, 0.1736481776669296100 ) ) ;
#3607 = LINE ( 'NONE', #7120, #10737 ) ;
#3608 = EDGE_LOOP ( 'NONE', ( #5324, #10585, #7148, #6552 ) ) ;
#3609 = DIRECTION ( 'NONE',  ( 0.0000000000000000000, 7.193223902257864100E-015, -1.000000000000000000 ) ) ;
#3610 = LINE ( 'NONE', #891, #8995 ) ;
#3611 = ADVANCED_FACE ( 'NONE', ( #5045 ), #2556, .F. ) ;
#3612 = DIRECTION ( 'NONE',  ( -0.0000000000000000000, -0.0000000000000000000, -1.000000000000000000 ) ) ;
#3613 = EDGE_CURVE ( 'NONE', #1682, #7828, #6958, .T. ) ;
#3614 = DIRECTION ( 'NONE',  ( 0.0000000000000000000, 0.0000000000000000000, 1.000000000000000000 ) ) ;
#3615 = DIRECTION ( 'NONE',  ( 1.000000000000000000, 0.0000000000000000000, 0.0000000000000000000 ) ) ;
#3616 = EDGE_CURVE ( 'NONE', #7579, #7729, #5854, .T. ) ;
#3617 = AXIS2_PLACEMENT_3D ( 'NONE', #3116, #7336, #10769 ) ;
#3618 = CARTESIAN_POINT ( 'NONE',  ( 0.1850000000000000800, -3.201384367575308500E-018, 0.3150000000000000600 ) ) ;
#3619 = ORIENTED_EDGE ( 'NONE', *, *, #7846, .F. ) ;
#3620 = EDGE_LOOP ( 'NONE', ( #2386, #8780, #7233, #893 ) ) ;
#3621 = CARTESIAN_POINT ( 'NONE',  ( -0.1649999999999999800, 0.09249999999999998500, -0.2399999999999999100 ) ) ;
#3622 = PLANE ( 'NONE',  #4862 ) ;
#3623 = LINE ( 'NONE', #7576, #5346 ) ;
#3624 = VERTEX_POINT ( 'NONE', #7673 ) ;
#3625 = ORIENTED_EDGE ( 'NONE', *, *, #5054, .T. ) ;
#3626 = EDGE_CURVE ( 'NONE', #1403, #7285, #5316, .T. ) ;
#3627 = LINE ( 'NONE', #3456, #2817 ) ;
#3628 = AXIS2_PLACEMENT_3D ( 'NONE', #591, #6591, #8376 ) ;
#3629 = CARTESIAN_POINT ( 'NONE',  ( 0.2350000000000000400, 0.1024999999999999800, 0.2399999999999999100 ) ) ;
#3630 = CARTESIAN_POINT ( 'NONE',  ( 0.2350000000000000400, -2.411709556906732200E-016, 0.2819175359259424900 ) ) ;
#3631 = EDGE_CURVE ( 'NONE', #2706, #5175, #7889, .T. ) ;
#3632 = LINE ( 'NONE', #9779, #9430 ) ;
#3633 = CARTESIAN_POINT ( 'NONE',  ( 0.2850000000000000900, 0.1024999999999999800, 0.2399999999999999100 ) ) ;
#3634 = CARTESIAN_POINT ( 'NONE',  ( 0.2350000000000000400, 0.01000000000000000000, 0.2699999999999999600 ) ) ;
#3635 = ORIENTED_EDGE ( 'NONE', *, *, #7412, .F. ) ;
#3636 = ORIENTED_EDGE ( 'NONE', *, *, #6991, .F. ) ;
#3637 = VERTEX_POINT ( 'NONE', #5100 ) ;
#3638 = DIMENSIONAL_EXPONENTS ( 1.000000000000000000, 0.0000000000000000000, 0.0000000000000000000, 0.0000000000000000000, 0.0000000000000000000, 0.0000000000000000000, 0.0000000000000000000 ) ;
#3639 = ORIENTED_EDGE ( 'NONE', *, *, #809, .T. ) ;
#3640 = DIRECTION ( 'NONE',  ( 0.0000000000000000000, 0.0000000000000000000, 1.000000000000000000 ) ) ;
#3641 = CARTESIAN_POINT ( 'NONE',  ( 0.2850000000000000900, 0.009999999999999753900, -0.2819175359259424300 ) ) ;
#3642 = LINE ( 'NONE', #10128, #10521 ) ;
#3643 = EDGE_LOOP ( 'NONE', ( #2963, #9983, #10527, #8854 ) ) ;
#3644 = PLANE ( 'NONE',  #10799 ) ;
#3645 = DIRECTION ( 'NONE',  ( -1.000000000000000000, -0.0000000000000000000, -0.0000000000000000000 ) ) ;
#3646 = STYLED_ITEM ( 'NONE', ( #4251 ), #7942 ) ;
#3647 = DIRECTION ( 'NONE',  ( -0.0000000000000000000, -0.0000000000000000000, 1.000000000000000000 ) ) ;
#3648 = EDGE_CURVE ( 'NONE', #3371, #3550, #10192, .T. ) ;
#3649 = ORIENTED_EDGE ( 'NONE', *, *, #10872, .F. ) ;
#3650 = ORIENTED_EDGE ( 'NONE', *, *, #8215, .F. ) ;
#3651 = EDGE_LOOP ( 'NONE', ( #9438, #6793, #5868, #9108, #9080, #3695, #1711, #13, #3804, #8973, #3348, #423 ) ) ;
#3652 = LINE ( 'NONE', #4961, #1367 ) ;
#3653 = ADVANCED_FACE ( 'NONE', ( #8842 ), #10324, .F. ) ;
#3654 = ORIENTED_EDGE ( 'NONE', *, *, #5436, .T. ) ;
#3655 = LINE ( 'NONE', #5241, #9169 ) ;
#3656 = DIRECTION ( 'NONE',  ( 0.0000000000000000000, -0.9848077530122082400, 0.1736481776669296100 ) ) ;
#3657 = ORIENTED_EDGE ( 'NONE', *, *, #11020, .F. ) ;
#3658 = VERTEX_POINT ( 'NONE', #6886 ) ;
#3659 = ORIENTED_EDGE ( 'NONE', *, *, #7984, .T. ) ;
#3660 = CARTESIAN_POINT ( 'NONE',  ( -0.08499999999999995100, 0.009999999999999993300, 0.3150000000000000000 ) ) ;
#3661 = EDGE_CURVE ( 'NONE', #183, #8094, #118, .T. ) ;
#3662 = LINE ( 'NONE', #1213, #5657 ) ;
#3663 = DIRECTION ( 'NONE',  ( -1.000000000000000000, -0.0000000000000000000, -0.0000000000000000000 ) ) ;
#3664 = DIRECTION ( 'NONE',  ( 0.0000000000000000000, -1.000000000000000000, 0.0000000000000000000 ) ) ;
#3665 = LINE ( 'NONE', #8565, #6895 ) ;
#3666 = DIRECTION ( 'NONE',  ( -1.000000000000000000, -0.0000000000000000000, 0.0000000000000000000 ) ) ;
#3667 = LINE ( 'NONE', #2598, #2983 ) ;
#3668 = CARTESIAN_POINT ( 'NONE',  ( 0.2150000000000000500, 0.09249999999999998500, 0.2399999999999999100 ) ) ;
#3669 = DIRECTION ( 'NONE',  ( -0.0000000000000000000, 0.9848077530122080200, 0.1736481776669304100 ) ) ;
#3670 = CARTESIAN_POINT ( 'NONE',  ( -0.1849999999999999700, -2.603792618961250900E-016, 0.2819175359259424900 ) ) ;
#3671 = ORIENTED_EDGE ( 'NONE', *, *, #8390, .T. ) ;
#3672 = DIRECTION ( 'NONE',  ( -1.000000000000000000, -0.0000000000000000000, -0.0000000000000000000 ) ) ;
#3673 = VECTOR ( 'NONE', #5701, 39.37007874015748100 ) ;
#3674 = DIRECTION ( 'NONE',  ( 0.0000000000000000000, 1.000000000000000000, -7.193223902257864100E-015 ) ) ;
#3675 = LINE ( 'NONE', #6623, #993 ) ;
#3676 = EDGE_CURVE ( 'NONE', #7099, #4680, #2772, .T. ) ;
#3677 =( LENGTH_UNIT ( ) NAMED_UNIT ( * ) SI_UNIT ( $, .METRE. ) );
#3678 = CARTESIAN_POINT ( 'NONE',  ( -0.1649999999999999800, 0.09076351822333045300, 0.2557592126802870600 ) ) ;
#3679 = VECTOR ( 'NONE', #2648, 39.37007874015748100 ) ;
#3680 = DIRECTION ( 'NONE',  ( -0.9993908270190957600, -0.03489949670250104600, 2.843941485081862900E-016 ) ) ;
#3681 = CARTESIAN_POINT ( 'NONE',  ( 0.2850000000000000900, 0.01173648177666930000, -0.2798480775301220900 ) ) ;
#3682 = ORIENTED_EDGE ( 'NONE', *, *, #9975, .T. ) ;
#3683 = VECTOR ( 'NONE', #3056, 39.37007874015748900 ) ;
#3684 = CARTESIAN_POINT ( 'NONE',  ( 0.2650000000000000700, 0.09249999999999974900, -0.2656072902104091300 ) ) ;
#3685 = LINE ( 'NONE', #2027, #2070 ) ;
#3686 = CARTESIAN_POINT ( 'NONE',  ( 0.2850000000000000900, 0.1024999999999999800, -0.2399999999999999100 ) ) ;
#3687 = ORIENTED_EDGE ( 'NONE', *, *, #7571, .F. ) ;
#3688 = EDGE_CURVE ( 'NONE', #3106, #6622, #6813, .T. ) ;
#3689 = ORIENTED_EDGE ( 'NONE', *, *, #5712, .F. ) ;
#3690 = LINE ( 'NONE', #9745, #1405 ) ;
#3691 = EDGE_CURVE ( 'NONE', #6822, #7388, #3038, .T. ) ;
#3692 = FACE_OUTER_BOUND ( 'NONE', #3604, .T. ) ;
#3693 = CARTESIAN_POINT ( 'NONE',  ( 0.3450000000000000300, 0.1024999999999999800, -0.2400000000000000500 ) ) ;
#3694 =( NAMED_UNIT ( * ) PLANE_ANGLE_UNIT ( ) SI_UNIT ( $, .RADIAN. ) );
#3695 = ORIENTED_EDGE ( 'NONE', *, *, #6094, .T. ) ;
#3696 = CARTESIAN_POINT ( 'NONE',  ( 0.2850000000000000900, 0.01000000000000000000, 0.2699999999999999600 ) ) ;
#3697 = ORIENTED_EDGE ( 'NONE', *, *, #10516, .F. ) ;
#3698 = DIRECTION ( 'NONE',  ( -1.000000000000000000, -0.0000000000000000000, -0.0000000000000000000 ) ) ;
#3699 = ORIENTED_EDGE ( 'NONE', *, *, #2879, .T. ) ;
#3700 = CARTESIAN_POINT ( 'NONE',  ( 0.2850000000000000900, 0.009999999999999993300, 0.3150000000000000000 ) ) ;
#3701 = LINE ( 'NONE', #528, #9502 ) ;
#3702 = ADVANCED_FACE ( 'NONE', ( #4512 ), #5139, .F. ) ;
#3703 = CARTESIAN_POINT ( 'NONE',  ( 0.03500000000000003800, 0.01000000000000000000, 0.2699999999999999600 ) ) ;
#3704 = DIRECTION ( 'NONE',  ( -1.000000000000000000, -0.0000000000000000000, 0.0000000000000000000 ) ) ;
#3705 = AXIS2_PLACEMENT_3D ( 'NONE', #5649, #455, #8147 ) ;
#3706 = EDGE_CURVE ( 'NONE', #9342, #7198, #9641, .T. ) ;
#3707 = ORIENTED_EDGE ( 'NONE', *, *, #109, .T. ) ;
#3708 = CARTESIAN_POINT ( 'NONE',  ( 0.1850000000000000800, 0.1024999999999999800, -0.2536897542844667700 ) ) ;
#3709 = EDGE_LOOP ( 'NONE', ( #8066, #10518, #9544, #7949 ) ) ;
#3710 = CARTESIAN_POINT ( 'NONE',  ( 0.03500000000000003800, 0.09076351822333045300, 0.2557592126802870600 ) ) ;
#3711 = ORIENTED_EDGE ( 'NONE', *, *, #8755, .F. ) ;
#3712 = DIRECTION ( 'NONE',  ( 1.000000000000000000, 0.0000000000000000000, 0.0000000000000000000 ) ) ;
#3713 = LINE ( 'NONE', #9621, #10329 ) ;
#3714 = CARTESIAN_POINT ( 'NONE',  ( -0.1649999999999999800, 0.1024999999999999800, -0.2399999999999999100 ) ) ;
#3715 = LINE ( 'NONE', #1905, #8708 ) ;
#3716 = ADVANCED_FACE ( 'NONE', ( #4246 ), #8977, .F. ) ;
#3717 = CARTESIAN_POINT ( 'NONE',  ( 0.1650000000000000900, 0.09249999999999977700, 0.2656072902104091900 ) ) ;
#3718 = CARTESIAN_POINT ( 'NONE',  ( 0.06500000000000005800, 0.1024999999999999800, -0.2399999999999999100 ) ) ;
#3719 = ORIENTED_EDGE ( 'NONE', *, *, #9368, .F. ) ;
#3720 = LINE ( 'NONE', #2548, #8575 ) ;
#3721 = PRESENTATION_LAYER_ASSIGNMENT (  '', '', ( #2779 ) ) ;
#3722 = ORIENTED_EDGE ( 'NONE', *, *, #8511, .F. ) ;
#3723 = PRESENTATION_STYLE_ASSIGNMENT (( #1670 ) ) ;
#3724 = DIRECTION ( 'NONE',  ( -1.000000000000000000, -0.0000000000000000000, -0.0000000000000000000 ) ) ;
#3725 = EDGE_CURVE ( 'NONE', #9456, #5508, #2507, .T. ) ;
#3726 = VECTOR ( 'NONE', #9644, 39.37007874015748100 ) ;
#3727 = CARTESIAN_POINT ( 'NONE',  ( 0.1350000000000000600, 0.01173648177666930000, -0.2798480775301220900 ) ) ;
#3728 = ORIENTED_EDGE ( 'NONE', *, *, #10335, .F. ) ;
#3729 = ORIENTED_EDGE ( 'NONE', *, *, #5075, .F. ) ;
#3730 = VECTOR ( 'NONE', #6537, 39.37007874015748100 ) ;
#3731 = VERTEX_POINT ( 'NONE', #10287 ) ;
#3732 = LINE ( 'NONE', #3816, #10995 ) ;
#3733 = VECTOR ( 'NONE', #3389, 39.37007874015748100 ) ;
#3734 = DIRECTION ( 'NONE',  ( 0.0000000000000000000, 5.999729353452748200E-015, -1.000000000000000000 ) ) ;
#3735 = CARTESIAN_POINT ( 'NONE',  ( 0.03500000000000003800, 0.1024999999999999900, 0.2536897542844667700 ) ) ;
#3736 = AXIS2_PLACEMENT_3D ( 'NONE', #7841, #9585, #10524 ) ;
#3737 = DIRECTION ( 'NONE',  ( 0.0000000000000000000, -0.9848077530122082400, 0.1736481776669295800 ) ) ;
#3738 = CARTESIAN_POINT ( 'NONE',  ( 0.08500000000000004800, 0.01210138312730608600, 0.2819175359259424300 ) ) ;
#3739 = EDGE_CURVE ( 'NONE', #5332, #10379, #3847, .T. ) ;
#3740 = ORIENTED_EDGE ( 'NONE', *, *, #6873, .F. ) ;
#3741 = ORIENTED_EDGE ( 'NONE', *, *, #10910, .T. ) ;
#3742 = VECTOR ( 'NONE', #7313, 39.37007874015748100 ) ;
#3743 = DIRECTION ( 'NONE',  ( -1.000000000000000000, -0.0000000000000000000, -0.0000000000000000000 ) ) ;
#3744 = ORIENTED_EDGE ( 'NONE', *, *, #10358, .T. ) ;
#3745 = VECTOR ( 'NONE', #8562, 39.37007874015748900 ) ;
#3746 = DIRECTION ( 'NONE',  ( 0.0000000000000000000, 0.0000000000000000000, 1.000000000000000000 ) ) ;
#3747 = DIRECTION ( 'NONE',  ( -1.000000000000000000, -0.0000000000000000000, -0.0000000000000000000 ) ) ;
#3748 = DIRECTION ( 'NONE',  ( -0.0000000000000000000, 1.000000000000000000, 0.0000000000000000000 ) ) ;
#3749 = ORIENTED_EDGE ( 'NONE', *, *, #7331, .T. ) ;
#3750 = ORIENTED_EDGE ( 'NONE', *, *, #1464, .F. ) ;
#3751 = VECTOR ( 'NONE', #7997, 39.37007874015748100 ) ;
#3752 = EDGE_CURVE ( 'NONE', #1764, #7486, #2230, .T. ) ;
#3753 = EDGE_LOOP ( 'NONE', ( #4671, #5481, #3711, #3034 ) ) ;
#3754 = DIRECTION ( 'NONE',  ( -1.000000000000000000, -0.0000000000000000000, -0.0000000000000000000 ) ) ;
#3755 = EDGE_CURVE ( 'NONE', #7808, #2576, #6404, .T. ) ;
#3756 = LINE ( 'NONE', #10506, #5903 ) ;
#3757 = AXIS2_PLACEMENT_3D ( 'NONE', #1241, #7232, #2229 ) ;
#3758 = ADVANCED_FACE ( 'NONE', ( #374 ), #7960, .T. ) ;
#3759 = DIRECTION ( 'NONE',  ( 0.0000000000000000000, 0.9848077530122082400, -0.1736481776669296100 ) ) ;
#3760 = ORIENTED_EDGE ( 'NONE', *, *, #953, .F. ) ;
#3761 = ORIENTED_EDGE ( 'NONE', *, *, #1386, .T. ) ;
#3762 = LINE ( 'NONE', #9298, #1472 ) ;
#3763 = VECTOR ( 'NONE', #10904, 39.37007874015748100 ) ;
#3764 = CARTESIAN_POINT ( 'NONE',  ( -0.03499999999999993400, -2.603792618961250900E-016, 0.2819175359259424900 ) ) ;
#3765 = EDGE_LOOP ( 'NONE', ( #1070, #6362, #5177, #10820 ) ) ;
#3766 = EDGE_CURVE ( 'NONE', #6529, #4992, #8435, .T. ) ;
#3767 = ORIENTED_EDGE ( 'NONE', *, *, #4124, .T. ) ;
#3768 = AXIS2_PLACEMENT_3D ( 'NONE', #10441, #6929, #4367 ) ;
#3769 = CARTESIAN_POINT ( 'NONE',  ( -0.2150000000000000000, -2.603792618961250900E-016, 0.2819175359259424900 ) ) ;
#3770 = ORIENTED_EDGE ( 'NONE', *, *, #6143, .F. ) ;
#3771 = ORIENTED_EDGE ( 'NONE', *, *, #193, .F. ) ;
#3772 = DIRECTION ( 'NONE',  ( -1.000000000000000000, -0.0000000000000000000, -0.0000000000000000000 ) ) ;
#3773 = EDGE_CURVE ( 'NONE', #4950, #5513, #7071, .T. ) ;
#3774 = EDGE_LOOP ( 'NONE', ( #11141, #341, #6693, #5755 ) ) ;
#3775 =( CONVERSION_BASED_UNIT ( 'INCH', #9664 ) LENGTH_UNIT ( ) NAMED_UNIT ( #1049 ) );
#3776 = DIRECTION ( 'NONE',  ( -0.0000000000000000000, -7.193223902257864100E-015, -1.000000000000000000 ) ) ;
#3777 = DIRECTION ( 'NONE',  ( 0.0000000000000000000, 1.000000000000000000, 0.0000000000000000000 ) ) ;
#3778 = LINE ( 'NONE', #3031, #5773 ) ;
#3779 = EDGE_LOOP ( 'NONE', ( #7356, #4551, #10166, #6468 ) ) ;
#3780 = ORIENTED_EDGE ( 'NONE', *, *, #9406, .F. ) ;
#3781 = DIRECTION ( 'NONE',  ( -1.000000000000000000, -0.0000000000000000000, -0.0000000000000000000 ) ) ;
#3782 = DIRECTION ( 'NONE',  ( -1.000000000000000000, -0.0000000000000000000, -0.0000000000000000000 ) ) ;
#3783 = LINE ( 'NONE', #8007, #696 ) ;
#3784 = AXIS2_PLACEMENT_3D ( 'NONE', #1719, #6913, #7665 ) ;
#3785 = LINE ( 'NONE', #8230, #5786 ) ;
#3786 = EDGE_CURVE ( 'NONE', #7884, #7087, #750, .T. ) ;
#3787 = CARTESIAN_POINT ( 'NONE',  ( 0.2650000000000000700, 0.09249999999999998500, 0.2399999999999999100 ) ) ;
#3788 = VECTOR ( 'NONE', #9191, 39.37007874015748100 ) ;
#3789 = FACE_OUTER_BOUND ( 'NONE', #11097, .T. ) ;
#3790 = VERTEX_POINT ( 'NONE', #3703 ) ;
#3791 = DIRECTION ( 'NONE',  ( 0.0000000000000000000, 0.0000000000000000000, 1.000000000000000000 ) ) ;
#3792 = LINE ( 'NONE', #5444, #9742 ) ;
#3793 = VECTOR ( 'NONE', #4719, 39.37007874015748100 ) ;
#3794 = AXIS2_PLACEMENT_3D ( 'NONE', #5293, #6146, #1818 ) ;
#3795 = CARTESIAN_POINT ( 'NONE',  ( -0.2849999999999999800, 0.09039861687269366800, -0.2536897542844667700 ) ) ;
#3796 = EDGE_CURVE ( 'NONE', #3853, #105, #7337, .T. ) ;
#3797 = AXIS2_PLACEMENT_3D ( 'NONE', #8765, #2665, #10396 ) ;
#3798 = LINE ( 'NONE', #7609, #1265 ) ;
#3799 = DIRECTION ( 'NONE',  ( 0.0000000000000000000, -0.0000000000000000000, -1.000000000000000000 ) ) ;
#3800 = CARTESIAN_POINT ( 'NONE',  ( -0.2650000000000000100, 0.01000000000000000000, 0.2699999999999999600 ) ) ;
#3801 = ORIENTED_EDGE ( 'NONE', *, *, #6877, .F. ) ;
#3802 = LINE ( 'NONE', #6067, #8242 ) ;
#3803 = DIRECTION ( 'NONE',  ( -0.0000000000000000000, 1.000000000000000000, 0.0000000000000000000 ) ) ;
#3804 = ORIENTED_EDGE ( 'NONE', *, *, #10354, .T. ) ;
#3805 = DIRECTION ( 'NONE',  ( 0.0000000000000000000, 0.0000000000000000000, 1.000000000000000000 ) ) ;
#3806 = DIRECTION ( 'NONE',  ( -1.000000000000000000, -0.0000000000000000000, -0.0000000000000000000 ) ) ;
#3807 = MANIFOLD_SOLID_BREP ( 'Pin 5', #10729 ) ;
#3808 = DIRECTION ( 'NONE',  ( -1.000000000000000000, -0.0000000000000000000, -0.0000000000000000000 ) ) ;
#3809 = FACE_OUTER_BOUND ( 'NONE', #5810, .T. ) ;
#3810 = ADVANCED_FACE ( 'NONE', ( #10182 ), #338, .F. ) ;
#3811 = DIRECTION ( 'NONE',  ( -1.000000000000000000, -0.0000000000000000000, -0.0000000000000000000 ) ) ;
#3812 = CARTESIAN_POINT ( 'NONE',  ( -0.01499999999999994200, 0.09039861687269366800, -0.2536897542844667700 ) ) ;
#3813 = PLANE ( 'NONE',  #5678 ) ;
#3814 = VERTEX_POINT ( 'NONE', #4561 ) ;
#3815 = ORIENTED_EDGE ( 'NONE', *, *, #3377, .F. ) ;
#3816 = CARTESIAN_POINT ( 'NONE',  ( 0.1650000000000000900, 0.1024999999999999800, -0.2399999999999999100 ) ) ;
#3817 = LINE ( 'NONE', #9058, #10436 ) ;
#3818 = EDGE_CURVE ( 'NONE', #10774, #2320, #5843, .T. ) ;
#3819 = AXIS2_PLACEMENT_3D ( 'NONE', #3313, #5117, #10298 ) ;
#3820 = ORIENTED_EDGE ( 'NONE', *, *, #6170, .F. ) ;
#3821 = LINE ( 'NONE', #1057, #10812 ) ;
#3822 = PLANE ( 'NONE',  #4829 ) ;
#3823 = ADVANCED_FACE ( 'NONE', ( #9782 ), #2901, .T. ) ;
#3824 = DIRECTION ( 'NONE',  ( 0.0000000000000000000, 0.0000000000000000000, 1.000000000000000000 ) ) ;
#3825 = ORIENTED_EDGE ( 'NONE', *, *, #10940, .T. ) ;
#3826 = ORIENTED_EDGE ( 'NONE', *, *, #9752, .F. ) ;
#3827 = LINE ( 'NONE', #7177, #7594 ) ;
#3828 = VECTOR ( 'NONE', #5905, 39.37007874015748100 ) ;
#3829 = PLANE ( 'NONE',  #6754 ) ;
#3830 = EDGE_CURVE ( 'NONE', #8815, #8474, #10596, .T. ) ;
#3831 = AXIS2_PLACEMENT_3D ( 'NONE', #232, #7157, #1194 ) ;
#3832 = EDGE_LOOP ( 'NONE', ( #3161, #5756, #5122, #10475 ) ) ;
#3833 = EDGE_CURVE ( 'NONE', #8483, #2747, #3576, .T. ) ;
#3834 = PLANE ( 'NONE',  #10907 ) ;
#3835 = ORIENTED_EDGE ( 'NONE', *, *, #10414, .F. ) ;
#3836 = SURFACE_STYLE_FILL_AREA ( #1922 ) ;
#3837 = LINE ( 'NONE', #231, #1969 ) ;
#3838 = DIRECTION ( 'NONE',  ( -1.000000000000000000, -0.0000000000000000000, -0.0000000000000000000 ) ) ;
#3839 = PLANE ( 'NONE',  #8418 ) ;
#3840 = CARTESIAN_POINT ( 'NONE',  ( 0.2850000000000000900, 0.1024999999999999800, -0.2399999999999999100 ) ) ;
#3841 = CARTESIAN_POINT ( 'NONE',  ( 0.2150000000000000500, 0.1024999999999999800, -0.2399999999999999100 ) ) ;
#3842 = EDGE_LOOP ( 'NONE', ( #4918, #1885, #9541, #3362 ) ) ;
#3843 = EDGE_LOOP ( 'NONE', ( #4176, #9322, #5540, #369 ) ) ;
#3844 = VECTOR ( 'NONE', #5525, 39.37007874015748100 ) ;
#3845 = FACE_OUTER_BOUND ( 'NONE', #10410, .T. ) ;
#3846 = AXIS2_PLACEMENT_3D ( 'NONE', #3207, #9170, #4001 ) ;
#3847 = LINE ( 'NONE', #10618, #9244 ) ;
#3848 = EDGE_CURVE ( 'NONE', #2451, #4581, #7606, .T. ) ;
#3849 = CARTESIAN_POINT ( 'NONE',  ( -0.06499999999999996100, 0.1024999999999999800, -0.2399999999999999100 ) ) ;
#3850 = ORIENTED_EDGE ( 'NONE', *, *, #2879, .F. ) ;
#3851 = DIRECTION ( 'NONE',  ( 0.0000000000000000000, 0.0000000000000000000, 1.000000000000000000 ) ) ;
#3852 = LINE ( 'NONE', #2987, #10476 ) ;
#3853 = VERTEX_POINT ( 'NONE', #791 ) ;
#3854 = VECTOR ( 'NONE', #7546, 39.37007874015748100 ) ;
#3855 = DIRECTION ( 'NONE',  ( -0.0000000000000000000, -0.0000000000000000000, 1.000000000000000000 ) ) ;
#3856 = CARTESIAN_POINT ( 'NONE',  ( 0.08500000000000004800, 0.01210138312730608600, 0.2819175359259424300 ) ) ;
#3857 = ADVANCED_FACE ( 'NONE', ( #1028 ), #1616, .F. ) ;
#3858 = AXIS2_PLACEMENT_3D ( 'NONE', #1836, #10428, #7854 ) ;
#3859 = ORIENTED_EDGE ( 'NONE', *, *, #328, .T. ) ;
#3860 = ORIENTED_EDGE ( 'NONE', *, *, #2573, .F. ) ;
#3861 = EDGE_CURVE ( 'NONE', #9581, #6861, #7472, .T. ) ;
#3862 = VECTOR ( 'NONE', #126, 39.37007874015748100 ) ;
#3863 = FILL_AREA_STYLE ('',( #5473 ) ) ;
#3864 = EDGE_LOOP ( 'NONE', ( #36, #250, #10541, #9090 ) ) ;
#3865 = DIRECTION ( 'NONE',  ( 0.0000000000000000000, 0.0000000000000000000, 1.000000000000000000 ) ) ;
#3866 = ORIENTED_EDGE ( 'NONE', *, *, #8594, .F. ) ;
#3867 = ORIENTED_EDGE ( 'NONE', *, *, #516, .T. ) ;
#3868 = ADVANCED_FACE ( 'NONE', ( #10843 ), #4123, .F. ) ;
#3869 = LINE ( 'NONE', #6553, #6704 ) ;
#3870 = CARTESIAN_POINT ( 'NONE',  ( -0.2349999999999999900, 0.009999999999999753900, 0.2819175359259424300 ) ) ;
#3871 = SURFACE_SIDE_STYLE ('',( #4944 ) ) ;
#3872 = LINE ( 'NONE', #4104, #1599 ) ;
#3873 = AXIS2_PLACEMENT_3D ( 'NONE', #7653, #4, #1554 ) ;
#3874 = AXIS2_PLACEMENT_3D ( 'NONE', #11009, #2512, #5017 ) ;
#3875 = FILL_AREA_STYLE ('',( #6862 ) ) ;
#3876 = DIRECTION ( 'NONE',  ( -0.0000000000000000000, 0.9848077530122082400, -0.1736481776669296100 ) ) ;
#3877 = EDGE_CURVE ( 'NONE', #7882, #7339, #7880, .T. ) ;
#3878 = DIRECTION ( 'NONE',  ( -0.0000000000000000000, 0.9848077530122082400, -0.1736481776669296100 ) ) ;
#3879 = AXIS2_PLACEMENT_3D ( 'NONE', #5880, #6798, #7666 ) ;
#3880 = ORIENTED_EDGE ( 'NONE', *, *, #6572, .T. ) ;
#3881 = EDGE_LOOP ( 'NONE', ( #8406, #6596, #1314, #1755 ) ) ;
#3882 = VECTOR ( 'NONE', #5809, 39.37007874015748100 ) ;
#3883 = ORIENTED_EDGE ( 'NONE', *, *, #4684, .T. ) ;
#3884 = FILL_AREA_STYLE ('',( #6372 ) ) ;
#3885 = PRESENTATION_STYLE_ASSIGNMENT (( #6547 ) ) ;
#3886 = DIRECTION ( 'NONE',  ( -1.000000000000000000, -0.0000000000000000000, -0.0000000000000000000 ) ) ;
#3887 = CARTESIAN_POINT ( 'NONE',  ( -0.06499999999999996100, 0.01000000000000000000, 0.2699999999999999600 ) ) ;
#3888 = DIRECTION ( 'NONE',  ( 1.000000000000000000, 0.0000000000000000000, -0.0000000000000000000 ) ) ;
#3889 = ORIENTED_EDGE ( 'NONE', *, *, #9723, .T. ) ;
#3890 = DIRECTION ( 'NONE',  ( -1.000000000000000000, -0.0000000000000000000, -0.0000000000000000000 ) ) ;
#3891 = DIRECTION ( 'NONE',  ( 0.0000000000000000000, 0.0000000000000000000, 1.000000000000000000 ) ) ;
#3892 = ORIENTED_EDGE ( 'NONE', *, *, #10447, .T. ) ;
#3893 = VERTEX_POINT ( 'NONE', #1579 ) ;
#3894 = EDGE_CURVE ( 'NONE', #8634, #1594, #3156, .T. ) ;
#3895 = ORIENTED_EDGE ( 'NONE', *, *, #9299, .T. ) ;
#3896 = AXIS2_PLACEMENT_3D ( 'NONE', #10064, #1738, #4408 ) ;
#3897 = FACE_OUTER_BOUND ( 'NONE', #7402, .T. ) ;
#3898 = ORIENTED_EDGE ( 'NONE', *, *, #6186, .T. ) ;
#3899 = DIRECTION ( 'NONE',  ( 0.0000000000000000000, -0.1736481776669296100, -0.9848077530122082400 ) ) ;
#3900 = DIRECTION ( 'NONE',  ( 0.0000000000000000000, -0.0000000000000000000, -1.000000000000000000 ) ) ;
#3901 = VERTEX_POINT ( 'NONE', #716 ) ;
#3902 = ORIENTED_EDGE ( 'NONE', *, *, #11074, .F. ) ;
#3903 = VERTEX_POINT ( 'NONE', #831 ) ;
#3904 = DIRECTION ( 'NONE',  ( -1.000000000000000000, -0.0000000000000000000, -0.0000000000000000000 ) ) ;
#3905 = VECTOR ( 'NONE', #11028, 39.37007874015748900 ) ;
#3906 = EDGE_CURVE ( 'NONE', #10098, #8474, #6390, .T. ) ;
#3907 = AXIS2_PLACEMENT_3D ( 'NONE', #6872, #1678, #2465 ) ;
#3908 = CARTESIAN_POINT ( 'NONE',  ( -0.06499999999999996100, 0.01210138312730608600, 0.2819175359259424300 ) ) ;
#3909 = EDGE_CURVE ( 'NONE', #3165, #2877, #7202, .T. ) ;
#3910 = ORIENTED_EDGE ( 'NONE', *, *, #5826, .F. ) ;
#3911 = CARTESIAN_POINT ( 'NONE',  ( 0.2650000000000000700, -2.603792618961250900E-016, 0.2819175359259424900 ) ) ;
#3912 = DIRECTION ( 'NONE',  ( -1.000000000000000000, -0.0000000000000000000, -0.0000000000000000000 ) ) ;
#3913 = EDGE_LOOP ( 'NONE', ( #2419, #8911, #276, #2406 ) ) ;
#3914 = ADVANCED_FACE ( 'NONE', ( #8143 ), #8569, .F. ) ;
#3915 = CARTESIAN_POINT ( 'NONE',  ( -0.2150000000000000000, 0.009999999999999753900, 0.2819175359259424300 ) ) ;
#3916 = VERTEX_POINT ( 'NONE', #6803 ) ;
#3917 = CIRCLE ( 'NONE', #3525, 0.01210138312730632000 ) ;
#3918 = VECTOR ( 'NONE', #7190, 39.37007874015748100 ) ;
#3919 = VECTOR ( 'NONE', #5738, 39.37007874015748100 ) ;
#3920 = CARTESIAN_POINT ( 'NONE',  ( -0.1649999999999999800, 0.1024999999999999800, -0.2399999999999999100 ) ) ;
#3921 = ORIENTED_EDGE ( 'NONE', *, *, #376, .T. ) ;
#3922 = CARTESIAN_POINT ( 'NONE',  ( 0.08500000000000004800, 0.09249999999999974900, -0.2656072902104091300 ) ) ;
#3923 = LINE ( 'NONE', #2153, #2590 ) ;
#3924 = PLANE ( 'NONE',  #9034 ) ;
#3925 = EDGE_CURVE ( 'NONE', #3058, #627, #363, .T. ) ;
#3926 = ADVANCED_FACE ( 'NONE', ( #3291 ), #3418, .F. ) ;
#3927 = DIRECTION ( 'NONE',  ( 0.0000000000000000000, 0.0000000000000000000, 1.000000000000000000 ) ) ;
#3928 = CARTESIAN_POINT ( 'NONE',  ( -0.2150000000000000000, -3.201384367575308500E-018, -0.3150000000000000600 ) ) ;
#3929 = ORIENTED_EDGE ( 'NONE', *, *, #10626, .F. ) ;
#3930 = LINE ( 'NONE', #2305, #9873 ) ;
#3931 = DIRECTION ( 'NONE',  ( 0.0000000000000000000, 0.0000000000000000000, -1.000000000000000000 ) ) ;
#3932 = CARTESIAN_POINT ( 'NONE',  ( 0.2650000000000000700, 0.09039861687269366800, -0.2536897542844667700 ) ) ;
#3933 = CARTESIAN_POINT ( 'NONE',  ( -0.01499999999999994200, 0.1024999999999999800, -0.2536897542844667700 ) ) ;
#3934 = CIRCLE ( 'NONE', #8570, 0.01210138312730635500 ) ;
#3935 = CARTESIAN_POINT ( 'NONE',  ( -0.08499999999999995100, 0.1024999999999999800, -0.2399999999999999100 ) ) ;
#3936 = ORIENTED_EDGE ( 'NONE', *, *, #10028, .F. ) ;
#3937 = CARTESIAN_POINT ( 'NONE',  ( 0.06500000000000005800, 0.01000000000000000400, -0.2700000000000000200 ) ) ;
#3938 = EDGE_CURVE ( 'NONE', #7497, #4220, #10048, .T. ) ;
#3939 = PRESENTATION_LAYER_ASSIGNMENT (  '', '', ( #4730 ) ) ;
#3940 = DIRECTION ( 'NONE',  ( 0.0000000000000000000, 0.0000000000000000000, -1.000000000000000000 ) ) ;
#3941 = DIRECTION ( 'NONE',  ( 0.0000000000000000000, 0.0000000000000000000, 1.000000000000000000 ) ) ;
#3942 = MANIFOLD_SOLID_BREP ( 'Pin 11', #3990 ) ;
#3943 = VECTOR ( 'NONE', #3647, 39.37007874015748100 ) ;
#3944 = EDGE_CURVE ( 'NONE', #784, #6669, #108, .T. ) ;
#3945 = STYLED_ITEM ( 'NONE', ( #8321 ), #2287 ) ;
#3946 = VERTEX_POINT ( 'NONE', #9292 ) ;
#3947 = CARTESIAN_POINT ( 'NONE',  ( 0.2850000000000000900, 0.009999999999999956800, -0.3150000000000000000 ) ) ;
#3948 = CARTESIAN_POINT ( 'NONE',  ( -0.3449999999999998600, 0.09249999999999998500, -0.2399999999999996300 ) ) ;
#3949 = ORIENTED_EDGE ( 'NONE', *, *, #9334, .F. ) ;
#3950 = DIRECTION ( 'NONE',  ( 0.0000000000000000000, 0.0000000000000000000, 1.000000000000000000 ) ) ;
#3951 = LINE ( 'NONE', #6952, #5023 ) ;
#3952 = DIRECTION ( 'NONE',  ( -1.000000000000000000, -0.0000000000000000000, -0.0000000000000000000 ) ) ;
#3953 = EDGE_LOOP ( 'NONE', ( #10401, #1744, #2292, #2365 ) ) ;
#3954 = FACE_OUTER_BOUND ( 'NONE', #2431, .T. ) ;
#3955 = DIRECTION ( 'NONE',  ( -1.000000000000000000, -0.0000000000000000000, -0.0000000000000000000 ) ) ;
#3956 = EDGE_CURVE ( 'NONE', #1594, #9412, #1970, .T. ) ;
#3957 = VERTEX_POINT ( 'NONE', #11061 ) ;
#3958 = CARTESIAN_POINT ( 'NONE',  ( -0.2349999999999999900, 0.09076351822333045300, 0.2557592126802871200 ) ) ;
#3959 = EDGE_CURVE ( 'NONE', #10782, #3281, #9233, .T. ) ;
#3960 = MECHANICAL_DESIGN_GEOMETRIC_PRESENTATION_REPRESENTATION (  '', ( #5904 ), #7062 ) ;
#3961 = CARTESIAN_POINT ( 'NONE',  ( 0.06500000000000005800, 0.009999999999999956800, -0.3150000000000000000 ) ) ;
#3962 = ORIENTED_EDGE ( 'NONE', *, *, #7430, .F. ) ;
#3963 = LINE ( 'NONE', #5729, #6648 ) ;
#3964 = DIRECTION ( 'NONE',  ( 0.0000000000000000000, 0.0000000000000000000, 1.000000000000000000 ) ) ;
#3965 = PLANE ( 'NONE',  #395 ) ;
#3966 = LENGTH_MEASURE_WITH_UNIT ( LENGTH_MEASURE( 0.02539999999999999900 ), #1478 );
#3967 =( NAMED_UNIT ( * ) SI_UNIT ( $, .STERADIAN. ) SOLID_ANGLE_UNIT ( ) );
#3968 = ORIENTED_EDGE ( 'NONE', *, *, #3457, .T. ) ;
#3969 = ORIENTED_EDGE ( 'NONE', *, *, #10219, .T. ) ;
#3970 = ADVANCED_FACE ( 'NONE', ( #5183 ), #16, .T. ) ;
#3971 = ORIENTED_EDGE ( 'NONE', *, *, #8651, .F. ) ;
#3972 = FACE_OUTER_BOUND ( 'NONE', #9259, .T. ) ;
#3973 = DIRECTION ( 'NONE',  ( -1.000000000000000000, -0.0000000000000000000, 0.0000000000000000000 ) ) ;
#3974 = DIRECTION ( 'NONE',  ( -0.0000000000000000000, 0.9848077530122082400, -0.1736481776669296100 ) ) ;
#3975 = EDGE_CURVE ( 'NONE', #9717, #6589, #6662, .T. ) ;
#3976 = DIRECTION ( 'NONE',  ( 0.0000000000000000000, -0.0000000000000000000, -1.000000000000000000 ) ) ;
#3977 = EDGE_CURVE ( 'NONE', #9703, #2491, #3715, .T. ) ;
#3978 = ORIENTED_EDGE ( 'NONE', *, *, #6974, .F. ) ;
#3979 = LENGTH_MEASURE_WITH_UNIT ( LENGTH_MEASURE( 0.02539999999999999900 ), #4714 );
#3980 = EDGE_LOOP ( 'NONE', ( #10104, #2095, #2845, #1767 ) ) ;
#3981 = VECTOR ( 'NONE', #7717, 39.37007874015748100 ) ;
#3982 = CYLINDRICAL_SURFACE ( 'NONE', #9369, 0.002101383127306358700 ) ;
#3983 = ADVANCED_FACE ( 'NONE', ( #4908 ), #7914, .F. ) ;
#3984 = CARTESIAN_POINT ( 'NONE',  ( -0.1649999999999999800, 0.009999999999999759100, -0.2819175359259424300 ) ) ;
#3985 = PLANE ( 'NONE',  #7605 ) ;
#3986 = PLANE ( 'NONE',  #7502 ) ;
#3987 = ORIENTED_EDGE ( 'NONE', *, *, #8998, .T. ) ;
#3988 = VERTEX_POINT ( 'NONE', #318 ) ;
#3989 = VECTOR ( 'NONE', #4851, 39.37007874015748100 ) ;
#3990 = CLOSED_SHELL ( 'NONE', ( #7461, #7203, #4249, #5835, #6871, #4208, #7246, #2225, #4370, #10665, #5553, #3189, #8211, #7405 ) ) ;
#3991 = ORIENTED_EDGE ( 'NONE', *, *, #30, .T. ) ;
#3992 = EDGE_CURVE ( 'NONE', #8431, #6340, #1552, .T. ) ;
#3993 = LINE ( 'NONE', #3840, #4537 ) ;
#3994 = DIRECTION ( 'NONE',  ( -0.0000000000000000000, -5.999729353452747400E-015, 1.000000000000000000 ) ) ;
#3995 = CARTESIAN_POINT ( 'NONE',  ( 0.08500000000000004800, 0.09039861687269366800, -0.2536897542844667700 ) ) ;
#3996 = CARTESIAN_POINT ( 'NONE',  ( 0.2850000000000000900, 0.1024999999999999800, -0.2399999999999999100 ) ) ;
#3997 = EDGE_LOOP ( 'NONE', ( #8470, #1604, #2421, #4695, #9611, #4761, #10016, #9416, #613, #2179, #9215, #5400 ) ) ;
#3998 = ORIENTED_EDGE ( 'NONE', *, *, #333, .F. ) ;
#3999 = SURFACE_STYLE_USAGE ( .BOTH. , #1489 ) ;
#4000 = VERTEX_POINT ( 'NONE', #4387 ) ;
#4001 = DIRECTION ( 'NONE',  ( 0.0000000000000000000, 0.0000000000000000000, 1.000000000000000000 ) ) ;
#4002 = ORIENTED_EDGE ( 'NONE', *, *, #3266, .T. ) ;
#4003 = LINE ( 'NONE', #4455, #10079 ) ;
#4004 = CARTESIAN_POINT ( 'NONE',  ( -0.06499999999999996100, 0.009999999999999993300, 0.3150000000000000000 ) ) ;
#4005 = EDGE_CURVE ( 'NONE', #4044, #2443, #8425, .T. ) ;
#4006 = AXIS2_PLACEMENT_3D ( 'NONE', #7493, #9236, #4066 ) ;
#4007 = PLANE ( 'NONE',  #5593 ) ;
#4008 = DIRECTION ( 'NONE',  ( 0.0000000000000000000, 1.000000000000000000, 0.0000000000000000000 ) ) ;
#4009 = VERTEX_POINT ( 'NONE', #6909 ) ;
#4010 = ORIENTED_EDGE ( 'NONE', *, *, #9980, .F. ) ;
#4011 = DIRECTION ( 'NONE',  ( 0.0000000000000000000, -1.000000000000000000, 0.0000000000000000000 ) ) ;
#4012 = DIRECTION ( 'NONE',  ( 0.0000000000000000000, 0.0000000000000000000, 1.000000000000000000 ) ) ;
#4013 = LINE ( 'NONE', #5396, #3751 ) ;
#4014 = EDGE_LOOP ( 'NONE', ( #3880, #2894, #9003, #1956 ) ) ;
#4015 = CIRCLE ( 'NONE', #3797, 0.01210138312730635500 ) ;
#4016 = CARTESIAN_POINT ( 'NONE',  ( 0.01500000000000004500, 0.09076351822333045300, 0.2557592126802870600 ) ) ;
#4017 =( NAMED_UNIT ( * ) PLANE_ANGLE_UNIT ( ) SI_UNIT ( $, .RADIAN. ) );
#4018 = DIRECTION ( 'NONE',  ( 0.0000000000000000000, 0.0000000000000000000, 1.000000000000000000 ) ) ;
#4019 = VERTEX_POINT ( 'NONE', #2619 ) ;
#4020 = ORIENTED_EDGE ( 'NONE', *, *, #7643, .F. ) ;
#4021 = DIRECTION ( 'NONE',  ( -1.000000000000000000, -0.0000000000000000000, -0.0000000000000000000 ) ) ;
#4022 = CARTESIAN_POINT ( 'NONE',  ( 0.01500000000000004500, -2.603792618961250900E-016, 0.2819175359259424900 ) ) ;
#4023 = EDGE_CURVE ( 'NONE', #1365, #3165, #1960, .T. ) ;
#4024 = LINE ( 'NONE', #1532, #2024 ) ;
#4025 = ADVANCED_FACE ( 'NONE', ( #886 ), #235, .F. ) ;
#4026 = DIRECTION ( 'NONE',  ( 0.0000000000000000000, 0.0000000000000000000, 1.000000000000000000 ) ) ;
#4027 = AXIS2_PLACEMENT_3D ( 'NONE', #9512, #9658, #2726 ) ;
#4028 = ORIENTED_EDGE ( 'NONE', *, *, #8843, .F. ) ;
#4029 = ORIENTED_EDGE ( 'NONE', *, *, #7221, .F. ) ;
#4030 = VERTEX_POINT ( 'NONE', #4423 ) ;
#4031 = DIRECTION ( 'NONE',  ( -0.0000000000000000000, 1.000000000000000000, 0.0000000000000000000 ) ) ;
#4032 = ORIENTED_EDGE ( 'NONE', *, *, #9245, .F. ) ;
#4033 = ORIENTED_EDGE ( 'NONE', *, *, #1612, .T. ) ;
#4034 = CARTESIAN_POINT ( 'NONE',  ( 0.1350000000000000600, 0.09076351822333045300, -0.2557592126802871200 ) ) ;
#4035 = CARTESIAN_POINT ( 'NONE',  ( 0.01500000000000004500, 0.01210138312730608600, 0.2819175359259424300 ) ) ;
#4036 = LINE ( 'NONE', #8804, #10393 ) ;
#4037 = ORIENTED_EDGE ( 'NONE', *, *, #3648, .F. ) ;
#4038 = DIRECTION ( 'NONE',  ( 0.0000000000000000000, -0.1736481776669296100, -0.9848077530122082400 ) ) ;
#4039 = LINE ( 'NONE', #5347, #6064 ) ;
#4040 = ADVANCED_FACE ( 'NONE', ( #606 ), #7849, .F. ) ;
#4041 = DIRECTION ( 'NONE',  ( 0.0000000000000000000, 0.0000000000000000000, -1.000000000000000000 ) ) ;
#4042 = EDGE_CURVE ( 'NONE', #7198, #2400, #6799, .T. ) ;
#4043 = ORIENTED_EDGE ( 'NONE', *, *, #8825, .F. ) ;
#4044 = VERTEX_POINT ( 'NONE', #2694 ) ;
#4045 = AXIS2_PLACEMENT_3D ( 'NONE', #2090, #10676, #444 ) ;
#4046 = VERTEX_POINT ( 'NONE', #9595 ) ;
#4047 = EDGE_CURVE ( 'NONE', #421, #2613, #2092, .T. ) ;
#4048 = DIRECTION ( 'NONE',  ( 0.0000000000000000000, 0.0000000000000000000, 1.000000000000000000 ) ) ;
#4049 = CYLINDRICAL_SURFACE ( 'NONE', #10357, 0.01210138312730635500 ) ;
#4050 = VECTOR ( 'NONE', #8345, 39.37007874015748100 ) ;
#4051 = DIRECTION ( 'NONE',  ( -0.0000000000000000000, 0.0000000000000000000, 1.000000000000000000 ) ) ;
#4052 = FACE_OUTER_BOUND ( 'NONE', #9682, .T. ) ;
#4053 = VECTOR ( 'NONE', #10208, 39.37007874015748100 ) ;
#4054 = ORIENTED_EDGE ( 'NONE', *, *, #10966, .T. ) ;
#4055 = EDGE_LOOP ( 'NONE', ( #3282, #11138, #2836, #6056 ) ) ;
#4056 = AXIS2_PLACEMENT_3D ( 'NONE', #2841, #407, #4668 ) ;
#4057 = CARTESIAN_POINT ( 'NONE',  ( 0.1850000000000000800, 0.09249999999999998500, -0.2399999999999999100 ) ) ;
#4058 = EDGE_CURVE ( 'NONE', #4454, #2241, #1817, .T. ) ;
#4059 = DIRECTION ( 'NONE',  ( 0.0000000000000000000, 0.0000000000000000000, -1.000000000000000000 ) ) ;
#4060 = VECTOR ( 'NONE', #621, 39.37007874015748100 ) ;
#4061 = FILL_AREA_STYLE ('',( #7368 ) ) ;
#4062 = FACE_OUTER_BOUND ( 'NONE', #7125, .T. ) ;
#4063 = ORIENTED_EDGE ( 'NONE', *, *, #2204, .T. ) ;
#4064 = DIRECTION ( 'NONE',  ( 0.0000000000000000000, -0.9848077530122082400, -0.1736481776669296100 ) ) ;
#4065 = AXIS2_PLACEMENT_3D ( 'NONE', #5497, #3712, #2099 ) ;
#4066 = DIRECTION ( 'NONE',  ( 0.0000000000000000000, 0.0000000000000000000, -1.000000000000000000 ) ) ;
#4067 = AXIS2_PLACEMENT_3D ( 'NONE', #21, #10361, #6763 ) ;
#4068 = CARTESIAN_POINT ( 'NONE',  ( -0.2349999999999999900, 0.09249999999999974900, -0.2656072902104091300 ) ) ;
#4069 = CARTESIAN_POINT ( 'NONE',  ( -0.2650000000000000100, 0.01000000000000000400, -0.2700000000000000200 ) ) ;
#4070 = EDGE_CURVE ( 'NONE', #11064, #6436, #8956, .T. ) ;
#4071 = CARTESIAN_POINT ( 'NONE',  ( 0.08500000000000004800, 0.09039861687269366800, -0.2536897542844667700 ) ) ;
#4072 = DIRECTION ( 'NONE',  ( -1.000000000000000000, -0.0000000000000000000, 0.0000000000000000000 ) ) ;
#4073 = ORIENTED_EDGE ( 'NONE', *, *, #5881, .T. ) ;
#4074 = EDGE_LOOP ( 'NONE', ( #5247, #4497 ) ) ;
#4075 = VECTOR ( 'NONE', #5885, 39.37007874015748100 ) ;
#4076 = ADVANCED_FACE ( 'NONE', ( #8003 ), #9667, .F. ) ;
#4077 = CIRCLE ( 'NONE', #3097, 0.002101383127306358700 ) ;
#4078 = FILL_AREA_STYLE ('',( #3285 ) ) ;
#4079 = CARTESIAN_POINT ( 'NONE',  ( -0.2650000000000000100, -3.201384367575308500E-018, -0.3150000000000000600 ) ) ;
#4080 = CARTESIAN_POINT ( 'NONE',  ( 0.03500000000000003800, 0.009999999999999753900, -0.2819175359259424300 ) ) ;
#4081 = CARTESIAN_POINT ( 'NONE',  ( 0.08500000000000004800, 0.009999999999999759100, -0.2819175359259424300 ) ) ;
#4082 = ORIENTED_EDGE ( 'NONE', *, *, #10161, .T. ) ;
#4083 = PRESENTATION_LAYER_ASSIGNMENT (  '', '', ( #2584 ) ) ;
#4084 = DIRECTION ( 'NONE',  ( 0.0000000000000000000, -0.9848077530122080200, -0.1736481776669304400 ) ) ;
#4085 = ORIENTED_EDGE ( 'NONE', *, *, #2818, .T. ) ;
#4086 = LINE ( 'NONE', #4871, #10586 ) ;
#4087 = EDGE_CURVE ( 'NONE', #3460, #7499, #5700, .T. ) ;
#4088 = ADVANCED_FACE ( 'NONE', ( #5033 ), #10536, .F. ) ;
#4089 = CARTESIAN_POINT ( 'NONE',  ( -0.1649999999999999800, -2.411709556906732200E-016, 0.2819175359259424900 ) ) ;
#4090 = FILL_AREA_STYLE ('',( #9386 ) ) ;
#4091 = ORIENTED_EDGE ( 'NONE', *, *, #6959, .T. ) ;
#4092 = ORIENTED_EDGE ( 'NONE', *, *, #4401, .F. ) ;
#4093 = DIRECTION ( 'NONE',  ( -1.000000000000000000, -0.0000000000000000000, -0.0000000000000000000 ) ) ;
#4094 = EDGE_LOOP ( 'NONE', ( #1892, #4883, #10238, #398, #1456, #7598, #7529, #7797, #6833, #5818, #6972, #10727 ) ) ;
#4095 = VECTOR ( 'NONE', #2892, 39.37007874015748100 ) ;
#4096 = LINE ( 'NONE', #9143, #6389 ) ;
#4097 = CARTESIAN_POINT ( 'NONE',  ( 0.03500000000000003800, 0.09249999999999998500, 0.2399999999999999100 ) ) ;
#4098 = ORIENTED_EDGE ( 'NONE', *, *, #8985, .F. ) ;
#4099 = DIRECTION ( 'NONE',  ( 1.000000000000000000, 0.0000000000000000000, -0.0000000000000000000 ) ) ;
#4100 = EDGE_CURVE ( 'NONE', #9139, #4723, #1155, .T. ) ;
#4101 = AXIS2_PLACEMENT_3D ( 'NONE', #6063, #8599, #6934 ) ;
#4102 = CARTESIAN_POINT ( 'NONE',  ( -0.1149999999999999600, 0.01210138312730608600, -0.2819175359259424300 ) ) ;
#4103 = VERTEX_POINT ( 'NONE', #5345 ) ;
#4104 = CARTESIAN_POINT ( 'NONE',  ( 0.08500000000000004800, 0.009999999999999956800, -0.3150000000000000000 ) ) ;
#4105 = EDGE_LOOP ( 'NONE', ( #4337, #2957, #10085, #8374 ) ) ;
#4106 = DIRECTION ( 'NONE',  ( 0.0000000000000000000, -0.9993908270190957600, 0.03489949670250104600 ) ) ;
#4107 = PLANE ( 'NONE',  #4415 ) ;
#4108 = FACE_OUTER_BOUND ( 'NONE', #305, .T. ) ;
#4109 = VECTOR ( 'NONE', #7085, 39.37007874015748100 ) ;
#4110 = DIRECTION ( 'NONE',  ( -1.000000000000000000, -0.0000000000000000000, -0.0000000000000000000 ) ) ;
#4111 = VECTOR ( 'NONE', #9216, 39.37007874015748100 ) ;
#4112 = ORIENTED_EDGE ( 'NONE', *, *, #933, .T. ) ;
#4113 = CARTESIAN_POINT ( 'NONE',  ( -0.08499999999999995100, -2.603792618961250900E-016, 0.2819175359259424900 ) ) ;
#4114 = DIRECTION ( 'NONE',  ( -0.0000000000000000000, 0.9848077530122080200, 0.1736481776669304100 ) ) ;
#4115 = CYLINDRICAL_SURFACE ( 'NONE', #7887, 0.01210138312730635500 ) ;
#4116 = CARTESIAN_POINT ( 'NONE',  ( 0.1150000000000000700, 0.09249999999999977700, 0.2656072902104091900 ) ) ;
#4117 = ORIENTED_EDGE ( 'NONE', *, *, #8233, .T. ) ;
#4118 = LINE ( 'NONE', #3958, #3181 ) ;
#4119 = EDGE_CURVE ( 'NONE', #3293, #8308, #4506, .T. ) ;
#4120 = CARTESIAN_POINT ( 'NONE',  ( -0.08499999999999995100, 0.009999999999999753900, 0.2819175359259424300 ) ) ;
#4121 = VECTOR ( 'NONE', #5800, 39.37007874015748100 ) ;
#4122 = DIRECTION ( 'NONE',  ( 0.0000000000000000000, -7.193223902257864100E-015, 1.000000000000000000 ) ) ;
#4123 = PLANE ( 'NONE',  #7862 ) ;
#4124 = EDGE_CURVE ( 'NONE', #1365, #2706, #2220, .T. ) ;
#4125 = DIRECTION ( 'NONE',  ( 0.0000000000000000000, 0.0000000000000000000, 1.000000000000000000 ) ) ;
#4126 = DIRECTION ( 'NONE',  ( 0.0000000000000000000, -0.9848077530122082400, 0.1736481776669296100 ) ) ;
#4127 = ORIENTED_EDGE ( 'NONE', *, *, #8855, .F. ) ;
#4128 = ORIENTED_EDGE ( 'NONE', *, *, #6991, .T. ) ;
#4129 = ORIENTED_EDGE ( 'NONE', *, *, #3021, .T. ) ;
#4130 = CIRCLE ( 'NONE', #5629, 0.002101383127306358700 ) ;
#4131 = ORIENTED_EDGE ( 'NONE', *, *, #8715, .F. ) ;
#4132 = DIRECTION ( 'NONE',  ( -1.000000000000000000, -0.0000000000000000000, -0.0000000000000000000 ) ) ;
#4133 = ORIENTED_EDGE ( 'NONE', *, *, #988, .F. ) ;
#4134 = DIRECTION ( 'NONE',  ( -0.0000000000000000000, -0.0000000000000000000, -1.000000000000000000 ) ) ;
#4135 = CARTESIAN_POINT ( 'NONE',  ( 0.03500000000000003800, 0.09076351822333045300, -0.2557592126802871200 ) ) ;
#4136 = ADVANCED_FACE ( 'NONE', ( #7735 ), #6303, .F. ) ;
#4137 = ORIENTED_EDGE ( 'NONE', *, *, #7724, .T. ) ;
#4138 = ORIENTED_EDGE ( 'NONE', *, *, #8871, .F. ) ;
#4139 = ORIENTED_EDGE ( 'NONE', *, *, #2520, .F. ) ;
#4140 = EDGE_CURVE ( 'NONE', #7935, #1848, #6258, .T. ) ;
#4141 = CIRCLE ( 'NONE', #8905, 0.002101383127306324400 ) ;
#4142 = CARTESIAN_POINT ( 'NONE',  ( 0.2650000000000000700, 0.01210138312730608600, -0.2819175359259424300 ) ) ;
#4143 = VECTOR ( 'NONE', #1413, 39.37007874015748900 ) ;
#4144 = CARTESIAN_POINT ( 'NONE',  ( -0.1649999999999999800, 0.01173648177666930900, 0.2798480775301220900 ) ) ;
#4145 = DIRECTION ( 'NONE',  ( 0.0000000000000000000, -1.000000000000000000, 6.829619984160659800E-015 ) ) ;
#4146 = UNCERTAINTY_MEASURE_WITH_UNIT (LENGTH_MEASURE( 1.000000000000000100E-005 ), #6979, 'distance_accuracy_value', 'NONE');
#4147 = CARTESIAN_POINT ( 'NONE',  ( 0.2850000000000000900, 0.01210138312730608600, 0.2819175359259424300 ) ) ;
#4148 = CARTESIAN_POINT ( 'NONE',  ( 0.03500000000000003800, 0.009999999999999753900, 0.2819175359259424300 ) ) ;
#4149 = ADVANCED_FACE ( 'NONE', ( #9643 ), #268, .F. ) ;
#4150 = CLOSED_SHELL ( 'NONE', ( #6629, #388, #6811, #6757, #399, #9916, #994, #4076, #8512, #6414, #7814, #4822, #9303, #7708 ) ) ;
#4151 = ORIENTED_EDGE ( 'NONE', *, *, #9505, .T. ) ;
#4152 = FACE_OUTER_BOUND ( 'NONE', #8061, .T. ) ;
#4153 = CIRCLE ( 'NONE', #2924, 0.002101383127306324400 ) ;
#4154 = AXIS2_PLACEMENT_3D ( 'NONE', #8645, #8526, #972 ) ;
#4155 = DIRECTION ( 'NONE',  ( 0.0000000000000000000, 0.0000000000000000000, 1.000000000000000000 ) ) ;
#4156 = EDGE_CURVE ( 'NONE', #10482, #6159, #7065, .T. ) ;
#4157 = AXIS2_PLACEMENT_3D ( 'NONE', #10036, #3026, #10003 ) ;
#4158 = CARTESIAN_POINT ( 'NONE',  ( 0.01500000000000004500, -2.411709556906732200E-016, -0.2819175359259424900 ) ) ;
#4159 = CARTESIAN_POINT ( 'NONE',  ( -0.01499999999999994200, -2.603792618961250900E-016, 0.2819175359259424900 ) ) ;
#4160 = ORIENTED_EDGE ( 'NONE', *, *, #1447, .F. ) ;
#4161 = DIRECTION ( 'NONE',  ( 0.0000000000000000000, 0.0000000000000000000, 1.000000000000000000 ) ) ;
#4162 = ORIENTED_EDGE ( 'NONE', *, *, #10697, .F. ) ;
#4163 = ORIENTED_EDGE ( 'NONE', *, *, #7205, .F. ) ;
#4164 = VECTOR ( 'NONE', #6516, 39.37007874015748900 ) ;
#4165 = CARTESIAN_POINT ( 'NONE',  ( 0.2150000000000000500, 0.09249999999999974900, -0.2656072902104091300 ) ) ;
#4166 = ORIENTED_EDGE ( 'NONE', *, *, #2231, .F. ) ;
#4167 = DIRECTION ( 'NONE',  ( -1.000000000000000000, -0.0000000000000000000, -0.0000000000000000000 ) ) ;
#4168 = FACE_OUTER_BOUND ( 'NONE', #6700, .T. ) ;
#4169 = ORIENTED_EDGE ( 'NONE', *, *, #2328, .F. ) ;
#4170 = CYLINDRICAL_SURFACE ( 'NONE', #4663, 0.002101383127306358700 ) ;
#4171 = CARTESIAN_POINT ( 'NONE',  ( -0.2857222057372608100, 0.1749999999999998500, 0.2082222057372607700 ) ) ;
#4172 = VERTEX_POINT ( 'NONE', #10607 ) ;
#4173 = EDGE_CURVE ( 'NONE', #9725, #671, #6935, .T. ) ;
#4174 = DIRECTION ( 'NONE',  ( -1.000000000000000000, -0.0000000000000000000, -0.0000000000000000000 ) ) ;
#4175 = DIRECTION ( 'NONE',  ( -1.000000000000000000, -0.0000000000000000000, -0.0000000000000000000 ) ) ;
#4176 = ORIENTED_EDGE ( 'NONE', *, *, #7932, .T. ) ;
#4177 = ORIENTED_EDGE ( 'NONE', *, *, #916, .F. ) ;
#4178 = EDGE_CURVE ( 'NONE', #8521, #1988, #9504, .T. ) ;
#4179 = DIRECTION ( 'NONE',  ( 0.0000000000000000000, 0.0000000000000000000, 1.000000000000000000 ) ) ;
#4180 = AXIS2_PLACEMENT_3D ( 'NONE', #6542, #3955, #9920 ) ;
#4181 = VERTEX_POINT ( 'NONE', #1200 ) ;
#4182 = FACE_OUTER_BOUND ( 'NONE', #3651, .T. ) ;
#4183 = ORIENTED_EDGE ( 'NONE', *, *, #4227, .F. ) ;
#4184 = VECTOR ( 'NONE', #4175, 39.37007874015748100 ) ;
#4185 = ORIENTED_EDGE ( 'NONE', *, *, #9574, .F. ) ;
#4186 = ORIENTED_EDGE ( 'NONE', *, *, #1044, .T. ) ;
#4187 = DIRECTION ( 'NONE',  ( 0.0000000000000000000, 0.0000000000000000000, 1.000000000000000000 ) ) ;
#4188 = CARTESIAN_POINT ( 'NONE',  ( 0.06500000000000005800, 0.1024999999999999800, -0.2536897542844667700 ) ) ;
#4189 = EDGE_LOOP ( 'NONE', ( #2042, #6374, #3133, #5587 ) ) ;
#4190 = DIRECTION ( 'NONE',  ( 0.0000000000000000000, 0.0000000000000000000, -1.000000000000000000 ) ) ;
#4191 = DIRECTION ( 'NONE',  ( -1.000000000000000000, -0.0000000000000000000, -0.0000000000000000000 ) ) ;
#4192 = FILL_AREA_STYLE ('',( #1450 ) ) ;
#4193 = DIRECTION ( 'NONE',  ( -1.000000000000000000, -0.0000000000000000000, -0.0000000000000000000 ) ) ;
#4194 = LINE ( 'NONE', #8156, #5936 ) ;
#4195 = EDGE_CURVE ( 'NONE', #1024, #6875, #5981, .T. ) ;
#4196 = FACE_OUTER_BOUND ( 'NONE', #8600, .T. ) ;
#4197 = EDGE_CURVE ( 'NONE', #7137, #4950, #752, .T. ) ;
#4198 = ADVANCED_FACE ( 'NONE', ( #11108 ), #9372, .F. ) ;
#4199 = DIRECTION ( 'NONE',  ( 0.0000000000000000000, -1.000000000000000000, 7.225480511685028100E-015 ) ) ;
#4200 = LINE ( 'NONE', #2221, #1122 ) ;
#4201 = DIRECTION ( 'NONE',  ( -1.000000000000000000, -0.0000000000000000000, -0.0000000000000000000 ) ) ;
#4202 = CARTESIAN_POINT ( 'NONE',  ( 0.1150000000000000700, 0.009999999999999956800, -0.3150000000000000000 ) ) ;
#4203 = ORIENTED_EDGE ( 'NONE', *, *, #283, .T. ) ;
#4204 = CIRCLE ( 'NONE', #7844, 0.01210138312730635500 ) ;
#4205 = CARTESIAN_POINT ( 'NONE',  ( 0.2350000000000000400, 0.01173648177666930000, -0.2798480775301220900 ) ) ;
#4206 = DIRECTION ( 'NONE',  ( 0.03487826274237470400, 0.9987827659587182900, 0.03487826274237469700 ) ) ;
#4207 = LINE ( 'NONE', #1748, #2597 ) ;
#4208 = ADVANCED_FACE ( 'NONE', ( #2759 ), #3813, .F. ) ;
#4209 = AXIS2_PLACEMENT_3D ( 'NONE', #6405, #6342, #7272 ) ;
#4210 = VECTOR ( 'NONE', #9474, 39.37007874015748100 ) ;
#4211 = CARTESIAN_POINT ( 'NONE',  ( 0.03500000000000003800, -2.603792618961250900E-016, 0.2819175359259424900 ) ) ;
#4212 = EDGE_CURVE ( 'NONE', #4375, #10094, #1687, .T. ) ;
#4213 = DIRECTION ( 'NONE',  ( 0.0000000000000000000, 0.0000000000000000000, -1.000000000000000000 ) ) ;
#4214 = ORIENTED_EDGE ( 'NONE', *, *, #9473, .T. ) ;
#4215 = CARTESIAN_POINT ( 'NONE',  ( -0.1649999999999999800, -3.201384367575308500E-018, 0.3150000000000000600 ) ) ;
#4216 = LINE ( 'NONE', #2882, #1394 ) ;
#4217 = VECTOR ( 'NONE', #174, 39.37007874015748100 ) ;
#4218 = CARTESIAN_POINT ( 'NONE',  ( -0.2650000000000000100, 0.009999999999999993300, 0.3150000000000000000 ) ) ;
#4219 = EDGE_LOOP ( 'NONE', ( #5652, #2910, #524, #4549 ) ) ;
#4220 = VERTEX_POINT ( 'NONE', #10842 ) ;
#4221 = VECTOR ( 'NONE', #11092, 39.37007874015748100 ) ;
#4222 = DIRECTION ( 'NONE',  ( -0.0000000000000000000, 1.000000000000000000, 0.0000000000000000000 ) ) ;
#4223 = AXIS2_PLACEMENT_3D ( 'NONE', #10711, #378, #8103 ) ;
#4224 = CARTESIAN_POINT ( 'NONE',  ( -0.2650000000000000100, 0.1024999999999999800, -0.2399999999999999100 ) ) ;
#4225 = PLANE ( 'NONE',  #7719 ) ;
#4226 = VECTOR ( 'NONE', #10377, 39.37007874015748100 ) ;
#4227 = EDGE_CURVE ( 'NONE', #10035, #8703, #10037, .T. ) ;
#4228 = DIRECTION ( 'NONE',  ( 0.0000000000000000000, -0.9848077530122082400, -0.1736481776669296100 ) ) ;
#4229 = ORIENTED_EDGE ( 'NONE', *, *, #3095, .T. ) ;
#4230 = ORIENTED_EDGE ( 'NONE', *, *, #6877, .T. ) ;
#4231 = CARTESIAN_POINT ( 'NONE',  ( -0.2650000000000000100, -2.411709556906732200E-016, -0.2819175359259424900 ) ) ;
#4232 = VECTOR ( 'NONE', #3308, 39.37007874015748100 ) ;
#4233 = CARTESIAN_POINT ( 'NONE',  ( 0.08500000000000004800, 0.01210138312730608600, -0.2819175359259424300 ) ) ;
#4234 = CARTESIAN_POINT ( 'NONE',  ( 0.06500000000000005800, -2.411709556906732200E-016, -0.2819175359259424900 ) ) ;
#4235 = CARTESIAN_POINT ( 'NONE',  ( 0.2150000000000000500, 0.1024999999999999800, -0.2399999999999999100 ) ) ;
#4236 = DIRECTION ( 'NONE',  ( 0.0000000000000000000, 0.0000000000000000000, 1.000000000000000000 ) ) ;
#4237 = DIRECTION ( 'NONE',  ( -0.0000000000000000000, 1.000000000000000000, -0.0000000000000000000 ) ) ;
#4238 =( NAMED_UNIT ( * ) SI_UNIT ( $, .STERADIAN. ) SOLID_ANGLE_UNIT ( ) );
#4239 = ORIENTED_EDGE ( 'NONE', *, *, #8793, .F. ) ;
#4240 = EDGE_CURVE ( 'NONE', #3988, #8815, #2344, .T. ) ;
#4241 = AXIS2_PLACEMENT_3D ( 'NONE', #10939, #3931, #5764 ) ;
#4242 = ORIENTED_EDGE ( 'NONE', *, *, #3848, .F. ) ;
#4243 = PRESENTATION_STYLE_ASSIGNMENT (( #6652 ) ) ;
#4244 = VECTOR ( 'NONE', #10947, 39.37007874015748100 ) ;
#4245 = PLANE ( 'NONE',  #10069 ) ;
#4246 = FACE_OUTER_BOUND ( 'NONE', #1734, .T. ) ;
#4247 = CARTESIAN_POINT ( 'NONE',  ( -0.2849999999999999800, 0.09039861687269366800, 0.2536897542844667700 ) ) ;
#4248 = DIRECTION ( 'NONE',  ( 0.0000000000000000000, -1.000000000000000000, 7.225480511685028100E-015 ) ) ;
#4249 = ADVANCED_FACE ( 'NONE', ( #485 ), #97, .T. ) ;
#4250 = ORIENTED_EDGE ( 'NONE', *, *, #6936, .F. ) ;
#4251 = PRESENTATION_STYLE_ASSIGNMENT (( #7197 ) ) ;
#4252 = DIRECTION ( 'NONE',  ( -1.000000000000000000, -0.0000000000000000000, -0.0000000000000000000 ) ) ;
#4253 = ORIENTED_EDGE ( 'NONE', *, *, #3755, .T. ) ;
#4254 = VECTOR ( 'NONE', #4257, 39.37007874015748100 ) ;
#4255 = ORIENTED_EDGE ( 'NONE', *, *, #7869, .T. ) ;
#4256 = LINE ( 'NONE', #8263, #252 ) ;
#4257 = DIRECTION ( 'NONE',  ( -1.000000000000000000, -0.0000000000000000000, -0.0000000000000000000 ) ) ;
#4258 = EDGE_CURVE ( 'NONE', #1822, #6172, #10831, .T. ) ;
#4259 = AXIS2_PLACEMENT_3D ( 'NONE', #2771, #8806, #9678 ) ;
#4260 = CARTESIAN_POINT ( 'NONE',  ( -0.06499999999999996100, 0.09249999999999998500, 0.2399999999999999100 ) ) ;
#4261 = CARTESIAN_POINT ( 'NONE',  ( -0.1849999999999999700, 0.009999999999999753900, 0.2819175359259424300 ) ) ;
#4262 = EDGE_CURVE ( 'NONE', #3419, #3012, #9773, .T. ) ;
#4263 = DIRECTION ( 'NONE',  ( -1.000000000000000000, -0.0000000000000000000, -0.0000000000000000000 ) ) ;
#4264 = CARTESIAN_POINT ( 'NONE',  ( 0.1850000000000000800, -2.603792618961250900E-016, 0.2819175359259424900 ) ) ;
#4265 = VERTEX_POINT ( 'NONE', #2129 ) ;
#4266 = ORIENTED_EDGE ( 'NONE', *, *, #2487, .F. ) ;
#4267 = ADVANCED_FACE ( 'NONE', ( #6649 ), #2196, .F. ) ;
#4268 = FACE_OUTER_BOUND ( 'NONE', #5779, .T. ) ;
#4269 = CARTESIAN_POINT ( 'NONE',  ( 0.2850000000000000900, 0.01210138312730608600, -0.2819175359259424300 ) ) ;
#4270 = VERTEX_POINT ( 'NONE', #10807 ) ;
#4271 = LINE ( 'NONE', #4968, #10863 ) ;
#4272 = VECTOR ( 'NONE', #4291, 39.37007874015748100 ) ;
#4273 = DIRECTION ( 'NONE',  ( -1.000000000000000000, -0.0000000000000000000, -0.0000000000000000000 ) ) ;
#4274 = DIRECTION ( 'NONE',  ( -0.0000000000000000000, -7.193223902257864100E-015, -1.000000000000000000 ) ) ;
#4275 = CARTESIAN_POINT ( 'NONE',  ( -0.2650000000000000100, 0.09249999999999999900, -0.2536897542844667700 ) ) ;
#4276 = ORIENTED_EDGE ( 'NONE', *, *, #8744, .F. ) ;
#4277 = ORIENTED_EDGE ( 'NONE', *, *, #2760, .F. ) ;
#4278 = DIRECTION ( 'NONE',  ( -0.0000000000000000000, -0.0000000000000000000, 1.000000000000000000 ) ) ;
#4279 = AXIS2_PLACEMENT_3D ( 'NONE', #5319, #1210, #2774 ) ;
#4280 = DIRECTION ( 'NONE',  ( -1.000000000000000000, -0.0000000000000000000, -0.0000000000000000000 ) ) ;
#4281 = VERTEX_POINT ( 'NONE', #4673 ) ;
#4282 = EDGE_CURVE ( 'NONE', #10206, #3436, #4899, .T. ) ;
#4283 = VECTOR ( 'NONE', #7939, 39.37007874015748100 ) ;
#4284 = CARTESIAN_POINT ( 'NONE',  ( 0.2350000000000000400, -3.201384367575308500E-018, 0.3150000000000000600 ) ) ;
#4285 = DIRECTION ( 'NONE',  ( -1.000000000000000000, -0.0000000000000000000, -0.0000000000000000000 ) ) ;
#4286 = DIRECTION ( 'NONE',  ( -1.000000000000000000, -0.0000000000000000000, -0.0000000000000000000 ) ) ;
#4287 = DIRECTION ( 'NONE',  ( 0.0000000000000000000, 0.0000000000000000000, 1.000000000000000000 ) ) ;
#4288 = ORIENTED_EDGE ( 'NONE', *, *, #6415, .F. ) ;
#4289 = ORIENTED_EDGE ( 'NONE', *, *, #5113, .T. ) ;
#4290 = ORIENTED_EDGE ( 'NONE', *, *, #3956, .F. ) ;
#4291 = DIRECTION ( 'NONE',  ( -0.0000000000000000000, -0.0000000000000000000, -1.000000000000000000 ) ) ;
#4292 = FILL_AREA_STYLE ('',( #8593 ) ) ;
#4293 = LINE ( 'NONE', #4400, #7243 ) ;
#4294 = ORIENTED_EDGE ( 'NONE', *, *, #2111, .T. ) ;
#4295 = DIRECTION ( 'NONE',  ( 0.0000000000000000000, 0.0000000000000000000, -1.000000000000000000 ) ) ;
#4296 = CARTESIAN_POINT ( 'NONE',  ( -0.2857222057372608100, 0.2249999999999998700, 0.1807222057372607800 ) ) ;
#4297 = LINE ( 'NONE', #944, #10891 ) ;
#4298 = MANIFOLD_SOLID_BREP ( 'Pin 2', #2786 ) ;
#4299 = DIRECTION ( 'NONE',  ( -1.000000000000000000, -0.0000000000000000000, -0.0000000000000000000 ) ) ;
#4300 = AXIS2_PLACEMENT_3D ( 'NONE', #2052, #7225, #9803 ) ;
#4301 = EDGE_CURVE ( 'NONE', #9929, #503, #3424, .T. ) ;
#4302 = EDGE_LOOP ( 'NONE', ( #1368, #2324, #1837, #973 ) ) ;
#4303 = CARTESIAN_POINT ( 'NONE',  ( -0.2349999999999999900, 0.09039861687269366800, -0.2536897542844667700 ) ) ;
#4304 = ORIENTED_EDGE ( 'NONE', *, *, #3631, .T. ) ;
#4305 = ORIENTED_EDGE ( 'NONE', *, *, #7590, .T. ) ;
#4306 = CARTESIAN_POINT ( 'NONE',  ( -0.06499999999999996100, -3.201384367575308500E-018, -0.3150000000000000600 ) ) ;
#4307 = CARTESIAN_POINT ( 'NONE',  ( -0.1649999999999999800, 0.01000000000000000400, -0.2700000000000000200 ) ) ;
#4308 = VECTOR ( 'NONE', #1463, 39.37007874015748100 ) ;
#4309 = CARTESIAN_POINT ( 'NONE',  ( 0.03500000000000003800, 0.09039861687269366800, -0.2536897542844667700 ) ) ;
#4310 = ORIENTED_EDGE ( 'NONE', *, *, #1946, .F. ) ;
#4311 = VERTEX_POINT ( 'NONE', #1551 ) ;
#4312 = ORIENTED_EDGE ( 'NONE', *, *, #4301, .T. ) ;
#4313 = ADVANCED_FACE ( 'NONE', ( #7317 ), #1443, .F. ) ;
#4314 = EDGE_CURVE ( 'NONE', #9019, #8767, #8818, .T. ) ;
#4315 = AXIS2_PLACEMENT_3D ( 'NONE', #4071, #8256, #4940 ) ;
#4316 = EDGE_CURVE ( 'NONE', #4044, #5601, #10169, .T. ) ;
#4317 = VECTOR ( 'NONE', #4278, 39.37007874015748100 ) ;
#4318 = EDGE_LOOP ( 'NONE', ( #2410, #8257, #7383, #9130, #7000, #3075, #1929, #10519, #1998, #2868, #6260, #9990 ) ) ;
#4319 = DIRECTION ( 'NONE',  ( 0.0000000000000000000, 7.193223902257864100E-015, -1.000000000000000000 ) ) ;
#4320 = LINE ( 'NONE', #10575, #7820 ) ;
#4321 = PLANE ( 'NONE',  #2338 ) ;
#4322 = PLANE ( 'NONE',  #7965 ) ;
#4323 = ORIENTED_EDGE ( 'NONE', *, *, #1649, .F. ) ;
#4324 = ORIENTED_EDGE ( 'NONE', *, *, #3200, .T. ) ;
#4325 = CARTESIAN_POINT ( 'NONE',  ( 0.1350000000000000600, 0.09076351822333045300, -0.2557592126802871200 ) ) ;
#4326 = VERTEX_POINT ( 'NONE', #5980 ) ;
#4327 = ADVANCED_FACE ( 'NONE', ( #5160 ), #9351, .F. ) ;
#4328 = ORIENTED_EDGE ( 'NONE', *, *, #394, .F. ) ;
#4329 = FACE_OUTER_BOUND ( 'NONE', #10002, .T. ) ;
#4330 = CARTESIAN_POINT ( 'NONE',  ( 0.2850000000000000900, 0.09039861687269366800, 0.2536897542844667700 ) ) ;
#4331 = EDGE_CURVE ( 'NONE', #8519, #10909, #5689, .T. ) ;
#4332 = DIRECTION ( 'NONE',  ( -1.000000000000000000, -0.0000000000000000000, -0.0000000000000000000 ) ) ;
#4333 = EDGE_CURVE ( 'NONE', #5388, #5815, #4757, .T. ) ;
#4334 = VECTOR ( 'NONE', #10015, 39.37007874015748100 ) ;
#4335 = ORIENTED_EDGE ( 'NONE', *, *, #3441, .T. ) ;
#4336 = AXIS2_PLACEMENT_3D ( 'NONE', #6770, #3344, #1727 ) ;
#4337 = ORIENTED_EDGE ( 'NONE', *, *, #8064, .T. ) ;
#4338 = CIRCLE ( 'NONE', #2795, 0.002101383127306358700 ) ;
#4339 = DIRECTION ( 'NONE',  ( -1.000000000000000000, -0.0000000000000000000, -0.0000000000000000000 ) ) ;
#4340 = DIRECTION ( 'NONE',  ( 0.0000000000000000000, 0.0000000000000000000, -1.000000000000000000 ) ) ;
#4341 = CARTESIAN_POINT ( 'NONE',  ( -0.2150000000000000000, 0.009999999999999993300, 0.3150000000000000000 ) ) ;
#4342 = DIRECTION ( 'NONE',  ( 0.0000000000000000000, 0.0000000000000000000, 1.000000000000000000 ) ) ;
#4343 = VECTOR ( 'NONE', #10381, 39.37007874015748900 ) ;
#4344 = EDGE_CURVE ( 'NONE', #2807, #2491, #10577, .T. ) ;
#4345 = AXIS2_PLACEMENT_3D ( 'NONE', #9184, #5735, #3105 ) ;
#4346 = ORIENTED_EDGE ( 'NONE', *, *, #8051, .T. ) ;
#4347 = LINE ( 'NONE', #928, #2190 ) ;
#4348 = EDGE_CURVE ( 'NONE', #138, #7579, #6122, .T. ) ;
#4349 = EDGE_LOOP ( 'NONE', ( #9171, #9121, #6688, #10084 ) ) ;
#4350 = VECTOR ( 'NONE', #4607, 39.37007874015748100 ) ;
#4351 = CARTESIAN_POINT ( 'NONE',  ( -0.2857222057372608100, 0.1749999999999998500, 0.1807222057372607800 ) ) ;
#4352 = CARTESIAN_POINT ( 'NONE',  ( 0.01500000000000004500, -2.411709556906732200E-016, 0.2819175359259424900 ) ) ;
#4353 = CARTESIAN_POINT ( 'NONE',  ( 0.2850000000000000900, 0.09076351822333045300, -0.2557592126802871200 ) ) ;
#4354 = PLANE ( 'NONE',  #1211 ) ;
#4355 = CIRCLE ( 'NONE', #3873, 0.002101383127306324400 ) ;
#4356 = CARTESIAN_POINT ( 'NONE',  ( -0.1649999999999999800, 0.009999999999999753900, 0.2819175359259424300 ) ) ;
#4357 = CARTESIAN_POINT ( 'NONE',  ( 0.1350000000000000600, 0.09039861687269366800, -0.2536897542844667700 ) ) ;
#4358 = CARTESIAN_POINT ( 'NONE',  ( -0.06499999999999996100, 0.09249999999999998500, -0.2399999999999999100 ) ) ;
#4359 = CARTESIAN_POINT ( 'NONE',  ( -0.2650000000000000100, 0.09249999999999998500, -0.2399999999999999100 ) ) ;
#4360 = VERTEX_POINT ( 'NONE', #2570 ) ;
#4361 = VECTOR ( 'NONE', #3415, 39.37007874015748100 ) ;
#4362 = VERTEX_POINT ( 'NONE', #1781 ) ;
#4363 = LINE ( 'NONE', #3717, #5823 ) ;
#4364 = DIRECTION ( 'NONE',  ( 0.0000000000000000000, 0.0000000000000000000, 1.000000000000000000 ) ) ;
#4365 = EDGE_CURVE ( 'NONE', #2527, #4723, #1676, .T. ) ;
#4366 = CARTESIAN_POINT ( 'NONE',  ( -0.1349999999999999500, 0.1024999999999999900, 0.2536897542844667700 ) ) ;
#4367 = DIRECTION ( 'NONE',  ( 1.000000000000000000, 0.0000000000000000000, 0.0000000000000000000 ) ) ;
#4368 = ORIENTED_EDGE ( 'NONE', *, *, #7706, .F. ) ;
#4369 = VERTEX_POINT ( 'NONE', #4218 ) ;
#4370 = ADVANCED_FACE ( 'NONE', ( #8262 ), #5560, .T. ) ;
#4371 = ORIENTED_EDGE ( 'NONE', *, *, #2402, .F. ) ;
#4372 = VECTOR ( 'NONE', #3974, 39.37007874015748900 ) ;
#4373 = COLOUR_RGB ( '',0.7921568627450980000, 0.8196078431372548800, 0.9333333333333333500 ) ;
#4374 = DIRECTION ( 'NONE',  ( 0.0000000000000000000, 0.0000000000000000000, -1.000000000000000000 ) ) ;
#4375 = VERTEX_POINT ( 'NONE', #11107 ) ;
#4376 = CARTESIAN_POINT ( 'NONE',  ( 0.2850000000000000900, 0.01173648177666930900, 0.2798480775301220900 ) ) ;
#4377 = AXIS2_PLACEMENT_3D ( 'NONE', #3212, #5763, #7620 ) ;
#4378 = ORIENTED_EDGE ( 'NONE', *, *, #1130, .T. ) ;
#4379 = DIRECTION ( 'NONE',  ( -2.845674993400276900E-016, 0.0000000000000000000, -1.000000000000000000 ) ) ;
#4380 = CARTESIAN_POINT ( 'NONE',  ( -0.06499999999999996100, 0.09039861687269366800, -0.2536897542844667700 ) ) ;
#4381 = VECTOR ( 'NONE', #5900, 39.37007874015748100 ) ;
#4382 = EDGE_CURVE ( 'NONE', #8416, #6503, #2883, .T. ) ;
#4383 = VECTOR ( 'NONE', #8790, 39.37007874015748900 ) ;
#4384 = ADVANCED_FACE ( 'NONE', ( #3134 ), #1950, .F. ) ;
#4385 = DIRECTION ( 'NONE',  ( 0.0000000000000000000, 0.0000000000000000000, -1.000000000000000000 ) ) ;
#4386 = VECTOR ( 'NONE', #2761, 39.37007874015748100 ) ;
#4387 = CARTESIAN_POINT ( 'NONE',  ( -0.03499999999999993400, 0.09249999999999998500, 0.2399999999999999100 ) ) ;
#4388 = ORIENTED_EDGE ( 'NONE', *, *, #2146, .T. ) ;
#4389 = VECTOR ( 'NONE', #9630, 39.37007874015748100 ) ;
#4390 = CARTESIAN_POINT ( 'NONE',  ( -0.06499999999999996100, -2.411709556906732200E-016, -0.2819175359259424900 ) ) ;
#4391 = CARTESIAN_POINT ( 'NONE',  ( 0.2150000000000000500, 0.09076351822333045300, 0.2557592126802870600 ) ) ;
#4392 = ORIENTED_EDGE ( 'NONE', *, *, #4042, .T. ) ;
#4393 = LINE ( 'NONE', #9506, #3981 ) ;
#4394 = PLANE ( 'NONE',  #6678 ) ;
#4395 = LINE ( 'NONE', #9559, #1563 ) ;
#4396 = PLANE ( 'NONE',  #1031 ) ;
#4397 = CIRCLE ( 'NONE', #1375, 0.002101383127306358700 ) ;
#4398 = DIRECTION ( 'NONE',  ( -1.000000000000000000, -0.0000000000000000000, 0.0000000000000000000 ) ) ;
#4399 = CARTESIAN_POINT ( 'NONE',  ( -0.01499999999999994200, 0.009999999999999993300, 0.3150000000000000000 ) ) ;
#4400 = CARTESIAN_POINT ( 'NONE',  ( -0.03499999999999993400, 0.009999999999999759100, -0.2819175359259424300 ) ) ;
#4401 = EDGE_CURVE ( 'NONE', #8571, #4504, #9897, .T. ) ;
#4402 = VERTEX_POINT ( 'NONE', #1889 ) ;
#4403 = VECTOR ( 'NONE', #3385, 39.37007874015748100 ) ;
#4404 = ORIENTED_EDGE ( 'NONE', *, *, #10516, .T. ) ;
#4405 = VECTOR ( 'NONE', #6093, 39.37007874015748100 ) ;
#4406 = CARTESIAN_POINT ( 'NONE',  ( 0.1850000000000000800, 0.09039861687269366800, -0.2536897542844667700 ) ) ;
#4407 = CARTESIAN_POINT ( 'NONE',  ( -0.2349999999999999900, 0.009999999999999753900, 0.2819175359259424300 ) ) ;
#4408 = DIRECTION ( 'NONE',  ( 0.0000000000000000000, 0.0000000000000000000, 1.000000000000000000 ) ) ;
#4409 = ORIENTED_EDGE ( 'NONE', *, *, #10658, .T. ) ;
#4410 = ORIENTED_EDGE ( 'NONE', *, *, #547, .T. ) ;
#4411 = LINE ( 'NONE', #2542, #7090 ) ;
#4412 = ORIENTED_EDGE ( 'NONE', *, *, #2555, .F. ) ;
#4413 = EDGE_CURVE ( 'NONE', #6874, #5934, #10708, .T. ) ;
#4414 = FACE_OUTER_BOUND ( 'NONE', #4956, .T. ) ;
#4415 = AXIS2_PLACEMENT_3D ( 'NONE', #6628, #1487, #8335 ) ;
#4416 = CARTESIAN_POINT ( 'NONE',  ( -0.2650000000000000100, 0.09249999999999974900, -0.2656072902104091300 ) ) ;
#4417 = EDGE_CURVE ( 'NONE', #2155, #5708, #5973, .T. ) ;
#4418 = CARTESIAN_POINT ( 'NONE',  ( -0.2849999999999999800, 0.01210138312730608600, -0.2819175359259424300 ) ) ;
#4419 = DIRECTION ( 'NONE',  ( 1.000000000000000000, 0.0000000000000000000, 0.0000000000000000000 ) ) ;
#4420 = ORIENTED_EDGE ( 'NONE', *, *, #10954, .T. ) ;
#4421 = ORIENTED_EDGE ( 'NONE', *, *, #10903, .T. ) ;
#4422 = LINE ( 'NONE', #783, #7913 ) ;
#4423 = CARTESIAN_POINT ( 'NONE',  ( -0.1649999999999999800, 0.009999999999999956800, -0.3150000000000000000 ) ) ;
#4424 = VERTEX_POINT ( 'NONE', #1069 ) ;
#4425 = VECTOR ( 'NONE', #9547, 39.37007874015748100 ) ;
#4426 = DIMENSIONAL_EXPONENTS ( 1.000000000000000000, 0.0000000000000000000, 0.0000000000000000000, 0.0000000000000000000, 0.0000000000000000000, 0.0000000000000000000, 0.0000000000000000000 ) ;
#4427 = CARTESIAN_POINT ( 'NONE',  ( 0.2650000000000000700, 0.1024999999999999800, -0.2536897542844667700 ) ) ;
#4428 = DIRECTION ( 'NONE',  ( -0.0000000000000000000, 1.000000000000000000, 7.193223902257864100E-015 ) ) ;
#4429 = DIRECTION ( 'NONE',  ( 0.0000000000000000000, 0.9848077530122082400, -0.1736481776669296100 ) ) ;
#4430 = DIRECTION ( 'NONE',  ( 0.0000000000000000000, -7.225480511685028100E-015, -1.000000000000000000 ) ) ;
#4431 = AXIS2_PLACEMENT_3D ( 'NONE', #3244, #4072, #4942 ) ;
#4432 = CLOSED_SHELL ( 'NONE', ( #7926, #5151, #6135, #5265, #10934, #3522, #7596, #5162, #10261, #8955, #8105, #1546, #722, #8794 ) ) ;
#4433 = ORIENTED_EDGE ( 'NONE', *, *, #9822, .T. ) ;
#4434 = EDGE_CURVE ( 'NONE', #2966, #4531, #8413, .T. ) ;
#4435 = DIRECTION ( 'NONE',  ( 0.0000000000000000000, -0.9848077530122082400, -0.1736481776669296100 ) ) ;
#4436 = DIRECTION ( 'NONE',  ( 0.0000000000000000000, 0.0000000000000000000, -1.000000000000000000 ) ) ;
#4437 = VECTOR ( 'NONE', #9163, 39.37007874015748100 ) ;
#4438 = UNCERTAINTY_MEASURE_WITH_UNIT (LENGTH_MEASURE( 1.000000000000000100E-005 ), #2210, 'distance_accuracy_value', 'NONE');
#4439 = ADVANCED_FACE ( 'NONE', ( #3692 ), #7067, .F. ) ;
#4440 = CARTESIAN_POINT ( 'NONE',  ( 0.1850000000000000800, 0.01210138312730608600, 0.2819175359259424300 ) ) ;
#4441 = EDGE_LOOP ( 'NONE', ( #5461, #6712, #9310, #4388 ) ) ;
#4442 = DIRECTION ( 'NONE',  ( 1.000000000000000000, 0.0000000000000000000, 0.0000000000000000000 ) ) ;
#4443 = ORIENTED_EDGE ( 'NONE', *, *, #863, .T. ) ;
#4444 = EDGE_LOOP ( 'NONE', ( #10213, #89, #9040, #6469 ) ) ;
#4445 = SHAPE_DEFINITION_REPRESENTATION ( #8893, #1607 ) ;
#4446 = ORIENTED_EDGE ( 'NONE', *, *, #7058, .T. ) ;
#4447 = LINE ( 'NONE', #298, #2828 ) ;
#4448 = FACE_OUTER_BOUND ( 'NONE', #4903, .T. ) ;
#4449 = EDGE_CURVE ( 'NONE', #4362, #2127, #10822, .T. ) ;
#4450 = ORIENTED_EDGE ( 'NONE', *, *, #4875, .F. ) ;
#4451 = EDGE_LOOP ( 'NONE', ( #7823, #6137, #5768, #10469 ) ) ;
#4452 = CARTESIAN_POINT ( 'NONE',  ( 0.1850000000000000800, 0.01210138312730608600, -0.2819175359259424300 ) ) ;
#4453 = VERTEX_POINT ( 'NONE', #6100 ) ;
#4454 = VERTEX_POINT ( 'NONE', #1120 ) ;
#4455 = CARTESIAN_POINT ( 'NONE',  ( -0.2150000000000000000, 0.1024999999999999800, 0.2399999999999999100 ) ) ;
#4456 = CARTESIAN_POINT ( 'NONE',  ( -0.1149999999999999600, 0.1024999999999999800, 0.2399999999999999100 ) ) ;
#4457 = LINE ( 'NONE', #10374, #7398 ) ;
#4458 = DIRECTION ( 'NONE',  ( 2.845674993400276900E-016, 0.0000000000000000000, 1.000000000000000000 ) ) ;
#4459 = VECTOR ( 'NONE', #7667, 39.37007874015748100 ) ;
#4460 = LINE ( 'NONE', #2943, #9597 ) ;
#4461 = ORIENTED_EDGE ( 'NONE', *, *, #10697, .T. ) ;
#4462 = AXIS2_PLACEMENT_3D ( 'NONE', #10845, #2304, #5790 ) ;
#4463 = AXIS2_PLACEMENT_3D ( 'NONE', #5655, #1361, #8265 ) ;
#4464 = DIRECTION ( 'NONE',  ( -1.000000000000000000, -0.0000000000000000000, -0.0000000000000000000 ) ) ;
#4465 = ORIENTED_EDGE ( 'NONE', *, *, #3529, .F. ) ;
#4466 = EDGE_CURVE ( 'NONE', #9533, #4375, #7726, .T. ) ;
#4467 = CARTESIAN_POINT ( 'NONE',  ( 0.2850000000000000900, 0.09076351822333045300, 0.2557592126802870600 ) ) ;
#4468 = ORIENTED_EDGE ( 'NONE', *, *, #7409, .T. ) ;
#4469 = LINE ( 'NONE', #4079, #3380 ) ;
#4470 = CARTESIAN_POINT ( 'NONE',  ( 0.2650000000000000700, 0.09249999999999977700, 0.2656072902104091900 ) ) ;
#4471 = CARTESIAN_POINT ( 'NONE',  ( 0.01500000000000004500, 0.1024999999999999800, -0.2399999999999999100 ) ) ;
#4472 = LINE ( 'NONE', #5441, #1907 ) ;
#4473 = CARTESIAN_POINT ( 'NONE',  ( 0.08500000000000004800, 0.1024999999999999900, 0.2536897542844667700 ) ) ;
#4474 = CIRCLE ( 'NONE', #10142, 0.002101383127306358700 ) ;
#4475 = SURFACE_SIDE_STYLE ('',( #3836 ) ) ;
#4476 = ORIENTED_EDGE ( 'NONE', *, *, #2033, .F. ) ;
#4477 = EDGE_CURVE ( 'NONE', #9776, #6304, #876, .T. ) ;
#4478 = LINE ( 'NONE', #5752, #4060 ) ;
#4479 = DIRECTION ( 'NONE',  ( 1.000000000000000000, 0.0000000000000000000, -0.0000000000000000000 ) ) ;
#4480 = CARTESIAN_POINT ( 'NONE',  ( 0.2650000000000000700, 0.09039861687269366800, 0.2536897542844667700 ) ) ;
#4481 = CIRCLE ( 'NONE', #8124, 0.01210138312730635500 ) ;
#4482 = DIRECTION ( 'NONE',  ( 0.0000000000000000000, 0.0000000000000000000, -1.000000000000000000 ) ) ;
#4483 = ORIENTED_EDGE ( 'NONE', *, *, #2573, .T. ) ;
#4484 = VECTOR ( 'NONE', #10930, 39.37007874015748100 ) ;
#4485 = CARTESIAN_POINT ( 'NONE',  ( 0.08500000000000004800, 0.1024999999999999800, -0.2399999999999999100 ) ) ;
#4486 = CARTESIAN_POINT ( 'NONE',  ( 0.08500000000000004800, 0.009999999999999993300, 0.3150000000000000000 ) ) ;
#4487 = CARTESIAN_POINT ( 'NONE',  ( 0.06500000000000005800, 0.09076351822333045300, 0.2557592126802870600 ) ) ;
#4488 = LINE ( 'NONE', #6051, #6376 ) ;
#4489 = ADVANCED_FACE ( 'NONE', ( #5291 ), #2558, .F. ) ;
#4490 = DIRECTION ( 'NONE',  ( -0.0000000000000000000, 1.000000000000000000, -0.0000000000000000000 ) ) ;
#4491 = EDGE_CURVE ( 'NONE', #4680, #7087, #742, .T. ) ;
#4492 = DIRECTION ( 'NONE',  ( 0.0000000000000000000, 7.193223902257864100E-015, 1.000000000000000000 ) ) ;
#4493 = ORIENTED_EDGE ( 'NONE', *, *, #547, .F. ) ;
#4494 = EDGE_CURVE ( 'NONE', #9717, #8168, #6240, .T. ) ;
#4495 = ORIENTED_EDGE ( 'NONE', *, *, #10643, .F. ) ;
#4496 = VECTOR ( 'NONE', #3781, 39.37007874015748100 ) ;
#4497 = ORIENTED_EDGE ( 'NONE', *, *, #6038, .T. ) ;
#4498 = CARTESIAN_POINT ( 'NONE',  ( 0.1350000000000000600, -3.201384367575308500E-018, 0.3150000000000000600 ) ) ;
#4499 = CARTESIAN_POINT ( 'NONE',  ( 0.2350000000000000400, -2.411709556906732200E-016, -0.2819175359259424900 ) ) ;
#4500 = VECTOR ( 'NONE', #5223, 39.37007874015748900 ) ;
#4501 = PLANE ( 'NONE',  #7533 ) ;
#4502 = DIRECTION ( 'NONE',  ( 0.0000000000000000000, -1.000000000000000000, 0.0000000000000000000 ) ) ;
#4503 = ORIENTED_EDGE ( 'NONE', *, *, #7292, .F. ) ;
#4504 = VERTEX_POINT ( 'NONE', #10250 ) ;
#4505 = AXIS2_PLACEMENT_3D ( 'NONE', #5157, #50, #4595 ) ;
#4506 = LINE ( 'NONE', #7161, #2494 ) ;
#4507 = EDGE_CURVE ( 'NONE', #7391, #9691, #9085, .T. ) ;
#4508 = DIRECTION ( 'NONE',  ( 1.000000000000000000, 0.0000000000000000000, -0.0000000000000000000 ) ) ;
#4509 = ORIENTED_EDGE ( 'NONE', *, *, #5921, .F. ) ;
#4510 = VERTEX_POINT ( 'NONE', #8508 ) ;
#4511 = VECTOR ( 'NONE', #9325, 39.37007874015748100 ) ;
#4512 = FACE_OUTER_BOUND ( 'NONE', #2787, .T. ) ;
#4513 = PLANE ( 'NONE',  #6988 ) ;
#4514 = CARTESIAN_POINT ( 'NONE',  ( 0.2650000000000000700, 0.09249999999999999900, -0.2536897542844667700 ) ) ;
#4515 = AXIS2_PLACEMENT_3D ( 'NONE', #1858, #10448, #10487 ) ;
#4516 = AXIS2_PLACEMENT_3D ( 'NONE', #628, #9207, #9365 ) ;
#4517 = DIRECTION ( 'NONE',  ( 0.0000000000000000000, -0.9848077530122080200, -0.1736481776669304400 ) ) ;
#4518 = CARTESIAN_POINT ( 'NONE',  ( 0.06500000000000005800, 0.09076351822333045300, 0.2557592126802871200 ) ) ;
#4519 = DIRECTION ( 'NONE',  ( -0.0000000000000000000, 1.000000000000000000, -0.0000000000000000000 ) ) ;
#4520 = EDGE_LOOP ( 'NONE', ( #1071, #8833, #8734, #8304 ) ) ;
#4521 = EDGE_CURVE ( 'NONE', #6875, #1221, #7055, .T. ) ;
#4522 = FACE_OUTER_BOUND ( 'NONE', #10604, .T. ) ;
#4523 = DIRECTION ( 'NONE',  ( 0.0000000000000000000, 0.0000000000000000000, -1.000000000000000000 ) ) ;
#4524 = AXIS2_PLACEMENT_3D ( 'NONE', #2222, #4769, #6609 ) ;
#4525 = ORIENTED_EDGE ( 'NONE', *, *, #8755, .T. ) ;
#4526 = ORIENTED_EDGE ( 'NONE', *, *, #3944, .F. ) ;
#4527 = FACE_OUTER_BOUND ( 'NONE', #7765, .T. ) ;
#4528 = ADVANCED_FACE ( 'NONE', ( #3954 ), #222, .F. ) ;
#4529 = CARTESIAN_POINT ( 'NONE',  ( 0.1850000000000000800, 0.009999999999999753900, 0.2819175359259424300 ) ) ;
#4530 = CLOSED_SHELL ( 'NONE', ( #4811, #8615, #3425, #10969, #1301, #9642, #8455, #6690, #9754, #6926, #6464, #9714, #3926, #9420 ) ) ;
#4531 = VERTEX_POINT ( 'NONE', #6920 ) ;
#4532 = CARTESIAN_POINT ( 'NONE',  ( 0.1850000000000000800, 0.009999999999999956800, -0.3150000000000000000 ) ) ;
#4533 = DIRECTION ( 'NONE',  ( 1.000000000000000000, 0.0000000000000000000, -0.0000000000000000000 ) ) ;
#4534 = FACE_OUTER_BOUND ( 'NONE', #4302, .T. ) ;
#4535 = ORIENTED_EDGE ( 'NONE', *, *, #7346, .F. ) ;
#4536 = DIRECTION ( 'NONE',  ( 0.0000000000000000000, 1.000000000000000000, -7.193223902257864100E-015 ) ) ;
#4537 = VECTOR ( 'NONE', #10734, 39.37007874015748100 ) ;
#4538 = DIRECTION ( 'NONE',  ( 0.03489949670250104600, -0.9993908270190957600, 0.0000000000000000000 ) ) ;
#4539 = EDGE_CURVE ( 'NONE', #10271, #2895, #2209, .T. ) ;
#4540 = CARTESIAN_POINT ( 'NONE',  ( -0.08499999999999995100, 0.01210138312730608600, 0.2819175359259424300 ) ) ;
#4541 = FILL_AREA_STYLE_COLOUR ( '', #5623 ) ;
#4542 = EDGE_CURVE ( 'NONE', #673, #6643, #9360, .T. ) ;
#4543 = AXIS2_PLACEMENT_3D ( 'NONE', #8096, #6367, #7227 ) ;
#4544 = ADVANCED_FACE ( 'NONE', ( #1539 ), #5356, .F. ) ;
#4545 = VERTEX_POINT ( 'NONE', #6887 ) ;
#4546 = ORIENTED_EDGE ( 'NONE', *, *, #6040, .T. ) ;
#4547 = VECTOR ( 'NONE', #8987, 39.37007874015748100 ) ;
#4548 = CARTESIAN_POINT ( 'NONE',  ( 0.1150000000000000700, -3.201384367575308500E-018, 0.3150000000000000600 ) ) ;
#4549 = ORIENTED_EDGE ( 'NONE', *, *, #9928, .T. ) ;
#4550 = ORIENTED_EDGE ( 'NONE', *, *, #7984, .F. ) ;
#4551 = ORIENTED_EDGE ( 'NONE', *, *, #1297, .F. ) ;
#4552 = EDGE_CURVE ( 'NONE', #10620, #9000, #6504, .T. ) ;
#4553 = ADVANCED_FACE ( 'NONE', ( #5427 ), #10473, .F. ) ;
#4554 = AXIS2_PLACEMENT_3D ( 'NONE', #9750, #6269, #2885 ) ;
#4555 = DIRECTION ( 'NONE',  ( 0.0000000000000000000, -1.000000000000000000, -5.999729353452748200E-015 ) ) ;
#4556 = CARTESIAN_POINT ( 'NONE',  ( -0.1349999999999999500, 0.09039861687269366800, 0.2536897542844667700 ) ) ;
#4557 = EDGE_CURVE ( 'NONE', #1400, #6970, #599, .T. ) ;
#4558 = CIRCLE ( 'NONE', #4065, 0.01210138312730635500 ) ;
#4559 = DIRECTION ( 'NONE',  ( 0.0000000000000000000, 0.0000000000000000000, -1.000000000000000000 ) ) ;
#4560 = CARTESIAN_POINT ( 'NONE',  ( -0.2150000000000000000, 0.09249999999999974900, -0.2656072902104091300 ) ) ;
#4561 = CARTESIAN_POINT ( 'NONE',  ( 0.2650000000000000700, 0.09249999999999998500, -0.2399999999999999100 ) ) ;
#4562 = CARTESIAN_POINT ( 'NONE',  ( -0.1149999999999999600, 0.009999999999999993300, 0.3150000000000000000 ) ) ;
#4563 = ORIENTED_EDGE ( 'NONE', *, *, #10785, .F. ) ;
#4564 = ORIENTED_EDGE ( 'NONE', *, *, #6058, .F. ) ;
#4565 = FACE_OUTER_BOUND ( 'NONE', #5789, .T. ) ;
#4566 = ORIENTED_EDGE ( 'NONE', *, *, #458, .T. ) ;
#4567 = CARTESIAN_POINT ( 'NONE',  ( 0.2850000000000000900, 0.09076351822333045300, 0.2557592126802870600 ) ) ;
#4568 = LINE ( 'NONE', #828, #9569 ) ;
#4569 = VERTEX_POINT ( 'NONE', #4470 ) ;
#4570 = DIRECTION ( 'NONE',  ( 0.0000000000000000000, -0.0000000000000000000, 1.000000000000000000 ) ) ;
#4571 = PLANE ( 'NONE',  #2381 ) ;
#4572 = EDGE_CURVE ( 'NONE', #7450, #2825, #7444, .T. ) ;
#4573 = ORIENTED_EDGE ( 'NONE', *, *, #3342, .T. ) ;
#4574 = DIRECTION ( 'NONE',  ( 0.0000000000000000000, 7.193223902257864100E-015, -1.000000000000000000 ) ) ;
#4575 = PLANE ( 'NONE',  #5258 ) ;
#4576 = CARTESIAN_POINT ( 'NONE',  ( 0.08500000000000004800, 0.09039861687269366800, 0.2536897542844667700 ) ) ;
#4577 = ORIENTED_EDGE ( 'NONE', *, *, #6254, .F. ) ;
#4578 = ORIENTED_EDGE ( 'NONE', *, *, #3786, .T. ) ;
#4579 = ORIENTED_EDGE ( 'NONE', *, *, #5938, .F. ) ;
#4580 = DIRECTION ( 'NONE',  ( -1.000000000000000000, -0.0000000000000000000, -0.0000000000000000000 ) ) ;
#4581 = VERTEX_POINT ( 'NONE', #5278 ) ;
#4582 = DIMENSIONAL_EXPONENTS ( 1.000000000000000000, 0.0000000000000000000, 0.0000000000000000000, 0.0000000000000000000, 0.0000000000000000000, 0.0000000000000000000, 0.0000000000000000000 ) ;
#4583 = ORIENTED_EDGE ( 'NONE', *, *, #9825, .T. ) ;
#4584 = EDGE_LOOP ( 'NONE', ( #3229, #2642, #477, #6034 ) ) ;
#4585 = AXIS2_PLACEMENT_3D ( 'NONE', #7532, #7610, #703 ) ;
#4586 = DIRECTION ( 'NONE',  ( -1.000000000000000000, -0.0000000000000000000, -0.0000000000000000000 ) ) ;
#4587 = EDGE_CURVE ( 'NONE', #11006, #3893, #8133, .T. ) ;
#4588 = AXIS2_PLACEMENT_3D ( 'NONE', #1193, #7156, #2015 ) ;
#4589 = VECTOR ( 'NONE', #10786, 39.37007874015748900 ) ;
#4590 = DIRECTION ( 'NONE',  ( 0.0000000000000000000, -1.000000000000000000, 6.829619984160659800E-015 ) ) ;
#4591 = CARTESIAN_POINT ( 'NONE',  ( -0.1649999999999999800, 0.09249999999999974900, -0.2656072902104091300 ) ) ;
#4592 = COLOUR_RGB ( '',0.7921568627450980000, 0.8196078431372548800, 0.9333333333333333500 ) ;
#4593 = CARTESIAN_POINT ( 'NONE',  ( 0.03500000000000003800, -2.411709556906732200E-016, -0.2819175359259424900 ) ) ;
#4594 = LINE ( 'NONE', #1624, #9855 ) ;
#4595 = DIRECTION ( 'NONE',  ( 0.0000000000000000000, 0.0000000000000000000, -1.000000000000000000 ) ) ;
#4596 = VERTEX_POINT ( 'NONE', #6088 ) ;
#4597 = DIRECTION ( 'NONE',  ( 0.0000000000000000000, 0.0000000000000000000, 1.000000000000000000 ) ) ;
#4598 = ORIENTED_EDGE ( 'NONE', *, *, #9053, .F. ) ;
#4599 = ADVANCED_FACE ( 'NONE', ( #10446 ), #5283, .F. ) ;
#4600 = CARTESIAN_POINT ( 'NONE',  ( -0.08499999999999995100, -2.411709556906732200E-016, 0.2819175359259424900 ) ) ;
#4601 = DIRECTION ( 'NONE',  ( 0.0000000000000000000, 0.0000000000000000000, 1.000000000000000000 ) ) ;
#4602 = VECTOR ( 'NONE', #3011, 39.37007874015748100 ) ;
#4603 = CARTESIAN_POINT ( 'NONE',  ( -0.1349999999999999500, 0.01000000000000000400, -0.2700000000000000200 ) ) ;
#4604 = EDGE_CURVE ( 'NONE', #1221, #10350, #11099, .T. ) ;
#4605 = AXIS2_PLACEMENT_3D ( 'NONE', #7915, #3527, #134 ) ;
#4606 = SURFACE_STYLE_FILL_AREA ( #7151 ) ;
#4607 = DIRECTION ( 'NONE',  ( -0.0000000000000000000, -7.193223902257864100E-015, -1.000000000000000000 ) ) ;
#4608 = ORIENTED_EDGE ( 'NONE', *, *, #6713, .T. ) ;
#4609 = ORIENTED_EDGE ( 'NONE', *, *, #11104, .F. ) ;
#4610 =( NAMED_UNIT ( * ) PLANE_ANGLE_UNIT ( ) SI_UNIT ( $, .RADIAN. ) );
#4611 = CARTESIAN_POINT ( 'NONE',  ( 0.2150000000000000500, 0.1024999999999999800, 0.2399999999999999100 ) ) ;
#4612 = ORIENTED_EDGE ( 'NONE', *, *, #2896, .F. ) ;
#4613 = EDGE_CURVE ( 'NONE', #4850, #4825, #9624, .T. ) ;
#4614 = AXIS2_PLACEMENT_3D ( 'NONE', #4707, #368, #6366 ) ;
#4615 = VERTEX_POINT ( 'NONE', #9568 ) ;
#4616 = VECTOR ( 'NONE', #8501, 39.37007874015748100 ) ;
#4617 = EDGE_CURVE ( 'NONE', #1455, #9717, #3008, .T. ) ;
#4618 = CARTESIAN_POINT ( 'NONE',  ( 0.3407222057372609200, 0.2249999999999998700, -0.2357222057372609400 ) ) ;
#4619 = VECTOR ( 'NONE', #9239, 39.37007874015748100 ) ;
#4620 = CARTESIAN_POINT ( 'NONE',  ( 0.1350000000000000600, 0.09249999999999998500, 0.2399999999999999100 ) ) ;
#4621 = CARTESIAN_POINT ( 'NONE',  ( -0.2650000000000000100, 0.01210138312730608600, 0.2819175359259424300 ) ) ;
#4622 = VERTEX_POINT ( 'NONE', #211 ) ;
#4623 = DIRECTION ( 'NONE',  ( 0.0000000000000000000, -0.1736481776669296100, -0.9848077530122082400 ) ) ;
#4624 = SURFACE_STYLE_USAGE ( .BOTH. , #10674 ) ;
#4625 = ORIENTED_EDGE ( 'NONE', *, *, #5254, .F. ) ;
#4626 = UNCERTAINTY_MEASURE_WITH_UNIT (LENGTH_MEASURE( 1.000000000000000100E-005 ), #6535, 'distance_accuracy_value', 'NONE');
#4627 = LINE ( 'NONE', #10748, #2339 ) ;
#4628 = SURFACE_STYLE_USAGE ( .BOTH. , #10603 ) ;
#4629 = CARTESIAN_POINT ( 'NONE',  ( 0.1650000000000000900, 0.09039861687269366800, 0.2536897542844667700 ) ) ;
#4630 = VECTOR ( 'NONE', #6368, 39.37007874015748100 ) ;
#4631 = DIRECTION ( 'NONE',  ( 0.0000000000000000000, -0.0000000000000000000, -1.000000000000000000 ) ) ;
#4632 = EDGE_CURVE ( 'NONE', #34, #5747, #10569, .T. ) ;
#4633 = ORIENTED_EDGE ( 'NONE', *, *, #4413, .F. ) ;
#4634 = CARTESIAN_POINT ( 'NONE',  ( -0.2650000000000000100, 0.09076351822333045300, 0.2557592126802870600 ) ) ;
#4635 = EDGE_LOOP ( 'NONE', ( #3359, #1504, #1614, #8561 ) ) ;
#4636 = ORIENTED_EDGE ( 'NONE', *, *, #5061, .F. ) ;
#4637 = LINE ( 'NONE', #10480, #5839 ) ;
#4638 = PLANE ( 'NONE',  #10728 ) ;
#4639 = LINE ( 'NONE', #8201, #895 ) ;
#4640 = VECTOR ( 'NONE', #4988, 39.37007874015748900 ) ;
#4641 = MECHANICAL_DESIGN_GEOMETRIC_PRESENTATION_REPRESENTATION (  '', ( #5164 ), #1556 ) ;
#4642 = ORIENTED_EDGE ( 'NONE', *, *, #2822, .T. ) ;
#4643 = ADVANCED_FACE ( 'NONE', ( #7309 ), #4575, .F. ) ;
#4644 = VECTOR ( 'NONE', #133, 39.37007874015748100 ) ;
#4645 = AXIS2_PLACEMENT_3D ( 'NONE', #3531, #6227, #2662 ) ;
#4646 = ORIENTED_EDGE ( 'NONE', *, *, #4613, .T. ) ;
#4647 = EDGE_CURVE ( 'NONE', #5366, #10035, #4363, .T. ) ;
#4648 = CIRCLE ( 'NONE', #239, 0.02750000000000001400 ) ;
#4649 = CARTESIAN_POINT ( 'NONE',  ( -0.2150000000000000000, 0.01210138312730608600, -0.2819175359259424300 ) ) ;
#4650 = CARTESIAN_POINT ( 'NONE',  ( -0.1649999999999999800, 0.1024999999999999800, -0.2399999999999999100 ) ) ;
#4651 = LINE ( 'NONE', #6729, #4111 ) ;
#4652 = CARTESIAN_POINT ( 'NONE',  ( 0.1850000000000000800, 0.09249999999999974900, -0.2656072902104091300 ) ) ;
#4653 = ORIENTED_EDGE ( 'NONE', *, *, #2192, .T. ) ;
#4654 = LINE ( 'NONE', #8809, #4403 ) ;
#4655 = EDGE_LOOP ( 'NONE', ( #1198, #7686, #10702, #1432 ) ) ;
#4656 = LINE ( 'NONE', #10682, #5201 ) ;
#4657 = LINE ( 'NONE', #609, #9122 ) ;
#4658 = ADVANCED_FACE ( 'NONE', ( #8946 ), #7135, .F. ) ;
#4659 = CARTESIAN_POINT ( 'NONE',  ( -0.2650000000000000100, 0.09249999999999999900, -0.2536897542844667700 ) ) ;
#4660 = DIRECTION ( 'NONE',  ( 1.000000000000000000, 0.0000000000000000000, -0.0000000000000000000 ) ) ;
#4661 = DIRECTION ( 'NONE',  ( 0.0000000000000000000, -0.0000000000000000000, 1.000000000000000000 ) ) ;
#4662 = MECHANICAL_DESIGN_GEOMETRIC_PRESENTATION_REPRESENTATION (  '', ( #2584 ), #6247 ) ;
#4663 = AXIS2_PLACEMENT_3D ( 'NONE', #6879, #8697, #9601 ) ;
#4664 = CARTESIAN_POINT ( 'NONE',  ( -0.2650000000000000100, 0.09249999999999998500, 0.2399999999999999100 ) ) ;
#4665 = CARTESIAN_POINT ( 'NONE',  ( -0.06499999999999996100, 0.01173648177666930900, 0.2798480775301220900 ) ) ;
#4666 = DIRECTION ( 'NONE',  ( 0.0000000000000000000, -1.000000000000000000, 0.0000000000000000000 ) ) ;
#4667 = EDGE_CURVE ( 'NONE', #2443, #2667, #5552, .T. ) ;
#4668 = DIRECTION ( 'NONE',  ( 0.0000000000000000000, 0.0000000000000000000, 1.000000000000000000 ) ) ;
#4669 = AXIS2_PLACEMENT_3D ( 'NONE', #4247, #8547, #10218 ) ;
#4670 = ORIENTED_EDGE ( 'NONE', *, *, #10040, .F. ) ;
#4671 = ORIENTED_EDGE ( 'NONE', *, *, #7643, .T. ) ;
#4672 = LINE ( 'NONE', #9326, #3473 ) ;
#4673 = CARTESIAN_POINT ( 'NONE',  ( 0.1850000000000000800, 0.09076351822333045300, 0.2557592126802870600 ) ) ;
#4674 = ORIENTED_EDGE ( 'NONE', *, *, #49, .T. ) ;
#4675 = LENGTH_MEASURE_WITH_UNIT ( LENGTH_MEASURE( 0.02539999999999999900 ), #8966 );
#4676 = DIRECTION ( 'NONE',  ( 0.0000000000000000000, 0.0000000000000000000, -1.000000000000000000 ) ) ;
#4677 = DIRECTION ( 'NONE',  ( -1.000000000000000000, -0.0000000000000000000, -0.0000000000000000000 ) ) ;
#4678 = CARTESIAN_POINT ( 'NONE',  ( -0.3421190365169306000, 0.009999999999999995000, 0.2399999999999999100 ) ) ;
#4679 = ORIENTED_EDGE ( 'NONE', *, *, #7807, .T. ) ;
#4680 = VERTEX_POINT ( 'NONE', #9166 ) ;
#4681 = LINE ( 'NONE', #2205, #4803 ) ;
#4682 = VERTEX_POINT ( 'NONE', #4068 ) ;
#4683 = DIRECTION ( 'NONE',  ( 0.0000000000000000000, 0.0000000000000000000, -1.000000000000000000 ) ) ;
#4684 = EDGE_CURVE ( 'NONE', #5646, #8767, #6925, .T. ) ;
#4685 = LINE ( 'NONE', #2650, #4425 ) ;
#4686 = AXIS2_PLACEMENT_3D ( 'NONE', #312, #8879, #6316 ) ;
#4687 = DIRECTION ( 'NONE',  ( 0.0000000000000000000, -1.000000000000000000, 6.829619984160659800E-015 ) ) ;
#4688 = ORIENTED_EDGE ( 'NONE', *, *, #6111, .F. ) ;
#4689 = VERTEX_POINT ( 'NONE', #4890 ) ;
#4690 = CARTESIAN_POINT ( 'NONE',  ( -0.1649999999999999800, 0.09076351822333045300, 0.2557592126802870600 ) ) ;
#4691 = VERTEX_POINT ( 'NONE', #4814 ) ;
#4692 = CARTESIAN_POINT ( 'NONE',  ( -0.06499999999999996100, 0.009999999999999759100, -0.2819175359259424300 ) ) ;
#4693 = CIRCLE ( 'NONE', #10162, 0.01210138312730635500 ) ;
#4694 = DIRECTION ( 'NONE',  ( 1.000000000000000000, 0.0000000000000000000, -0.0000000000000000000 ) ) ;
#4695 = ORIENTED_EDGE ( 'NONE', *, *, #7164, .T. ) ;
#4696 = EDGE_CURVE ( 'NONE', #6174, #379, #87, .T. ) ;
#4697 = EDGE_LOOP ( 'NONE', ( #9254, #563, #4804, #8409 ) ) ;
#4698 = AXIS2_PLACEMENT_3D ( 'NONE', #4576, #278, #1133 ) ;
#4699 = DIRECTION ( 'NONE',  ( 0.0000000000000000000, 0.0000000000000000000, 1.000000000000000000 ) ) ;
#4700 = DIRECTION ( 'NONE',  ( 0.0000000000000000000, -1.000000000000000000, 0.0000000000000000000 ) ) ;
#4701 = VERTEX_POINT ( 'NONE', #2530 ) ;
#4702 = ORIENTED_EDGE ( 'NONE', *, *, #9032, .F. ) ;
#4703 = CARTESIAN_POINT ( 'NONE',  ( -0.2349999999999999900, 0.1024999999999999800, 0.2399999999999999100 ) ) ;
#4704 = EDGE_CURVE ( 'NONE', #3946, #4569, #8814, .T. ) ;
#4705 = ORIENTED_EDGE ( 'NONE', *, *, #472, .T. ) ;
#4706 = DIRECTION ( 'NONE',  ( -1.000000000000000000, -0.0000000000000000000, -0.0000000000000000000 ) ) ;
#4707 = CARTESIAN_POINT ( 'NONE',  ( -0.03499999999999993400, 0.09039861687269366800, -0.2536897542844667700 ) ) ;
#4708 = LINE ( 'NONE', #2053, #170 ) ;
#4709 = ADVANCED_FACE ( 'NONE', ( #7583 ), #4889, .T. ) ;
#4710 = ORIENTED_EDGE ( 'NONE', *, *, #1877, .T. ) ;
#4711 = CARTESIAN_POINT ( 'NONE',  ( 0.2150000000000000500, 0.09076351822333045300, 0.2557592126802871200 ) ) ;
#4712 = ORIENTED_EDGE ( 'NONE', *, *, #5238, .F. ) ;
#4713 = EDGE_LOOP ( 'NONE', ( #738, #7270, #4032, #8713 ) ) ;
#4714 =( LENGTH_UNIT ( ) NAMED_UNIT ( * ) SI_UNIT ( $, .METRE. ) );
#4715 = ORIENTED_EDGE ( 'NONE', *, *, #1254, .T. ) ;
#4716 = CARTESIAN_POINT ( 'NONE',  ( -0.1649999999999999800, 0.01173648177666930900, 0.2798480775301220900 ) ) ;
#4717 = CIRCLE ( 'NONE', #11122, 0.002101383127306358700 ) ;
#4718 = AXIS2_PLACEMENT_3D ( 'NONE', #3047, #9079, #4059 ) ;
#4719 = DIRECTION ( 'NONE',  ( -0.0000000000000000000, -0.0000000000000000000, 1.000000000000000000 ) ) ;
#4720 = EDGE_CURVE ( 'NONE', #7689, #4172, #5015, .T. ) ;
#4721 = ADVANCED_FACE ( 'NONE', ( #1668 ), #2068, .F. ) ;
#4722 = DIRECTION ( 'NONE',  ( -0.0000000000000000000, 1.000000000000000000, -0.0000000000000000000 ) ) ;
#4723 = VERTEX_POINT ( 'NONE', #7172 ) ;
#4724 = LINE ( 'NONE', #7563, #4184 ) ;
#4725 = VERTEX_POINT ( 'NONE', #8040 ) ;
#4726 = ORIENTED_EDGE ( 'NONE', *, *, #11142, .F. ) ;
#4727 = CIRCLE ( 'NONE', #4516, 0.002101383127306324400 ) ;
#4728 = LINE ( 'NONE', #2873, #7291 ) ;
#4729 = CARTESIAN_POINT ( 'NONE',  ( -0.2650000000000000100, 0.09249999999999974900, -0.2656072902104091300 ) ) ;
#4730 = STYLED_ITEM ( 'NONE', ( #4737 ), #10167 ) ;
#4731 = EDGE_CURVE ( 'NONE', #8062, #1344, #1280, .T. ) ;
#4732 = AXIS2_PLACEMENT_3D ( 'NONE', #2442, #6801, #8580 ) ;
#4733 = VECTOR ( 'NONE', #6289, 39.37007874015748100 ) ;
#4734 = CARTESIAN_POINT ( 'NONE',  ( 0.08500000000000004800, 0.09039861687269366800, 0.2536897542844667700 ) ) ;
#4735 = DIRECTION ( 'NONE',  ( 0.0000000000000000000, -1.000000000000000000, 6.829619984160659800E-015 ) ) ;
#4736 = EDGE_LOOP ( 'NONE', ( #10407, #7743, #10260, #9882 ) ) ;
#4737 = PRESENTATION_STYLE_ASSIGNMENT (( #7978 ) ) ;
#4738 = PLANE ( 'NONE',  #10714 ) ;
#4739 = DIRECTION ( 'NONE',  ( -1.000000000000000000, -0.0000000000000000000, -0.0000000000000000000 ) ) ;
#4740 = DIRECTION ( 'NONE',  ( -0.0000000000000000000, -7.193223902257864100E-015, -1.000000000000000000 ) ) ;
#4741 = FACE_OUTER_BOUND ( 'NONE', #3025, .T. ) ;
#4742 = EDGE_CURVE ( 'NONE', #8628, #2459, #8119, .T. ) ;
#4743 = ORIENTED_EDGE ( 'NONE', *, *, #2311, .T. ) ;
#4744 = CARTESIAN_POINT ( 'NONE',  ( -0.2857222057372608100, 0.1749999999999998500, 0.1807222057372607800 ) ) ;
#4745 = LINE ( 'NONE', #1381, #7712 ) ;
#4746 = EDGE_CURVE ( 'NONE', #671, #9313, #732, .T. ) ;
#4747 = DIRECTION ( 'NONE',  ( 0.0000000000000000000, -0.9848077530122082400, 0.1736481776669295800 ) ) ;
#4748 = LINE ( 'NONE', #10512, #2202 ) ;
#4749 = DIRECTION ( 'NONE',  ( -0.0000000000000000000, -7.193223902257864100E-015, -1.000000000000000000 ) ) ;
#4750 = DIRECTION ( 'NONE',  ( 0.0000000000000000000, 0.0000000000000000000, 1.000000000000000000 ) ) ;
#4751 = CARTESIAN_POINT ( 'NONE',  ( -0.2650000000000000100, -2.411709556906732200E-016, -0.2819175359259424900 ) ) ;
#4752 = DIRECTION ( 'NONE',  ( 0.0000000000000000000, 0.0000000000000000000, -1.000000000000000000 ) ) ;
#4753 = EDGE_LOOP ( 'NONE', ( #5112, #149, #7678, #7580 ) ) ;
#4754 = VERTEX_POINT ( 'NONE', #8332 ) ;
#4755 = LINE ( 'NONE', #4467, #7723 ) ;
#4756 = ADVANCED_FACE ( 'NONE', ( #3554 ), #3162, .F. ) ;
#4757 = LINE ( 'NONE', #1631, #7595 ) ;
#4758 = PLANE ( 'NONE',  #426 ) ;
#4759 = EDGE_CURVE ( 'NONE', #847, #2895, #4488, .T. ) ;
#4760 = CARTESIAN_POINT ( 'NONE',  ( -0.06499999999999996100, 0.1024999999999999800, 0.2399999999999999100 ) ) ;
#4761 = ORIENTED_EDGE ( 'NONE', *, *, #4975, .T. ) ;
#4762 = EDGE_LOOP ( 'NONE', ( #8325, #1908, #10255, #5966 ) ) ;
#4763 = EDGE_CURVE ( 'NONE', #4581, #9456, #6634, .T. ) ;
#4764 = ORIENTED_EDGE ( 'NONE', *, *, #8438, .F. ) ;
#4765 = VECTOR ( 'NONE', #37, 39.37007874015748100 ) ;
#4766 = VECTOR ( 'NONE', #4777, 39.37007874015748100 ) ;
#4767 = ADVANCED_FACE ( 'NONE', ( #7044 ), #3269, .T. ) ;
#4768 = CARTESIAN_POINT ( 'NONE',  ( 0.3450000000000000300, 0.09249999999999998500, -0.2400000000000000500 ) ) ;
#4769 = DIRECTION ( 'NONE',  ( 1.000000000000000000, 0.0000000000000000000, -0.0000000000000000000 ) ) ;
#4770 = DIRECTION ( 'NONE',  ( 0.0000000000000000000, 0.0000000000000000000, 1.000000000000000000 ) ) ;
#4771 = CARTESIAN_POINT ( 'NONE',  ( 0.1650000000000000900, -2.411709556906732200E-016, 0.2819175359259424900 ) ) ;
#4772 = ORIENTED_EDGE ( 'NONE', *, *, #10127, .F. ) ;
#4773 = CARTESIAN_POINT ( 'NONE',  ( -0.2150000000000000000, 0.009999999999999993300, 0.3150000000000000000 ) ) ;
#4774 = VERTEX_POINT ( 'NONE', #8120 ) ;
#4775 = LINE ( 'NONE', #4664, #8284 ) ;
#4776 = CYLINDRICAL_SURFACE ( 'NONE', #8732, 0.002101383127306358700 ) ;
#4777 = DIRECTION ( 'NONE',  ( -0.0000000000000000000, -7.193223902257864100E-015, -1.000000000000000000 ) ) ;
#4778 = AXIS2_PLACEMENT_3D ( 'NONE', #92, #8616, #7050 ) ;
#4779 = VECTOR ( 'NONE', #10087, 39.37007874015748100 ) ;
#4780 = EDGE_CURVE ( 'NONE', #5226, #8349, #2334, .T. ) ;
#4781 = DIRECTION ( 'NONE',  ( 0.0000000000000000000, -0.0000000000000000000, -1.000000000000000000 ) ) ;
#4782 = VERTEX_POINT ( 'NONE', #3084 ) ;
#4783 = DIRECTION ( 'NONE',  ( -1.000000000000000000, -0.0000000000000000000, -0.0000000000000000000 ) ) ;
#4784 = VECTOR ( 'NONE', #6898, 39.37007874015748100 ) ;
#4785 = ORIENTED_EDGE ( 'NONE', *, *, #8922, .T. ) ;
#4786 = CARTESIAN_POINT ( 'NONE',  ( -0.1649999999999999800, 0.01210138312730608600, 0.2819175359259424300 ) ) ;
#4787 = LINE ( 'NONE', #2796, #504 ) ;
#4788 = CYLINDRICAL_SURFACE ( 'NONE', #8132, 0.01210138312730635500 ) ;
#4789 = APPLICATION_PROTOCOL_DEFINITION ( 'draft international standard', 'automotive_design', 1998, #624 ) ;
#4790 = ORIENTED_EDGE ( 'NONE', *, *, #9279, .F. ) ;
#4791 = ORIENTED_EDGE ( 'NONE', *, *, #3510, .F. ) ;
#4792 = PLANE ( 'NONE',  #4241 ) ;
#4793 = EDGE_CURVE ( 'NONE', #1493, #7935, #9888, .T. ) ;
#4794 = LINE ( 'NONE', #10351, #2128 ) ;
#4795 = DIRECTION ( 'NONE',  ( 0.0000000000000000000, 0.0000000000000000000, 1.000000000000000000 ) ) ;
#4796 = CARTESIAN_POINT ( 'NONE',  ( -0.03499999999999993400, 0.01210138312730608600, 0.2819175359259424300 ) ) ;
#4797 = ORIENTED_EDGE ( 'NONE', *, *, #10058, .F. ) ;
#4798 = LINE ( 'NONE', #10023, #637 ) ;
#4799 = CARTESIAN_POINT ( 'NONE',  ( 0.1850000000000000800, 0.09249999999999999900, -0.2536897542844667700 ) ) ;
#4800 = DIRECTION ( 'NONE',  ( -1.000000000000000000, -0.0000000000000000000, -0.0000000000000000000 ) ) ;
#4801 = EDGE_LOOP ( 'NONE', ( #11033, #5775, #5343, #1182 ) ) ;
#4802 = ORIENTED_EDGE ( 'NONE', *, *, #2280, .F. ) ;
#4803 = VECTOR ( 'NONE', #3891, 39.37007874015748100 ) ;
#4804 = ORIENTED_EDGE ( 'NONE', *, *, #9879, .F. ) ;
#4805 = DIRECTION ( 'NONE',  ( 0.0000000000000000000, 0.0000000000000000000, 1.000000000000000000 ) ) ;
#4806 = EDGE_LOOP ( 'NONE', ( #6352, #2088, #8853, #7525 ) ) ;
#4807 = DIRECTION ( 'NONE',  ( 0.0000000000000000000, -1.000000000000000000, -6.829619984160684300E-015 ) ) ;
#4808 = FACE_OUTER_BOUND ( 'NONE', #1407, .T. ) ;
#4809 = DIRECTION ( 'NONE',  ( 0.0000000000000000000, -6.829619984160684300E-015, 1.000000000000000000 ) ) ;
#4810 = EDGE_CURVE ( 'NONE', #3422, #1493, #4077, .T. ) ;
#4811 = ADVANCED_FACE ( 'NONE', ( #8533 ), #1975, .F. ) ;
#4812 = CARTESIAN_POINT ( 'NONE',  ( 0.01500000000000004500, 0.09249999999999998500, -0.2399999999999999100 ) ) ;
#4813 = AXIS2_PLACEMENT_3D ( 'NONE', #10160, #4199, #6721 ) ;
#4814 = CARTESIAN_POINT ( 'NONE',  ( -0.3449999999999997500, 0.09249999999999998500, 0.2399999999999999100 ) ) ;
#4815 = ORIENTED_EDGE ( 'NONE', *, *, #2158, .F. ) ;
#4816 = EDGE_LOOP ( 'NONE', ( #10946, #9600, #10539, #3022 ) ) ;
#4817 = VECTOR ( 'NONE', #6888, 39.37007874015748100 ) ;
#4818 = DIRECTION ( 'NONE',  ( 0.0000000000000000000, 0.0000000000000000000, 1.000000000000000000 ) ) ;
#4819 = LINE ( 'NONE', #4532, #6565 ) ;
#4820 = DIRECTION ( 'NONE',  ( 0.0000000000000000000, 0.0000000000000000000, -1.000000000000000000 ) ) ;
#4821 = DIRECTION ( 'NONE',  ( -1.000000000000000000, -0.0000000000000000000, -0.0000000000000000000 ) ) ;
#4822 = ADVANCED_FACE ( 'NONE', ( #2743 ), #7714, .F. ) ;
#4823 = PLANE ( 'NONE',  #5446 ) ;
#4824 = DIRECTION ( 'NONE',  ( 0.0000000000000000000, -0.9848077530122082400, 0.1736481776669295800 ) ) ;
#4825 = VERTEX_POINT ( 'NONE', #775 ) ;
#4826 = ORIENTED_EDGE ( 'NONE', *, *, #5550, .T. ) ;
#4827 = EDGE_CURVE ( 'NONE', #9356, #768, #10696, .T. ) ;
#4828 = VECTOR ( 'NONE', #11096, 39.37007874015748900 ) ;
#4829 = AXIS2_PLACEMENT_3D ( 'NONE', #2956, #9851, #5351 ) ;
#4830 = EDGE_CURVE ( 'NONE', #6843, #6861, #345, .T. ) ;
#4831 = VECTOR ( 'NONE', #11131, 39.37007874015748100 ) ;
#4832 = DIRECTION ( 'NONE',  ( 0.0000000000000000000, 0.0000000000000000000, 1.000000000000000000 ) ) ;
#4833 = DIRECTION ( 'NONE',  ( -1.000000000000000000, -0.0000000000000000000, -0.0000000000000000000 ) ) ;
#4834 = DIRECTION ( 'NONE',  ( 0.0000000000000000000, -1.000000000000000000, 6.829619984160659800E-015 ) ) ;
#4835 = ORIENTED_EDGE ( 'NONE', *, *, #642, .F. ) ;
#4836 = ORIENTED_EDGE ( 'NONE', *, *, #7191, .F. ) ;
#4837 = ORIENTED_EDGE ( 'NONE', *, *, #3337, .F. ) ;
#4838 = CARTESIAN_POINT ( 'NONE',  ( -0.2650000000000000100, 0.09249999999999998500, -0.2399999999999999100 ) ) ;
#4839 =( CONVERSION_BASED_UNIT ( 'INCH', #10131 ) LENGTH_UNIT ( ) NAMED_UNIT ( #9579 ) );
#4840 = FACE_OUTER_BOUND ( 'NONE', #3086, .T. ) ;
#4841 = ORIENTED_EDGE ( 'NONE', *, *, #7861, .T. ) ;
#4842 = AXIS2_PLACEMENT_3D ( 'NONE', #6180, #8795, #7012 ) ;
#4843 = DIRECTION ( 'NONE',  ( 0.0000000000000000000, -1.000000000000000000, 0.0000000000000000000 ) ) ;
#4844 = PLANE ( 'NONE',  #3530 ) ;
#4845 = EDGE_CURVE ( 'NONE', #9315, #10135, #4748, .T. ) ;
#4846 = ORIENTED_EDGE ( 'NONE', *, *, #8390, .F. ) ;
#4847 = VERTEX_POINT ( 'NONE', #734 ) ;
#4848 = CARTESIAN_POINT ( 'NONE',  ( -0.03499999999999993400, 0.09039861687269366800, 0.2536897542844667700 ) ) ;
#4849 = DIRECTION ( 'NONE',  ( 0.0000000000000000000, -1.000000000000000000, -6.829619984160684300E-015 ) ) ;
#4850 = VERTEX_POINT ( 'NONE', #436 ) ;
#4851 = DIRECTION ( 'NONE',  ( 0.0000000000000000000, 7.225480511685028100E-015, 1.000000000000000000 ) ) ;
#4852 = LENGTH_MEASURE_WITH_UNIT ( LENGTH_MEASURE( 0.02539999999999999900 ), #6452 );
#4853 = VECTOR ( 'NONE', #4519, 39.37007874015748100 ) ;
#4854 = DIRECTION ( 'NONE',  ( 0.0000000000000000000, 0.0000000000000000000, 1.000000000000000000 ) ) ;
#4855 = CYLINDRICAL_SURFACE ( 'NONE', #2993, 0.01210138312730632000 ) ;
#4856 = ORIENTED_EDGE ( 'NONE', *, *, #2982, .F. ) ;
#4857 = CARTESIAN_POINT ( 'NONE',  ( -0.1149999999999999600, 0.1024999999999999800, -0.2399999999999999100 ) ) ;
#4858 = AXIS2_PLACEMENT_3D ( 'NONE', #5893, #6052, #5143 ) ;
#4859 = DIRECTION ( 'NONE',  ( 0.0000000000000000000, 0.0000000000000000000, 1.000000000000000000 ) ) ;
#4860 = ORIENTED_EDGE ( 'NONE', *, *, #8951, .T. ) ;
#4861 = DIRECTION ( 'NONE',  ( 1.000000000000000000, 0.0000000000000000000, -0.0000000000000000000 ) ) ;
#4862 = AXIS2_PLACEMENT_3D ( 'NONE', #1067, #1104, #3656 ) ;
#4863 = VECTOR ( 'NONE', #402, 39.37007874015748100 ) ;
#4864 = CARTESIAN_POINT ( 'NONE',  ( 0.08500000000000004800, 0.09076351822333045300, 0.2557592126802870600 ) ) ;
#4865 = EDGE_CURVE ( 'NONE', #1848, #237, #1807, .T. ) ;
#4866 = CARTESIAN_POINT ( 'NONE',  ( -0.1149999999999999600, 0.09249999999999998500, 0.2399999999999999100 ) ) ;
#4867 = VECTOR ( 'NONE', #2343, 39.37007874015748100 ) ;
#4868 = ADVANCED_FACE ( 'NONE', ( #8402 ), #4396, .F. ) ;
#4869 = DIRECTION ( 'NONE',  ( -1.000000000000000000, -0.0000000000000000000, -0.0000000000000000000 ) ) ;
#4870 = PLANE ( 'NONE',  #8934 ) ;
#4871 = CARTESIAN_POINT ( 'NONE',  ( 0.06500000000000005800, 0.09249999999999998500, 0.2399999999999999100 ) ) ;
#4872 = LINE ( 'NONE', #7759, #1791 ) ;
#4873 = DIRECTION ( 'NONE',  ( 0.0000000000000000000, 7.225480511685028100E-015, 1.000000000000000000 ) ) ;
#4874 = ORIENTED_EDGE ( 'NONE', *, *, #1346, .F. ) ;
#4875 = EDGE_CURVE ( 'NONE', #7391, #2043, #10955, .T. ) ;
#4876 = AXIS2_PLACEMENT_3D ( 'NONE', #5883, #6762, #1571 ) ;
#4877 = CARTESIAN_POINT ( 'NONE',  ( -0.2650000000000000100, 0.09249999999999998500, 0.2399999999999999100 ) ) ;
#4878 = FACE_OUTER_BOUND ( 'NONE', #7048, .T. ) ;
#4879 = EDGE_CURVE ( 'NONE', #6669, #4689, #2472, .T. ) ;
#4880 = AXIS2_PLACEMENT_3D ( 'NONE', #10417, #4222, #8528 ) ;
#4881 = ADVANCED_FACE ( 'NONE', ( #9074 ), #11088, .T. ) ;
#4882 = CARTESIAN_POINT ( 'NONE',  ( 0.2350000000000000400, 0.09249999999999998500, 0.2399999999999999100 ) ) ;
#4883 = ORIENTED_EDGE ( 'NONE', *, *, #6235, .T. ) ;
#4884 = CARTESIAN_POINT ( 'NONE',  ( -0.2150000000000000000, 0.09249999999999974900, -0.2656072902104091300 ) ) ;
#4885 = DIRECTION ( 'NONE',  ( -0.0000000000000000000, 0.1736481776669296100, 0.9848077530122082400 ) ) ;
#4886 = ORIENTED_EDGE ( 'NONE', *, *, #6773, .T. ) ;
#4887 = CARTESIAN_POINT ( 'NONE',  ( -0.1149999999999999600, 0.009999999999999956800, -0.3150000000000000000 ) ) ;
#4888 = FACE_OUTER_BOUND ( 'NONE', #3997, .T. ) ;
#4889 = CYLINDRICAL_SURFACE ( 'NONE', #3896, 0.01210138312730635500 ) ;
#4890 = CARTESIAN_POINT ( 'NONE',  ( 0.2650000000000000700, 0.009999999999999753900, -0.2819175359259424300 ) ) ;
#4891 = EDGE_CURVE ( 'NONE', #7672, #6657, #215, .T. ) ;
#4892 = EDGE_LOOP ( 'NONE', ( #10174, #2610, #6986, #7303 ) ) ;
#4893 = PLANE ( 'NONE',  #7238 ) ;
#4894 = EDGE_CURVE ( 'NONE', #7034, #6421, #6495, .T. ) ;
#4895 = AXIS2_PLACEMENT_3D ( 'NONE', #1020, #8808, #6192 ) ;
#4896 = DIRECTION ( 'NONE',  ( 0.0000000000000000000, 7.193223902257864100E-015, -1.000000000000000000 ) ) ;
#4897 = ORIENTED_EDGE ( 'NONE', *, *, #8354, .F. ) ;
#4898 = LINE ( 'NONE', #324, #9896 ) ;
#4899 = CIRCLE ( 'NONE', #8441, 0.01210138312730635500 ) ;
#4900 = DIRECTION ( 'NONE',  ( -1.000000000000000000, -0.0000000000000000000, -0.0000000000000000000 ) ) ;
#4901 = CARTESIAN_POINT ( 'NONE',  ( -0.08499999999999995100, 0.009999999999999753900, 0.2819175359259424300 ) ) ;
#4902 = ORIENTED_EDGE ( 'NONE', *, *, #2687, .F. ) ;
#4903 = EDGE_LOOP ( 'NONE', ( #910, #4266, #1470, #9847 ) ) ;
#4904 = ORIENTED_EDGE ( 'NONE', *, *, #729, .F. ) ;
#4905 = VECTOR ( 'NONE', #1591, 39.37007874015748100 ) ;
#4906 =( NAMED_UNIT ( * ) SI_UNIT ( $, .STERADIAN. ) SOLID_ANGLE_UNIT ( ) );
#4907 = PLANE ( 'NONE',  #9649 ) ;
#4908 = FACE_OUTER_BOUND ( 'NONE', #5234, .T. ) ;
#4909 = EDGE_CURVE ( 'NONE', #9262, #8398, #3821, .T. ) ;
#4910 = CARTESIAN_POINT ( 'NONE',  ( -0.1849999999999999700, 0.01210138312730608600, 0.2819175359259424300 ) ) ;
#4911 = CARTESIAN_POINT ( 'NONE',  ( 0.1850000000000000800, 0.09076351822333045300, 0.2557592126802871200 ) ) ;
#4912 = STYLED_ITEM ( 'NONE', ( #1087 ), #6295 ) ;
#4913 = EDGE_CURVE ( 'NONE', #10662, #5873, #10437, .T. ) ;
#4914 = CARTESIAN_POINT ( 'NONE',  ( 0.03500000000000003800, 0.01000000000000000000, 0.2699999999999999600 ) ) ;
#4915 = PLANE ( 'NONE',  #8171 ) ;
#4916 = VERTEX_POINT ( 'NONE', #5315 ) ;
#4917 = FACE_OUTER_BOUND ( 'NONE', #8684, .T. ) ;
#4918 = ORIENTED_EDGE ( 'NONE', *, *, #8760, .T. ) ;
#4919 = VECTOR ( 'NONE', #9768, 39.37007874015748100 ) ;
#4920 = LINE ( 'NONE', #526, #8433 ) ;
#4921 = CARTESIAN_POINT ( 'NONE',  ( 0.1850000000000000800, 0.01210138312730608600, -0.2819175359259424300 ) ) ;
#4922 = SURFACE_SIDE_STYLE ('',( #5709 ) ) ;
#4923 = DIRECTION ( 'NONE',  ( 0.0000000000000000000, -1.000000000000000000, -5.999729353452748200E-015 ) ) ;
#4924 = ADVANCED_FACE ( 'NONE', ( #467 ), #8936, .F. ) ;
#4925 = CARTESIAN_POINT ( 'NONE',  ( -0.08499999999999995100, 0.09039861687269366800, -0.2536897542844667700 ) ) ;
#4926 = ORIENTED_EDGE ( 'NONE', *, *, #2233, .T. ) ;
#4927 = VECTOR ( 'NONE', #3196, 39.37007874015748100 ) ;
#4928 = PRESENTATION_LAYER_ASSIGNMENT (  '', '', ( #3646 ) ) ;
#4929 = ORIENTED_EDGE ( 'NONE', *, *, #7094, .T. ) ;
#4930 = VECTOR ( 'NONE', #550, 39.37007874015748100 ) ;
#4931 = EDGE_CURVE ( 'NONE', #103, #5899, #9206, .T. ) ;
#4932 = LINE ( 'NONE', #8276, #2377 ) ;
#4933 = DIRECTION ( 'NONE',  ( -0.0000000000000000000, 0.0000000000000000000, 1.000000000000000000 ) ) ;
#4934 = VERTEX_POINT ( 'NONE', #6124 ) ;
#4935 = DIRECTION ( 'NONE',  ( -1.000000000000000000, -0.0000000000000000000, -0.0000000000000000000 ) ) ;
#4936 = CARTESIAN_POINT ( 'NONE',  ( 0.2350000000000000400, 0.009999999999999956800, -0.3150000000000000000 ) ) ;
#4937 = EDGE_LOOP ( 'NONE', ( #393, #4162, #7716, #8218, #4037, #8127, #7619, #6010, #4978, #7799, #9282, #9203 ) ) ;
#4938 = ORIENTED_EDGE ( 'NONE', *, *, #7861, .F. ) ;
#4939 = ADVANCED_FACE ( 'NONE', ( #9340 ), #10398, .T. ) ;
#4941 = LINE ( 'NONE', #9444, #8182 ) ;
#4940 = DIRECTION ( 'NONE',  ( 0.0000000000000000000, 0.0000000000000000000, 1.000000000000000000 ) ) ;
#4942 = DIRECTION ( 'NONE',  ( 0.0000000000000000000, 0.0000000000000000000, 1.000000000000000000 ) ) ;
#4943 = ORIENTED_EDGE ( 'NONE', *, *, #9762, .T. ) ;
#4944 = SURFACE_STYLE_FILL_AREA ( #8015 ) ;
#4945 = AXIS2_PLACEMENT_3D ( 'NONE', #10634, #8929, #2154 ) ;
#4946 = CARTESIAN_POINT ( 'NONE',  ( -0.1149999999999999600, 0.09076351822333045300, 0.2557592126802870600 ) ) ;
#4947 = CARTESIAN_POINT ( 'NONE',  ( -0.1149999999999999600, 0.09076351822333045300, 0.2557592126802871200 ) ) ;
#4948 = EDGE_CURVE ( 'NONE', #1022, #1174, #8255, .T. ) ;
#4949 = CARTESIAN_POINT ( 'NONE',  ( -0.01499999999999994200, 0.09249999999999974900, -0.2656072902104091300 ) ) ;
#4950 = VERTEX_POINT ( 'NONE', #10472 ) ;
#4951 = ORIENTED_EDGE ( 'NONE', *, *, #9096, .F. ) ;
#4952 = PLANE ( 'NONE',  #9858 ) ;
#4953 = CARTESIAN_POINT ( 'NONE',  ( 0.2850000000000000900, 0.09039861687269366800, -0.2536897542844667700 ) ) ;
#4954 = ORIENTED_EDGE ( 'NONE', *, *, #4557, .F. ) ;
#4955 = CARTESIAN_POINT ( 'NONE',  ( -0.1349999999999999500, 0.09249999999999998500, 0.2399999999999999100 ) ) ;
#4956 = EDGE_LOOP ( 'NONE', ( #8903, #8550, #2544, #10477 ) ) ;
#4957 = ORIENTED_EDGE ( 'NONE', *, *, #1108, .F. ) ;
#4958 = VERTEX_POINT ( 'NONE', #7824 ) ;
#4959 = CYLINDRICAL_SURFACE ( 'NONE', #469, 0.002101383127306358700 ) ;
#4960 = DIRECTION ( 'NONE',  ( 0.0000000000000000000, -0.0000000000000000000, -1.000000000000000000 ) ) ;
#4961 = CARTESIAN_POINT ( 'NONE',  ( 0.03500000000000003800, 0.009999999999999759100, -0.2819175359259424300 ) ) ;
#4962 = EDGE_CURVE ( 'NONE', #7850, #471, #5416, .T. ) ;
#4963 = LINE ( 'NONE', #61, #5103 ) ;
#4964 = CARTESIAN_POINT ( 'NONE',  ( 0.2850000000000000900, 0.009999999999999993300, 0.3150000000000000000 ) ) ;
#4965 = VERTEX_POINT ( 'NONE', #2704 ) ;
#4966 = ORIENTED_EDGE ( 'NONE', *, *, #7318, .F. ) ;
#4967 = ORIENTED_EDGE ( 'NONE', *, *, #1984, .T. ) ;
#4968 = CARTESIAN_POINT ( 'NONE',  ( 0.2150000000000000500, 0.09249999999999998500, -0.2399999999999999100 ) ) ;
#4969 = VERTEX_POINT ( 'NONE', #2668 ) ;
#4970 = UNCERTAINTY_MEASURE_WITH_UNIT (LENGTH_MEASURE( 1.000000000000000100E-005 ), #6298, 'distance_accuracy_value', 'NONE');
#4971 = FACE_OUTER_BOUND ( 'NONE', #11010, .T. ) ;
#4972 = DIRECTION ( 'NONE',  ( 0.0000000000000000000, 0.0000000000000000000, 1.000000000000000000 ) ) ;
#4973 = FACE_OUTER_BOUND ( 'NONE', #2972, .T. ) ;
#4974 = DIRECTION ( 'NONE',  ( 0.0000000000000000000, -0.1736481776669304400, 0.9848077530122080200 ) ) ;
#4975 = EDGE_CURVE ( 'NONE', #4774, #6499, #7173, .T. ) ;
#4976 = EDGE_LOOP ( 'NONE', ( #10631, #2561, #5588, #7749, #3659, #10304, #2378, #5717, #9172, #6562, #270, #8495 ) ) ;
#4977 = EDGE_LOOP ( 'NONE', ( #7506, #7722, #10652, #2490 ) ) ;
#4978 = ORIENTED_EDGE ( 'NONE', *, *, #9959, .F. ) ;
#4979 = EDGE_CURVE ( 'NONE', #8837, #10952, #7300, .T. ) ;
#4980 = ADVANCED_FACE ( 'NONE', ( #3002 ), #5007, .T. ) ;
#4981 = DIRECTION ( 'NONE',  ( 0.0000000000000000000, 0.0000000000000000000, 1.000000000000000000 ) ) ;
#4982 = COLOUR_RGB ( '',0.7921568627450980000, 0.8196078431372548800, 0.9333333333333333500 ) ;
#4983 = PLANE ( 'NONE',  #3874 ) ;
#4984 = DIRECTION ( 'NONE',  ( 1.000000000000000000, 0.0000000000000000000, 0.0000000000000000000 ) ) ;
#4985 = DIRECTION ( 'NONE',  ( -0.0000000000000000000, -7.193223902257864100E-015, -1.000000000000000000 ) ) ;
#4986 = DIRECTION ( 'NONE',  ( 0.0000000000000000000, 0.0000000000000000000, 1.000000000000000000 ) ) ;
#4987 = ORIENTED_EDGE ( 'NONE', *, *, #4005, .F. ) ;
#4988 = DIRECTION ( 'NONE',  ( 0.0000000000000000000, -0.9848077530122082400, -0.1736481776669296100 ) ) ;
#4989 = ORIENTED_EDGE ( 'NONE', *, *, #8148, .T. ) ;
#4990 = ORIENTED_EDGE ( 'NONE', *, *, #8320, .F. ) ;
#4991 = DIRECTION ( 'NONE',  ( 0.0000000000000000000, 0.0000000000000000000, 1.000000000000000000 ) ) ;
#4992 = VERTEX_POINT ( 'NONE', #2739 ) ;
#4993 = ADVANCED_FACE ( 'NONE', ( #3547 ), #588, .T. ) ;
#4994 =( GEOMETRIC_REPRESENTATION_CONTEXT ( 3 ) GLOBAL_UNCERTAINTY_ASSIGNED_CONTEXT ( ( #641 ) ) GLOBAL_UNIT_ASSIGNED_CONTEXT ( ( #10153, #11005, #3094 ) ) REPRESENTATION_CONTEXT ( 'NONE', 'WORKASPACE' ) );
#4995 = CARTESIAN_POINT ( 'NONE',  ( 0.1150000000000000700, 0.01000000000000000400, -0.2700000000000000200 ) ) ;
#4996 = CIRCLE ( 'NONE', #3375, 0.002101383127306358700 ) ;
#4997 = DIRECTION ( 'NONE',  ( 0.0000000000000000000, -0.9848077530122082400, 0.1736481776669295800 ) ) ;
#4998 = EDGE_CURVE ( 'NONE', #10886, #4510, #721, .T. ) ;
#4999 =( NAMED_UNIT ( * ) PLANE_ANGLE_UNIT ( ) SI_UNIT ( $, .RADIAN. ) );
#5000 = VECTOR ( 'NONE', #1937, 39.37007874015748100 ) ;
#5001 = CARTESIAN_POINT ( 'NONE',  ( 0.1650000000000000900, 0.01210138312730608600, 0.2819175359259424300 ) ) ;
#5002 = LINE ( 'NONE', #8427, #5772 ) ;
#5003 = ORIENTED_EDGE ( 'NONE', *, *, #976, .T. ) ;
#5004 = CARTESIAN_POINT ( 'NONE',  ( 0.2150000000000000500, 0.09249999999999998500, -0.2399999999999999100 ) ) ;
#5005 = FACE_OUTER_BOUND ( 'NONE', #5074, .T. ) ;
#5006 = DIRECTION ( 'NONE',  ( -1.000000000000000000, -0.0000000000000000000, 5.938799986226660200E-016 ) ) ;
#5007 = CYLINDRICAL_SURFACE ( 'NONE', #4259, 0.01210138312730635500 ) ;
#5008 = DIRECTION ( 'NONE',  ( 0.0000000000000000000, 0.0000000000000000000, 1.000000000000000000 ) ) ;
#5009 = DIRECTION ( 'NONE',  ( -0.0000000000000000000, 1.000000000000000000, 6.829619984160684300E-015 ) ) ;
#5010 = EDGE_CURVE ( 'NONE', #5928, #7992, #9485, .T. ) ;
#5011 = CARTESIAN_POINT ( 'NONE',  ( 0.2850000000000000900, 0.009999999999999993300, 0.3150000000000000000 ) ) ;
#5012 = ORIENTED_EDGE ( 'NONE', *, *, #7890, .F. ) ;
#5013 = ORIENTED_EDGE ( 'NONE', *, *, #7794, .T. ) ;
#5014 = CYLINDRICAL_SURFACE ( 'NONE', #1708, 0.01210138312730635500 ) ;
#5015 = LINE ( 'NONE', #5431, #9350 ) ;
#5016 = CARTESIAN_POINT ( 'NONE',  ( 0.2850000000000000900, 0.01210138312730608600, 0.2819175359259424300 ) ) ;
#5017 = DIRECTION ( 'NONE',  ( 0.0000000000000000000, 7.193223902257864100E-015, 1.000000000000000000 ) ) ;
#5018 = DIRECTION ( 'NONE',  ( 0.0000000000000000000, 0.0000000000000000000, 1.000000000000000000 ) ) ;
#5019 = CARTESIAN_POINT ( 'NONE',  ( -0.01499999999999994200, 0.09076351822333045300, -0.2557592126802871200 ) ) ;
#5020 = ORIENTED_EDGE ( 'NONE', *, *, #6893, .T. ) ;
#5021 = DIRECTION ( 'NONE',  ( 0.0000000000000000000, -7.225480511685028100E-015, -1.000000000000000000 ) ) ;
#5022 = CLOSED_SHELL ( 'NONE', ( #4489, #8170, #3411, #4267, #2858, #10140, #9348, #4553, #7646, #4658, #5597, #651, #3015, #7581 ) ) ;
#5023 = VECTOR ( 'NONE', #3492, 39.37007874015748900 ) ;
#5024 = EDGE_CURVE ( 'NONE', #2127, #183, #8392, .T. ) ;
#5025 = AXIS2_PLACEMENT_3D ( 'NONE', #6070, #10419, #931 ) ;
#5026 = VECTOR ( 'NONE', #919, 39.37007874015748900 ) ;
#5027 = CARTESIAN_POINT ( 'NONE',  ( 0.03500000000000003800, 0.1024999999999999800, -0.2399999999999999100 ) ) ;
#5028 = VERTEX_POINT ( 'NONE', #7133 ) ;
#5029 = ORIENTED_EDGE ( 'NONE', *, *, #516, .F. ) ;
#5030 = ADVANCED_FACE ( 'NONE', ( #2325 ), #8983, .F. ) ;
#5031 = ORIENTED_EDGE ( 'NONE', *, *, #4262, .T. ) ;
#5032 = VECTOR ( 'NONE', #7834, 39.37007874015748100 ) ;
#5033 = FACE_OUTER_BOUND ( 'NONE', #4441, .T. ) ;
#5034 = DIRECTION ( 'NONE',  ( 0.0000000000000000000, -1.000000000000000000, -6.829619984160684300E-015 ) ) ;
#5035 = EDGE_CURVE ( 'NONE', #3472, #2093, #5811, .T. ) ;
#5036 = PLANE ( 'NONE',  #10461 ) ;
#5037 = DIRECTION ( 'NONE',  ( 0.0000000000000000000, -0.0000000000000000000, 1.000000000000000000 ) ) ;
#5038 = EDGE_LOOP ( 'NONE', ( #5566, #409, #10279, #8759, #1586, #359, #5916, #10809, #9833, #1618, #8866, #3760 ) ) ;
#5039 = ORIENTED_EDGE ( 'NONE', *, *, #2192, .F. ) ;
#5040 = DIRECTION ( 'NONE',  ( 1.000000000000000000, 0.0000000000000000000, -0.0000000000000000000 ) ) ;
#5041 = CARTESIAN_POINT ( 'NONE',  ( 0.1350000000000000600, 0.009999999999999993300, 0.3150000000000000000 ) ) ;
#5042 = CIRCLE ( 'NONE', #6821, 0.002101383127306358700 ) ;
#5043 = CIRCLE ( 'NONE', #4027, 0.01210138312730635500 ) ;
#5044 = ADVANCED_FACE ( 'NONE', ( #4878 ), #2874, .F. ) ;
#5045 = FACE_OUTER_BOUND ( 'NONE', #7005, .T. ) ;
#5046 = ORIENTED_EDGE ( 'NONE', *, *, #2363, .F. ) ;
#5047 = DIRECTION ( 'NONE',  ( 0.0000000000000000000, 0.0000000000000000000, 1.000000000000000000 ) ) ;
#5048 = CARTESIAN_POINT ( 'NONE',  ( 0.2350000000000000400, 0.09249999999999974900, -0.2656072902104091300 ) ) ;
#5049 = LINE ( 'NONE', #6156, #4644 ) ;
#5050 = PLANE ( 'NONE',  #10462 ) ;
#5051 = CARTESIAN_POINT ( 'NONE',  ( -0.1149999999999999600, 0.009999999999999993300, 0.3150000000000000000 ) ) ;
#5052 = EDGE_LOOP ( 'NONE', ( #10590, #6379, #8043, #8229 ) ) ;
#5053 = LINE ( 'NONE', #2014, #1982 ) ;
#5054 = EDGE_CURVE ( 'NONE', #9010, #8159, #3685, .T. ) ;
#5055 = CARTESIAN_POINT ( 'NONE',  ( -0.1649999999999999800, 0.01000000000000000400, -0.2700000000000000200 ) ) ;
#5056 = ORIENTED_EDGE ( 'NONE', *, *, #11063, .F. ) ;
#5057 = VECTOR ( 'NONE', #2746, 39.37007874015748100 ) ;
#5058 = CARTESIAN_POINT ( 'NONE',  ( -0.06499999999999996100, 0.01173648177666930900, 0.2798480775301220900 ) ) ;
#5059 = AXIS2_PLACEMENT_3D ( 'NONE', #6032, #3442, #3555 ) ;
#5060 = DIRECTION ( 'NONE',  ( -1.000000000000000000, -0.0000000000000000000, -0.0000000000000000000 ) ) ;
#5061 = EDGE_CURVE ( 'NONE', #9147, #5873, #2608, .T. ) ;
#5062 = DIRECTION ( 'NONE',  ( 0.0000000000000000000, -1.000000000000000000, 7.225480511685028100E-015 ) ) ;
#5063 = CARTESIAN_POINT ( 'NONE',  ( 0.1850000000000000800, 0.09039861687269366800, 0.2536897542844667700 ) ) ;
#5064 = CARTESIAN_POINT ( 'NONE',  ( -0.06499999999999996100, 0.09039861687269366800, 0.2536897542844667700 ) ) ;
#5065 = ORIENTED_EDGE ( 'NONE', *, *, #8524, .T. ) ;
#5066 = ORIENTED_EDGE ( 'NONE', *, *, #4070, .F. ) ;
#5067 = LINE ( 'NONE', #2801, #923 ) ;
#5068 = VERTEX_POINT ( 'NONE', #2884 ) ;
#5069 = CARTESIAN_POINT ( 'NONE',  ( -0.2349999999999999900, 0.1024999999999999800, -0.2399999999999999100 ) ) ;
#5070 = DIRECTION ( 'NONE',  ( 0.0000000000000000000, -1.000000000000000000, 0.0000000000000000000 ) ) ;
#5071 = DIRECTION ( 'NONE',  ( 1.000000000000000000, 0.0000000000000000000, 0.0000000000000000000 ) ) ;
#5072 = DIRECTION ( 'NONE',  ( 0.0000000000000000000, -0.1736481776669304400, 0.9848077530122080200 ) ) ;
#5073 = ORIENTED_EDGE ( 'NONE', *, *, #9068, .F. ) ;
#5074 = EDGE_LOOP ( 'NONE', ( #2126, #5386, #11137, #8193 ) ) ;
#5075 = EDGE_CURVE ( 'NONE', #178, #267, #7575, .T. ) ;
#5076 = LINE ( 'NONE', #5722, #1336 ) ;
#5077 = EDGE_LOOP ( 'NONE', ( #1218, #1469, #474, #2644 ) ) ;
#5078 = DIRECTION ( 'NONE',  ( -1.000000000000000000, -0.0000000000000000000, -0.0000000000000000000 ) ) ;
#5079 = LINE ( 'NONE', #1281, #2940 ) ;
#5080 = CARTESIAN_POINT ( 'NONE',  ( -0.2349999999999999900, 0.1024999999999999800, -0.2399999999999999100 ) ) ;
#5081 = CARTESIAN_POINT ( 'NONE',  ( -0.2349999999999999900, 0.09249999999999999900, -0.2536897542844667700 ) ) ;
#5082 = DIRECTION ( 'NONE',  ( 0.0000000000000000000, 0.0000000000000000000, 1.000000000000000000 ) ) ;
#5083 = DIRECTION ( 'NONE',  ( 0.0000000000000000000, -0.9848077530122082400, 0.1736481776669295800 ) ) ;
#5084 = PLANE ( 'NONE',  #1761 ) ;
#5085 = ORIENTED_EDGE ( 'NONE', *, *, #4587, .F. ) ;
#5086 = ORIENTED_EDGE ( 'NONE', *, *, #5915, .F. ) ;
#5087 = ORIENTED_EDGE ( 'NONE', *, *, #128, .F. ) ;
#5088 = LINE ( 'NONE', #274, #18 ) ;
#5089 = ADVANCED_FACE ( 'NONE', ( #7713 ), #4571, .T. ) ;
#5090 = EDGE_CURVE ( 'NONE', #833, #3573, #79, .T. ) ;
#5091 = STYLED_ITEM ( 'NONE', ( #310 ), #10454 ) ;
#5092 = PLANE ( 'NONE',  #3197 ) ;
#5093 = EDGE_CURVE ( 'NONE', #5101, #3106, #460, .T. ) ;
#5094 = AXIS2_PLACEMENT_3D ( 'NONE', #2048, #3803, #4661 ) ;
#5095 = CARTESIAN_POINT ( 'NONE',  ( -0.2150000000000000000, 0.01173648177666930000, -0.2798480775301220900 ) ) ;
#5096 = DIRECTION ( 'NONE',  ( -1.000000000000000000, -0.0000000000000000000, -0.0000000000000000000 ) ) ;
#5097 = DIRECTION ( 'NONE',  ( 0.0000000000000000000, 0.0000000000000000000, 1.000000000000000000 ) ) ;
#5098 = ORIENTED_EDGE ( 'NONE', *, *, #8352, .T. ) ;
#5099 = ORIENTED_EDGE ( 'NONE', *, *, #4913, .F. ) ;
#5100 = CARTESIAN_POINT ( 'NONE',  ( -0.2349999999999999900, 0.09076351822333045300, 0.2557592126802870600 ) ) ;
#5101 = VERTEX_POINT ( 'NONE', #6347 ) ;
#5102 = DIRECTION ( 'NONE',  ( 1.000000000000000000, 0.0000000000000000000, 0.0000000000000000000 ) ) ;
#5103 = VECTOR ( 'NONE', #5888, 39.37007874015748100 ) ;
#5104 = ORIENTED_EDGE ( 'NONE', *, *, #4173, .T. ) ;
#5105 = ORIENTED_EDGE ( 'NONE', *, *, #8557, .T. ) ;
#5106 = ADVANCED_FACE ( 'NONE', ( #8679 ), #3822, .F. ) ;
#5107 = DIRECTION ( 'NONE',  ( 1.000000000000000000, 0.0000000000000000000, 0.0000000000000000000 ) ) ;
#5108 = ORIENTED_EDGE ( 'NONE', *, *, #7833, .T. ) ;
#5109 = PLANE ( 'NONE',  #7174 ) ;
#5110 = CARTESIAN_POINT ( 'NONE',  ( -0.1649999999999999800, 0.1024999999999999800, 0.2399999999999999100 ) ) ;
#5111 = ORIENTED_EDGE ( 'NONE', *, *, #2131, .T. ) ;
#5112 = ORIENTED_EDGE ( 'NONE', *, *, #2682, .T. ) ;
#5113 = EDGE_CURVE ( 'NONE', #8785, #3299, #5542, .T. ) ;
#5114 = AXIS2_PLACEMENT_3D ( 'NONE', #2552, #1689, #11016 ) ;
#5115 = MANIFOLD_SOLID_BREP ( 'Pin 19', #704 ) ;
#5116 = VECTOR ( 'NONE', #7644, 39.37007874015748100 ) ;
#5117 = DIRECTION ( 'NONE',  ( 1.000000000000000000, 0.0000000000000000000, -0.0000000000000000000 ) ) ;
#5118 = PRESENTATION_STYLE_ASSIGNMENT (( #2315 ) ) ;
#5119 = ORIENTED_EDGE ( 'NONE', *, *, #967, .F. ) ;
#5120 = ORIENTED_EDGE ( 'NONE', *, *, #10717, .T. ) ;
#5121 = ORIENTED_EDGE ( 'NONE', *, *, #3975, .T. ) ;
#5122 = ORIENTED_EDGE ( 'NONE', *, *, #4195, .F. ) ;
#5123 = CARTESIAN_POINT ( 'NONE',  ( -0.2150000000000000000, 0.01210138312730608600, 0.2819175359259424300 ) ) ;
#5124 = PLANE ( 'NONE',  #1179 ) ;
#5125 = ORIENTED_EDGE ( 'NONE', *, *, #8670, .F. ) ;
#5126 = CYLINDRICAL_SURFACE ( 'NONE', #7394, 0.01210138312730635500 ) ;
#5127 = EDGE_CURVE ( 'NONE', #6311, #10621, #6912, .T. ) ;
#5128 = LINE ( 'NONE', #9877, #3918 ) ;
#5129 = EDGE_CURVE ( 'NONE', #5899, #9202, #10425, .T. ) ;
#5130 = LINE ( 'NONE', #690, #2050 ) ;
#5131 = DIRECTION ( 'NONE',  ( 1.000000000000000000, 0.0000000000000000000, 0.0000000000000000000 ) ) ;
#5132 = PLANE ( 'NONE',  #3879 ) ;
#5133 = ORIENTED_EDGE ( 'NONE', *, *, #2893, .T. ) ;
#5134 = CARTESIAN_POINT ( 'NONE',  ( 0.1650000000000000900, 0.09039861687269366800, -0.2536897542844667700 ) ) ;
#5135 = DIRECTION ( 'NONE',  ( -1.000000000000000000, -0.0000000000000000000, -0.0000000000000000000 ) ) ;
#5136 = LINE ( 'NONE', #3074, #573 ) ;
#5137 = CARTESIAN_POINT ( 'NONE',  ( 0.0000000000000000000, 0.009999999999999995000, 0.0000000000000000000 ) ) ;
#5138 = DIRECTION ( 'NONE',  ( 0.0000000000000000000, -1.000000000000000000, 0.0000000000000000000 ) ) ;
#5139 = PLANE ( 'NONE',  #10336 ) ;
#5140 = DIRECTION ( 'NONE',  ( 0.0000000000000000000, -0.9848077530122082400, 0.1736481776669295800 ) ) ;
#5141 = LINE ( 'NONE', #4148, #2194 ) ;
#5142 = AXIS2_PLACEMENT_3D ( 'NONE', #10997, #659, #3397 ) ;
#5143 = DIRECTION ( 'NONE',  ( 0.0000000000000000000, -0.0000000000000000000, -1.000000000000000000 ) ) ;
#5144 = VECTOR ( 'NONE', #10562, 39.37007874015748100 ) ;
#5145 = DIRECTION ( 'NONE',  ( -0.0000000000000000000, 0.9848077530122082400, -0.1736481776669296100 ) ) ;
#5146 = EDGE_CURVE ( 'NONE', #4375, #10412, #1272, .T. ) ;
#5147 = VERTEX_POINT ( 'NONE', #6411 ) ;
#5148 = DIRECTION ( 'NONE',  ( 0.0000000000000000000, 0.0000000000000000000, 1.000000000000000000 ) ) ;
#5149 = EDGE_LOOP ( 'NONE', ( #3563, #83, #4856, #3867 ) ) ;
#5150 = LINE ( 'NONE', #7416, #2869 ) ;
#5151 = ADVANCED_FACE ( 'NONE', ( #3809 ), #3924, .F. ) ;
#5152 = VECTOR ( 'NONE', #3533, 39.37007874015748900 ) ;
#5153 = VERTEX_POINT ( 'NONE', #7379 ) ;
#5154 = ORIENTED_EDGE ( 'NONE', *, *, #3631, .F. ) ;
#5155 = LINE ( 'NONE', #5924, #2751 ) ;
#5156 = CARTESIAN_POINT ( 'NONE',  ( -0.2857222057372608100, 0.2249999999999998700, 0.1807222057372607800 ) ) ;
#5157 = CARTESIAN_POINT ( 'NONE',  ( 0.2150000000000000500, 0.09039861687269366800, 0.2536897542844667700 ) ) ;
#5158 = AXIS2_PLACEMENT_3D ( 'NONE', #6480, #3886, #7338 ) ;
#5159 = DIRECTION ( 'NONE',  ( -1.000000000000000000, -0.0000000000000000000, -0.0000000000000000000 ) ) ;
#5160 = FACE_OUTER_BOUND ( 'NONE', #5288, .T. ) ;
#5161 = EDGE_CURVE ( 'NONE', #9313, #2432, #3412, .T. ) ;
#5162 = ADVANCED_FACE ( 'NONE', ( #8110 ), #9926, .F. ) ;
#5163 = DIRECTION ( 'NONE',  ( 0.0000000000000000000, 0.0000000000000000000, -1.000000000000000000 ) ) ;
#5164 = STYLED_ITEM ( 'NONE', ( #3885 ), #1815 ) ;
#5165 = ORIENTED_EDGE ( 'NONE', *, *, #4491, .F. ) ;
#5166 = ORIENTED_EDGE ( 'NONE', *, *, #1783, .T. ) ;
#5167 = CIRCLE ( 'NONE', #8111, 0.01210138312730635500 ) ;
#5168 = DIRECTION ( 'NONE',  ( 0.0000000000000000000, 0.0000000000000000000, 1.000000000000000000 ) ) ;
#5169 = DIRECTION ( 'NONE',  ( 0.0000000000000000000, 0.0000000000000000000, 1.000000000000000000 ) ) ;
#5170 = CARTESIAN_POINT ( 'NONE',  ( -0.1149999999999999600, 0.09249999999999998500, 0.2399999999999999100 ) ) ;
#5171 = DIRECTION ( 'NONE',  ( 0.0000000000000000000, 7.193223902257864100E-015, 1.000000000000000000 ) ) ;
#5172 = DIRECTION ( 'NONE',  ( 0.0000000000000000000, -1.000000000000000000, 0.0000000000000000000 ) ) ;
#5173 = DIRECTION ( 'NONE',  ( -1.000000000000000000, -0.0000000000000000000, -0.0000000000000000000 ) ) ;
#5174 = PLANE ( 'NONE',  #7588 ) ;
#5175 = VERTEX_POINT ( 'NONE', #10851 ) ;
#5176 = EDGE_CURVE ( 'NONE', #1022, #8868, #6090, .T. ) ;
#5177 = ORIENTED_EDGE ( 'NONE', *, *, #10689, .F. ) ;
#5178 = AXIS2_PLACEMENT_3D ( 'NONE', #5339, #5298, #8688 ) ;
#5179 = EDGE_LOOP ( 'NONE', ( #4433, #6099, #6996, #8505 ) ) ;
#5180 = VECTOR ( 'NONE', #5252, 39.37007874015748100 ) ;
#5181 = SURFACE_STYLE_FILL_AREA ( #465 ) ;
#5182 = CARTESIAN_POINT ( 'NONE',  ( -0.01499999999999994200, 0.01000000000000000000, 0.2699999999999999600 ) ) ;
#5183 = FACE_OUTER_BOUND ( 'NONE', #2236, .T. ) ;
#5184 = DIRECTION ( 'NONE',  ( -1.000000000000000000, -0.0000000000000000000, -0.0000000000000000000 ) ) ;
#5185 = DIRECTION ( 'NONE',  ( 0.0000000000000000000, -1.000000000000000000, 0.0000000000000000000 ) ) ;
#5186 = EDGE_LOOP ( 'NONE', ( #2429, #9843, #6140, #4073 ) ) ;
#5187 = DIRECTION ( 'NONE',  ( -0.0000000000000000000, -5.999729353452747400E-015, 1.000000000000000000 ) ) ;
#5188 = EDGE_LOOP ( 'NONE', ( #6518, #10390, #7608, #2603 ) ) ;
#5189 = FACE_OUTER_BOUND ( 'NONE', #9936, .T. ) ;
#5190 = VECTOR ( 'NONE', #9459, 39.37007874015748100 ) ;
#5191 = EDGE_CURVE ( 'NONE', #9957, #8823, #6224, .T. ) ;
#5192 = DIRECTION ( 'NONE',  ( 0.0000000000000000000, -0.9848077530122082400, 0.1736481776669295800 ) ) ;
#5193 = DIRECTION ( 'NONE',  ( -1.000000000000000000, -0.0000000000000000000, -0.0000000000000000000 ) ) ;
#5194 = EDGE_CURVE ( 'NONE', #884, #4181, #6612, .T. ) ;
#5195 = CARTESIAN_POINT ( 'NONE',  ( -0.06499999999999996100, 0.01173648177666930000, -0.2798480775301220900 ) ) ;
#5196 = ORIENTED_EDGE ( 'NONE', *, *, #4262, .F. ) ;
#5197 = VERTEX_POINT ( 'NONE', #9966 ) ;
#5198 = VECTOR ( 'NONE', #4026, 39.37007874015748100 ) ;
#5199 = ORIENTED_EDGE ( 'NONE', *, *, #6873, .T. ) ;
#5200 = ORIENTED_EDGE ( 'NONE', *, *, #9762, .F. ) ;
#5201 = VECTOR ( 'NONE', #1245, 39.37007874015748100 ) ;
#5202 = FACE_OUTER_BOUND ( 'NONE', #4976, .T. ) ;
#5203 = EDGE_LOOP ( 'NONE', ( #758, #756, #9815, #8080 ) ) ;
#5204 = CARTESIAN_POINT ( 'NONE',  ( 0.03500000000000003800, 0.09249999999999998500, 0.2399999999999999100 ) ) ;
#5205 = DIRECTION ( 'NONE',  ( 0.0000000000000000000, 0.0000000000000000000, 1.000000000000000000 ) ) ;
#5206 = ORIENTED_EDGE ( 'NONE', *, *, #9247, .F. ) ;
#5207 = ORIENTED_EDGE ( 'NONE', *, *, #5500, .T. ) ;
#5208 = DIRECTION ( 'NONE',  ( -1.000000000000000000, -0.0000000000000000000, -0.0000000000000000000 ) ) ;
#5209 = VECTOR ( 'NONE', #1081, 39.37007874015748100 ) ;
#5210 = AXIS2_PLACEMENT_3D ( 'NONE', #7498, #9135, #8415 ) ;
#5211 = EDGE_LOOP ( 'NONE', ( #4461, #8445, #2718, #2531 ) ) ;
#5212 = EDGE_CURVE ( 'NONE', #6436, #4825, #6902, .T. ) ;
#5213 = FACE_OUTER_BOUND ( 'NONE', #6300, .T. ) ;
#5214 = CARTESIAN_POINT ( 'NONE',  ( -0.06499999999999996100, 0.09076351822333045300, 0.2557592126802870600 ) ) ;
#5215 = ADVANCED_FACE ( 'NONE', ( #6485 ), #3965, .F. ) ;
#5216 = PLANE ( 'NONE',  #1411 ) ;
#5217 = ORIENTED_EDGE ( 'NONE', *, *, #1270, .T. ) ;
#5218 = ORIENTED_EDGE ( 'NONE', *, *, #8933, .T. ) ;
#5219 = DIRECTION ( 'NONE',  ( 0.0000000000000000000, 0.0000000000000000000, 1.000000000000000000 ) ) ;
#5220 = LINE ( 'NONE', #8702, #3070 ) ;
#5221 = CARTESIAN_POINT ( 'NONE',  ( 0.2650000000000000700, -3.201384367575308500E-018, 0.3150000000000000600 ) ) ;
#5222 = DIRECTION ( 'NONE',  ( 0.0000000000000000000, 7.193223902257864100E-015, -1.000000000000000000 ) ) ;
#5223 = DIRECTION ( 'NONE',  ( 0.0000000000000000000, -0.9848077530122082400, 0.1736481776669295800 ) ) ;
#5224 = AXIS2_PLACEMENT_3D ( 'NONE', #5680, #8254, #6585 ) ;
#5225 = EDGE_CURVE ( 'NONE', #456, #2143, #8800, .T. ) ;
#5226 = VERTEX_POINT ( 'NONE', #9022 ) ;
#5227 = ORIENTED_EDGE ( 'NONE', *, *, #1831, .F. ) ;
#5228 = VECTOR ( 'NONE', #7634, 39.37007874015748100 ) ;
#5229 = DIRECTION ( 'NONE',  ( 0.0000000000000000000, 0.0000000000000000000, -1.000000000000000000 ) ) ;
#5230 = CYLINDRICAL_SURFACE ( 'NONE', #10941, 0.002101383127306358700 ) ;
#5231 = VERTEX_POINT ( 'NONE', #10151 ) ;
#5232 = CARTESIAN_POINT ( 'NONE',  ( 0.01500000000000004500, 0.009999999999999753900, -0.2819175359259424300 ) ) ;
#5233 = VERTEX_POINT ( 'NONE', #665 ) ;
#5234 = EDGE_LOOP ( 'NONE', ( #1637, #2755, #8081, #6263 ) ) ;
#5235 = ORIENTED_EDGE ( 'NONE', *, *, #10770, .F. ) ;
#5236 = CARTESIAN_POINT ( 'NONE',  ( 0.1850000000000000800, 0.01173648177666930900, 0.2798480775301220900 ) ) ;
#5237 = DIRECTION ( 'NONE',  ( 0.0000000000000000000, -1.000000000000000000, 6.829619984160659800E-015 ) ) ;
#5238 = EDGE_CURVE ( 'NONE', #8636, #9356, #5953, .T. ) ;
#5239 = LINE ( 'NONE', #6695, #962 ) ;
#5240 = AXIS2_PLACEMENT_3D ( 'NONE', #7263, #2085, #6291 ) ;
#5241 = CARTESIAN_POINT ( 'NONE',  ( -0.1849999999999999700, 0.009999999999999956800, -0.3150000000000000000 ) ) ;
#5242 = CARTESIAN_POINT ( 'NONE',  ( -0.1849999999999999700, 0.09039861687269366800, -0.2536897542844667700 ) ) ;
#5243 = CIRCLE ( 'NONE', #1582, 0.01210138312730635500 ) ;
#5244 = CARTESIAN_POINT ( 'NONE',  ( 0.2650000000000000700, 0.01210138312730608600, 0.2819175359259424300 ) ) ;
#5245 = ORIENTED_EDGE ( 'NONE', *, *, #9012, .F. ) ;
#5246 = ORIENTED_EDGE ( 'NONE', *, *, #10968, .F. ) ;
#5247 = ORIENTED_EDGE ( 'NONE', *, *, #2047, .T. ) ;
#5248 = ORIENTED_EDGE ( 'NONE', *, *, #6756, .T. ) ;
#5249 = MANIFOLD_SOLID_BREP ( 'Pin 1', #4432 ) ;
#5250 = VECTOR ( 'NONE', #8437, 39.37007874015748100 ) ;
#5251 = VECTOR ( 'NONE', #6914, 39.37007874015748100 ) ;
#5252 = DIRECTION ( 'NONE',  ( 0.0000000000000000000, 7.225480511685028100E-015, 1.000000000000000000 ) ) ;
#5253 = CYLINDRICAL_SURFACE ( 'NONE', #8082, 0.01210138312730632000 ) ;
#5254 = EDGE_CURVE ( 'NONE', #6829, #10178, #8527, .T. ) ;
#5255 = FACE_OUTER_BOUND ( 'NONE', #6108, .T. ) ;
#5256 = DIMENSIONAL_EXPONENTS ( 1.000000000000000000, 0.0000000000000000000, 0.0000000000000000000, 0.0000000000000000000, 0.0000000000000000000, 0.0000000000000000000, 0.0000000000000000000 ) ;
#5257 = VERTEX_POINT ( 'NONE', #4864 ) ;
#5258 = AXIS2_PLACEMENT_3D ( 'NONE', #9749, #1169, #10581 ) ;
#5259 = ORIENTED_EDGE ( 'NONE', *, *, #7176, .F. ) ;
#5260 = SURFACE_STYLE_FILL_AREA ( #4078 ) ;
#5261 = DIRECTION ( 'NONE',  ( -1.000000000000000000, -0.0000000000000000000, -0.0000000000000000000 ) ) ;
#5262 = FACE_OUTER_BOUND ( 'NONE', #6983, .T. ) ;
#5263 = DIRECTION ( 'NONE',  ( -1.000000000000000000, -0.0000000000000000000, -0.0000000000000000000 ) ) ;
#5264 = PLANE ( 'NONE',  #6937 ) ;
#5265 = ADVANCED_FACE ( 'NONE', ( #7705 ), #7577, .F. ) ;
#5266 = DIRECTION ( 'NONE',  ( 0.0000000000000000000, -0.0000000000000000000, -1.000000000000000000 ) ) ;
#5267 = CIRCLE ( 'NONE', #1426, 0.01210138312730635500 ) ;
#5268 = EDGE_CURVE ( 'NONE', #9235, #6874, #9065, .T. ) ;
#5269 = DIRECTION ( 'NONE',  ( 0.0000000000000000000, -7.225480511685028100E-015, -1.000000000000000000 ) ) ;
#5270 = AXIS2_PLACEMENT_3D ( 'NONE', #5110, #5185, #2604 ) ;
#5271 = EDGE_LOOP ( 'NONE', ( #10248, #1792, #9769, #10095 ) ) ;
#5272 = VECTOR ( 'NONE', #8607, 39.37007874015748100 ) ;
#5273 = EDGE_CURVE ( 'NONE', #3226, #670, #6772, .T. ) ;
#5274 = COLOUR_RGB ( '',0.7921568627450980000, 0.8196078431372548800, 0.9333333333333333500 ) ;
#5275 = CARTESIAN_POINT ( 'NONE',  ( -0.2849999999999999800, 0.09249999999999998500, 0.2536897542844667700 ) ) ;
#5276 = DIRECTION ( 'NONE',  ( 0.0000000000000000000, 0.0000000000000000000, -1.000000000000000000 ) ) ;
#5277 = EDGE_LOOP ( 'NONE', ( #2855, #5859, #8772, #4151 ) ) ;
#5278 = CARTESIAN_POINT ( 'NONE',  ( 0.2850000000000000900, 0.09249999999999999900, -0.2536897542844667700 ) ) ;
#5279 = DIRECTION ( 'NONE',  ( 0.0000000000000000000, -0.0000000000000000000, 1.000000000000000000 ) ) ;
#5280 = EDGE_LOOP ( 'NONE', ( #2139, #1999, #3336, #521 ) ) ;
#5281 = FACE_OUTER_BOUND ( 'NONE', #1096, .T. ) ;
#5282 = AXIS2_PLACEMENT_3D ( 'NONE', #762, #5107, #1770 ) ;
#5283 = CYLINDRICAL_SURFACE ( 'NONE', #5617, 0.002101383127306324400 ) ;
#5284 = AXIS2_PLACEMENT_3D ( 'NONE', #4848, #10800, #1511 ) ;
#5285 = CARTESIAN_POINT ( 'NONE',  ( 0.06500000000000005800, 0.09249999999999977700, 0.2656072902104091900 ) ) ;
#5286 = EDGE_CURVE ( 'NONE', #1352, #4454, #1387, .T. ) ;
#5287 = CARTESIAN_POINT ( 'NONE',  ( 0.1850000000000000800, 0.09039861687269366800, -0.2536897542844667700 ) ) ;
#5288 = EDGE_LOOP ( 'NONE', ( #683, #9550, #2919, #3859 ) ) ;
#5289 = VERTEX_POINT ( 'NONE', #1518 ) ;
#5290 = FACE_OUTER_BOUND ( 'NONE', #6885, .T. ) ;
#5291 = FACE_OUTER_BOUND ( 'NONE', #39, .T. ) ;
#5292 = PLANE ( 'NONE',  #3736 ) ;
#5293 = CARTESIAN_POINT ( 'NONE',  ( -0.2150000000000000000, 0.09039861687269366800, -0.2536897542844667700 ) ) ;
#5294 = ORIENTED_EDGE ( 'NONE', *, *, #10755, .T. ) ;
#5295 = FILL_AREA_STYLE_COLOUR ( '', #9545 ) ;
#5296 = AXIS2_PLACEMENT_3D ( 'NONE', #5750, #10068, #5037 ) ;
#5297 = VERTEX_POINT ( 'NONE', #7537 ) ;
#5298 = DIRECTION ( 'NONE',  ( 0.0000000000000000000, -1.000000000000000000, -5.999729353452748200E-015 ) ) ;
#5299 = DIRECTION ( 'NONE',  ( 0.0000000000000000000, 0.1736481776669296100, -0.9848077530122082400 ) ) ;
#5300 = FACE_OUTER_BOUND ( 'NONE', #1481, .T. ) ;
#5301 = EDGE_CURVE ( 'NONE', #4545, #10383, #4478, .T. ) ;
#5302 = LENGTH_MEASURE_WITH_UNIT ( LENGTH_MEASURE( 0.02539999999999999900 ), #9105 );
#5303 = CARTESIAN_POINT ( 'NONE',  ( -0.1649999999999999800, 0.09249999999999974900, -0.2656072902104091300 ) ) ;
#5304 = AXIS2_PLACEMENT_3D ( 'NONE', #4485, #6175, #227 ) ;
#5305 = LENGTH_MEASURE_WITH_UNIT ( LENGTH_MEASURE( 0.02539999999999999900 ), #7552 );
#5306 = DIRECTION ( 'NONE',  ( 0.0000000000000000000, 0.0000000000000000000, -1.000000000000000000 ) ) ;
#5307 = DIMENSIONAL_EXPONENTS ( 1.000000000000000000, 0.0000000000000000000, 0.0000000000000000000, 0.0000000000000000000, 0.0000000000000000000, 0.0000000000000000000, 0.0000000000000000000 ) ;
#5308 = ORIENTED_EDGE ( 'NONE', *, *, #2734, .T. ) ;
#5309 = CARTESIAN_POINT ( 'NONE',  ( -0.2857222057372608100, 0.1749999999999998500, 0.1807222057372607800 ) ) ;
#5310 = PLANE ( 'NONE',  #4605 ) ;
#5311 = DIRECTION ( 'NONE',  ( -1.000000000000000000, -0.0000000000000000000, -0.0000000000000000000 ) ) ;
#5312 = ORIENTED_EDGE ( 'NONE', *, *, #2782, .T. ) ;
#5313 = DIRECTION ( 'NONE',  ( 1.000000000000000000, 0.0000000000000000000, -0.0000000000000000000 ) ) ;
#5314 = FACE_OUTER_BOUND ( 'NONE', #7140, .T. ) ;
#5315 = CARTESIAN_POINT ( 'NONE',  ( -0.1149999999999999600, 0.1024999999999999800, -0.2536897542844667700 ) ) ;
#5316 = CIRCLE ( 'NONE', #33, 0.02750000000000001400 ) ;
#5317 = DIRECTION ( 'NONE',  ( 0.0000000000000000000, 0.0000000000000000000, 1.000000000000000000 ) ) ;
#5318 = EDGE_CURVE ( 'NONE', #837, #3853, #10290, .T. ) ;
#5319 = CARTESIAN_POINT ( 'NONE',  ( 0.03500000000000003800, 0.09249999999999977700, 0.2656072902104091900 ) ) ;
#5320 = EDGE_CURVE ( 'NONE', #8278, #3096, #6358, .T. ) ;
#5321 = VERTEX_POINT ( 'NONE', #3241 ) ;
#5322 = ADVANCED_FACE ( 'NONE', ( #3402 ), #3113, .T. ) ;
#5323 = CYLINDRICAL_SURFACE ( 'NONE', #7091, 0.02750000000000001400 ) ;
#5324 = ORIENTED_EDGE ( 'NONE', *, *, #3182, .T. ) ;
#5325 = CARTESIAN_POINT ( 'NONE',  ( -0.2150000000000000000, 0.09076351822333045300, -0.2557592126802871200 ) ) ;
#5326 = FACE_OUTER_BOUND ( 'NONE', #3779, .T. ) ;
#5327 = DIRECTION ( 'NONE',  ( -1.000000000000000000, -0.0000000000000000000, 5.938799986226660200E-016 ) ) ;
#5328 = DIRECTION ( 'NONE',  ( 1.000000000000000000, 0.0000000000000000000, 0.0000000000000000000 ) ) ;
#5329 = ORIENTED_EDGE ( 'NONE', *, *, #7585, .F. ) ;
#5330 = ORIENTED_EDGE ( 'NONE', *, *, #3688, .T. ) ;
#5331 = LINE ( 'NONE', #7879, #391 ) ;
#5332 = VERTEX_POINT ( 'NONE', #8452 ) ;
#5333 = EDGE_CURVE ( 'NONE', #922, #5510, #1125, .T. ) ;
#5334 = LINE ( 'NONE', #3984, #7907 ) ;
#5335 = ADVANCED_FACE ( 'NONE', ( #7425 ), #4107, .F. ) ;
#5336 = CARTESIAN_POINT ( 'NONE',  ( 0.01500000000000004500, 0.1024999999999999900, 0.2536897542844667700 ) ) ;
#5337 = EDGE_CURVE ( 'NONE', #8454, #9775, #5141, .T. ) ;
#5338 = CARTESIAN_POINT ( 'NONE',  ( 0.1350000000000000600, 0.09249999999999974900, -0.2656072902104091300 ) ) ;
#5339 = CARTESIAN_POINT ( 'NONE',  ( -0.2650000000000000100, 0.009999999999999759100, -0.2819175359259424300 ) ) ;
#5340 = DIRECTION ( 'NONE',  ( 0.0000000000000000000, 0.0000000000000000000, 1.000000000000000000 ) ) ;
#5341 = DIRECTION ( 'NONE',  ( 0.0000000000000000000, 0.0000000000000000000, -1.000000000000000000 ) ) ;
#5342 = VERTEX_POINT ( 'NONE', #6710 ) ;
#5343 = ORIENTED_EDGE ( 'NONE', *, *, #7622, .F. ) ;
#5344 = LINE ( 'NONE', #488, #11015 ) ;
#5345 = CARTESIAN_POINT ( 'NONE',  ( -0.2349999999999999900, -2.411709556906732200E-016, -0.2819175359259424900 ) ) ;
#5346 = VECTOR ( 'NONE', #10932, 39.37007874015748100 ) ;
#5347 = CARTESIAN_POINT ( 'NONE',  ( -0.06499999999999996100, 0.1024999999999999800, -0.2399999999999999100 ) ) ;
#5348 = DIRECTION ( 'NONE',  ( 0.0000000000000000000, 0.0000000000000000000, -1.000000000000000000 ) ) ;
#5349 = CARTESIAN_POINT ( 'NONE',  ( -0.2650000000000000100, 0.09249999999999998500, 0.2399999999999999100 ) ) ;
#5350 = AXIS2_PLACEMENT_3D ( 'NONE', #1126, #7954, #3640 ) ;
#5351 = DIRECTION ( 'NONE',  ( 0.0000000000000000000, -7.193223902257864100E-015, 1.000000000000000000 ) ) ;
#5352 = ORIENTED_EDGE ( 'NONE', *, *, #1583, .F. ) ;
#5353 = ORIENTED_EDGE ( 'NONE', *, *, #1048, .F. ) ;
#5354 = EDGE_CURVE ( 'NONE', #9249, #3472, #2863, .T. ) ;
#5355 = CIRCLE ( 'NONE', #8012, 0.01210138312730635500 ) ;
#5356 = PLANE ( 'NONE',  #9319 ) ;
#5357 = DIRECTION ( 'NONE',  ( 5.938799986226660200E-016, -0.0000000000000000000, 1.000000000000000000 ) ) ;
#5358 = FACE_OUTER_BOUND ( 'NONE', #5188, .T. ) ;
#5359 = CARTESIAN_POINT ( 'NONE',  ( -0.1849999999999999700, 0.1024999999999999800, 0.2399999999999999100 ) ) ;
#5360 = CARTESIAN_POINT ( 'NONE',  ( -0.03499999999999993400, 0.009999999999999993300, 0.3150000000000000000 ) ) ;
#5361 = ORIENTED_EDGE ( 'NONE', *, *, #2363, .T. ) ;
#5362 = ORIENTED_EDGE ( 'NONE', *, *, #2618, .F. ) ;
#5363 = ADVANCED_FACE ( 'NONE', ( #5671 ), #51, .F. ) ;
#5364 = CLOSED_SHELL ( 'NONE', ( #8552, #3064, #490, #4544, #3073, #3029, #3354, #1389, #10196, #2243, #10920, #9805, #6674, #3868 ) ) ;
#5365 = FACE_OUTER_BOUND ( 'NONE', #1605, .T. ) ;
#5366 = VERTEX_POINT ( 'NONE', #10386 ) ;
#5367 = EDGE_CURVE ( 'NONE', #2115, #2170, #4207, .T. ) ;
#5368 = VERTEX_POINT ( 'NONE', #858 ) ;
#5369 = CARTESIAN_POINT ( 'NONE',  ( -0.03499999999999993400, 0.09039861687269366800, 0.2536897542844667700 ) ) ;
#5370 = DIRECTION ( 'NONE',  ( 0.0000000000000000000, -7.193223902257864100E-015, 1.000000000000000000 ) ) ;
#5371 = ORIENTED_EDGE ( 'NONE', *, *, #4696, .F. ) ;
#5372 = ORIENTED_EDGE ( 'NONE', *, *, #2487, .T. ) ;
#5373 = DIRECTION ( 'NONE',  ( 0.0000000000000000000, 1.000000000000000000, -7.193223902257864100E-015 ) ) ;
#5374 = DIRECTION ( 'NONE',  ( 0.0000000000000000000, 0.0000000000000000000, -1.000000000000000000 ) ) ;
#5375 = CARTESIAN_POINT ( 'NONE',  ( 0.2150000000000000500, 0.09249999999999998500, 0.2536897542844667700 ) ) ;
#5376 = CARTESIAN_POINT ( 'NONE',  ( 0.2850000000000000900, 0.01000000000000000400, -0.2700000000000000200 ) ) ;
#5377 = VECTOR ( 'NONE', #1664, 39.37007874015748100 ) ;
#5378 = ADVANCED_FACE ( 'NONE', ( #9476 ), #5124, .F. ) ;
#5379 = DIRECTION ( 'NONE',  ( -1.000000000000000000, -0.0000000000000000000, -0.0000000000000000000 ) ) ;
#5380 = ORIENTED_EDGE ( 'NONE', *, *, #699, .F. ) ;
#5381 = CARTESIAN_POINT ( 'NONE',  ( -0.08499999999999995100, 0.09076351822333045300, 0.2557592126802870600 ) ) ;
#5382 = VECTOR ( 'NONE', #3253, 39.37007874015748900 ) ;
#5383 = CARTESIAN_POINT ( 'NONE',  ( 0.1850000000000000800, 0.09249999999999974900, -0.2656072902104091300 ) ) ;
#5384 = ORIENTED_EDGE ( 'NONE', *, *, #8148, .F. ) ;
#5385 = EDGE_LOOP ( 'NONE', ( #9793, #7859, #1567, #9087 ) ) ;
#5386 = ORIENTED_EDGE ( 'NONE', *, *, #8611, .F. ) ;
#5387 = CARTESIAN_POINT ( 'NONE',  ( -0.1349999999999999500, 0.009999999999999993300, 0.3150000000000000000 ) ) ;
#5388 = VERTEX_POINT ( 'NONE', #7725 ) ;
#5389 = EDGE_CURVE ( 'NONE', #10909, #8268, #2059, .T. ) ;
#5390 = AXIS2_PLACEMENT_3D ( 'NONE', #5048, #6878, #3287 ) ;
#5391 = CARTESIAN_POINT ( 'NONE',  ( -0.2650000000000000100, 0.1024999999999999800, -0.2399999999999999100 ) ) ;
#5392 = FILL_AREA_STYLE ('',( #7236 ) ) ;
#5393 = DIRECTION ( 'NONE',  ( -1.000000000000000000, -0.0000000000000000000, -0.0000000000000000000 ) ) ;
#5394 = LINE ( 'NONE', #10124, #1771 ) ;
#5395 = ADVANCED_FACE ( 'NONE', ( #578 ), #8378, .T. ) ;
#5396 = CARTESIAN_POINT ( 'NONE',  ( -0.2849999999999999800, 0.009999999999999759100, -0.2819175359259424300 ) ) ;
#5397 = ORIENTED_EDGE ( 'NONE', *, *, #534, .T. ) ;
#5398 = LINE ( 'NONE', #1976, #3537 ) ;
#5399 = LINE ( 'NONE', #4760, #54 ) ;
#5400 = ORIENTED_EDGE ( 'NONE', *, *, #1666, .T. ) ;
#5401 = LINE ( 'NONE', #7559, #3673 ) ;
#5402 = CARTESIAN_POINT ( 'NONE',  ( -0.1649999999999999800, -3.201384367575308500E-018, 0.3150000000000000600 ) ) ;
#5403 = LINE ( 'NONE', #8173, #4602 ) ;
#5404 = EDGE_CURVE ( 'NONE', #3901, #10641, #1787, .T. ) ;
#5405 = STYLED_ITEM ( 'NONE', ( #865 ), #5115 ) ;
#5406 = VECTOR ( 'NONE', #7456, 39.37007874015748100 ) ;
#5407 = EDGE_CURVE ( 'NONE', #2563, #1702, #10139, .T. ) ;
#5408 = DIRECTION ( 'NONE',  ( -0.0000000000000000000, 0.9848077530122080200, 0.1736481776669304100 ) ) ;
#5409 = LINE ( 'NONE', #3629, #3679 ) ;
#5410 = DIRECTION ( 'NONE',  ( -2.845674993400274400E-016, -0.0000000000000000000, -1.000000000000000000 ) ) ;
#5411 = CARTESIAN_POINT ( 'NONE',  ( 0.2350000000000000400, 0.09039861687269366800, 0.2536897542844667700 ) ) ;
#5412 = VERTEX_POINT ( 'NONE', #2541 ) ;
#5413 = CARTESIAN_POINT ( 'NONE',  ( 0.1350000000000000600, 0.09249999999999977700, 0.2656072902104091900 ) ) ;
#5414 = DIRECTION ( 'NONE',  ( 0.0000000000000000000, -6.829619984160684300E-015, 1.000000000000000000 ) ) ;
#5415 = PLANE ( 'NONE',  #6357 ) ;
#5416 = LINE ( 'NONE', #7920, #6626 ) ;
#5417 =( LENGTH_UNIT ( ) NAMED_UNIT ( * ) SI_UNIT ( $, .METRE. ) );
#5418 = PLANE ( 'NONE',  #7513 ) ;
#5419 = CARTESIAN_POINT ( 'NONE',  ( 0.1350000000000000600, 0.1024999999999999800, 0.2399999999999999100 ) ) ;
#5420 = AXIS2_PLACEMENT_3D ( 'NONE', #7910, #2617, #3483 ) ;
#5421 = ORIENTED_EDGE ( 'NONE', *, *, #6942, .T. ) ;
#5422 = EDGE_CURVE ( 'NONE', #8746, #141, #3665, .T. ) ;
#5423 = DIMENSIONAL_EXPONENTS ( 1.000000000000000000, 0.0000000000000000000, 0.0000000000000000000, 0.0000000000000000000, 0.0000000000000000000, 0.0000000000000000000, 0.0000000000000000000 ) ;
#5424 = ORIENTED_EDGE ( 'NONE', *, *, #10751, .T. ) ;
#5425 = CIRCLE ( 'NONE', #8490, 0.01210138312730635500 ) ;
#5426 = DIRECTION ( 'NONE',  ( 0.0000000000000000000, 0.0000000000000000000, 1.000000000000000000 ) ) ;
#5427 = FACE_OUTER_BOUND ( 'NONE', #9071, .T. ) ;
#5428 = CARTESIAN_POINT ( 'NONE',  ( -0.2650000000000000100, 0.01210138312730608600, 0.2819175359259424300 ) ) ;
#5429 = CARTESIAN_POINT ( 'NONE',  ( -0.03499999999999993400, 0.1024999999999999800, 0.2399999999999999100 ) ) ;
#5430 = ORIENTED_EDGE ( 'NONE', *, *, #3342, .F. ) ;
#5431 = CARTESIAN_POINT ( 'NONE',  ( 0.2650000000000000700, -2.411709556906732200E-016, -0.2819175359259424900 ) ) ;
#5432 = ORIENTED_EDGE ( 'NONE', *, *, #4696, .T. ) ;
#5433 = ADVANCED_FACE ( 'NONE', ( #6476 ), #4225, .F. ) ;
#5434 = MECHANICAL_DESIGN_GEOMETRIC_PRESENTATION_REPRESENTATION (  '', ( #2779 ), #3357 ) ;
#5435 = VECTOR ( 'NONE', #373, 39.37007874015748900 ) ;
#5436 = EDGE_CURVE ( 'NONE', #287, #551, #7026, .T. ) ;
#5437 = PLANE ( 'NONE',  #7462 ) ;
#5438 = DIRECTION ( 'NONE',  ( 0.0000000000000000000, -0.0000000000000000000, 1.000000000000000000 ) ) ;
#5439 = ORIENTED_EDGE ( 'NONE', *, *, #446, .T. ) ;
#5440 = ORIENTED_EDGE ( 'NONE', *, *, #1479, .T. ) ;
#5441 = CARTESIAN_POINT ( 'NONE',  ( 0.1650000000000000900, 0.009999999999999993300, 0.3150000000000000000 ) ) ;
#5442 = ORIENTED_EDGE ( 'NONE', *, *, #1915, .T. ) ;
#5443 = CARTESIAN_POINT ( 'NONE',  ( -0.1349999999999999500, 0.01173648177666930900, 0.2798480775301220900 ) ) ;
#5444 = CARTESIAN_POINT ( 'NONE',  ( -0.1849999999999999700, 0.1024999999999999800, -0.2399999999999999100 ) ) ;
#5445 = EDGE_CURVE ( 'NONE', #295, #11051, #315, .T. ) ;
#5446 = AXIS2_PLACEMENT_3D ( 'NONE', #559, #8338, #10894 ) ;
#5447 = CARTESIAN_POINT ( 'NONE',  ( 0.03500000000000003800, 0.009999999999999753900, 0.2819175359259424300 ) ) ;
#5448 = CARTESIAN_POINT ( 'NONE',  ( 0.2850000000000000900, 0.009999999999999753900, 0.2819175359259424300 ) ) ;
#5449 = UNCERTAINTY_MEASURE_WITH_UNIT (LENGTH_MEASURE( 1.000000000000000100E-005 ), #1395, 'distance_accuracy_value', 'NONE');
#5450 = DIRECTION ( 'NONE',  ( -1.000000000000000000, -0.0000000000000000000, -0.0000000000000000000 ) ) ;
#5451 = ORIENTED_EDGE ( 'NONE', *, *, #5550, .F. ) ;
#5452 = EDGE_CURVE ( 'NONE', #1352, #684, #7842, .T. ) ;
#5453 = DIRECTION ( 'NONE',  ( 0.0000000000000000000, 0.0000000000000000000, -1.000000000000000000 ) ) ;
#5454 = AXIS2_PLACEMENT_3D ( 'NONE', #8751, #159, #8861 ) ;
#5455 = ORIENTED_EDGE ( 'NONE', *, *, #4542, .F. ) ;
#5456 = FACE_OUTER_BOUND ( 'NONE', #3014, .T. ) ;
#5457 = CIRCLE ( 'NONE', #2880, 0.01210138312730635500 ) ;
#5458 =( NAMED_UNIT ( * ) PLANE_ANGLE_UNIT ( ) SI_UNIT ( $, .RADIAN. ) );
#5459 = CARTESIAN_POINT ( 'NONE',  ( -0.1349999999999999500, 0.009999999999999956800, -0.3150000000000000000 ) ) ;
#5460 = ORIENTED_EDGE ( 'NONE', *, *, #10091, .F. ) ;
#5461 = ORIENTED_EDGE ( 'NONE', *, *, #9794, .T. ) ;
#5462 = DIRECTION ( 'NONE',  ( 0.0000000000000000000, -0.0000000000000000000, 1.000000000000000000 ) ) ;
#5463 = FACE_OUTER_BOUND ( 'NONE', #10062, .T. ) ;
#5464 = ORIENTED_EDGE ( 'NONE', *, *, #7904, .F. ) ;
#5465 = FACE_OUTER_BOUND ( 'NONE', #2829, .T. ) ;
#5466 = LINE ( 'NONE', #8174, #9535 ) ;
#5467 = PLANE ( 'NONE',  #5847 ) ;
#5468 = EDGE_CURVE ( 'NONE', #8308, #2816, #3248, .T. ) ;
#5469 = AXIS2_PLACEMENT_3D ( 'NONE', #9857, #2856, #8882 ) ;
#5470 = VERTEX_POINT ( 'NONE', #9479 ) ;
#5471 = ORIENTED_EDGE ( 'NONE', *, *, #2618, .T. ) ;
#5472 = VECTOR ( 'NONE', #2946, 39.37007874015748100 ) ;
#5473 = FILL_AREA_STYLE_COLOUR ( '', #3101 ) ;
#5474 = ORIENTED_EDGE ( 'NONE', *, *, #2231, .T. ) ;
#5475 = VECTOR ( 'NONE', #975, 39.37007874015748100 ) ;
#5476 = DIRECTION ( 'NONE',  ( -1.000000000000000000, -0.0000000000000000000, 0.0000000000000000000 ) ) ;
#5477 = ORIENTED_EDGE ( 'NONE', *, *, #5546, .F. ) ;
#5478 = ORIENTED_EDGE ( 'NONE', *, *, #7916, .T. ) ;
#5479 = EDGE_CURVE ( 'NONE', #1451, #10206, #1918, .T. ) ;
#5480 = CIRCLE ( 'NONE', #3184, 0.002101383127306358700 ) ;
#5481 = ORIENTED_EDGE ( 'NONE', *, *, #3441, .F. ) ;
#5482 = DIRECTION ( 'NONE',  ( 1.000000000000000000, 0.0000000000000000000, 0.0000000000000000000 ) ) ;
#5483 = CARTESIAN_POINT ( 'NONE',  ( -0.06499999999999996100, 0.09249999999999998500, -0.2399999999999999100 ) ) ;
#5484 = DIRECTION ( 'NONE',  ( 0.0000000000000000000, 0.0000000000000000000, -1.000000000000000000 ) ) ;
#5485 = EDGE_CURVE ( 'NONE', #4782, #3209, #3392, .T. ) ;
#5486 = VECTOR ( 'NONE', #7761, 39.37007874015748100 ) ;
#5487 = DIRECTION ( 'NONE',  ( 0.0000000000000000000, -0.0000000000000000000, -1.000000000000000000 ) ) ;
#5488 = PLANE ( 'NONE',  #4614 ) ;
#5489 = ADVANCED_FACE ( 'NONE', ( #844 ), #1262, .T. ) ;
#5490 = CARTESIAN_POINT ( 'NONE',  ( 0.1650000000000000900, 0.1024999999999999800, 0.2399999999999999100 ) ) ;
#5491 = ORIENTED_EDGE ( 'NONE', *, *, #11121, .T. ) ;
#5492 = ORIENTED_EDGE ( 'NONE', *, *, #5191, .F. ) ;
#5493 = VECTOR ( 'NONE', #6566, 39.37007874015748900 ) ;
#5494 = DIRECTION ( 'NONE',  ( -1.000000000000000000, -0.0000000000000000000, -0.0000000000000000000 ) ) ;
#5495 = LINE ( 'NONE', #7431, #954 ) ;
#5496 = DIRECTION ( 'NONE',  ( -0.0000000000000000000, -7.193223902257864100E-015, -1.000000000000000000 ) ) ;
#5497 = CARTESIAN_POINT ( 'NONE',  ( -0.1149999999999999600, 0.09039861687269366800, 0.2536897542844667700 ) ) ;
#5498 = AXIS2_PLACEMENT_3D ( 'NONE', #2133, #5494, #9056 ) ;
#5499 = DIRECTION ( 'NONE',  ( -1.000000000000000000, -0.0000000000000000000, 0.0000000000000000000 ) ) ;
#5500 = EDGE_CURVE ( 'NONE', #4701, #7262, #5398, .T. ) ;
#5501 = ORIENTED_EDGE ( 'NONE', *, *, #3320, .F. ) ;
#5502 = CARTESIAN_POINT ( 'NONE',  ( 0.2350000000000000400, 0.01210138312730608600, 0.2819175359259424300 ) ) ;
#5503 = VERTEX_POINT ( 'NONE', #2798 ) ;
#5504 = ORIENTED_EDGE ( 'NONE', *, *, #3752, .T. ) ;
#5505 = LINE ( 'NONE', #2309, #4164 ) ;
#5506 = CIRCLE ( 'NONE', #846, 0.01210138312730635500 ) ;
#5507 = CIRCLE ( 'NONE', #8125, 0.002101383127306358700 ) ;
#5508 = VERTEX_POINT ( 'NONE', #5376 ) ;
#5509 = DIRECTION ( 'NONE',  ( -0.0000000000000000000, -7.193223902257864100E-015, -1.000000000000000000 ) ) ;
#5510 = VERTEX_POINT ( 'NONE', #10455 ) ;
#5511 = ORIENTED_EDGE ( 'NONE', *, *, #10770, .T. ) ;
#5512 = ORIENTED_EDGE ( 'NONE', *, *, #4521, .F. ) ;
#5513 = VERTEX_POINT ( 'NONE', #3670 ) ;
#5514 = AXIS2_PLACEMENT_3D ( 'NONE', #1304, #4660, #7296 ) ;
#5515 = CARTESIAN_POINT ( 'NONE',  ( -0.1149999999999999600, 0.01173648177666930900, 0.2798480775301220900 ) ) ;
#5516 = EDGE_CURVE ( 'NONE', #10766, #7866, #10790, .T. ) ;
#5517 = FACE_OUTER_BOUND ( 'NONE', #2803, .T. ) ;
#5518 = AXIS2_PLACEMENT_3D ( 'NONE', #8947, #6308, #5537 ) ;
#5519 = LINE ( 'NONE', #7505, #9852 ) ;
#5520 = EDGE_LOOP ( 'NONE', ( #10871, #3820, #9674, #3514 ) ) ;
#5521 = CARTESIAN_POINT ( 'NONE',  ( -0.06499999999999996100, 0.1024999999999999800, 0.2399999999999999100 ) ) ;
#5522 = LINE ( 'NONE', #1437, #11062 ) ;
#5523 =( NAMED_UNIT ( * ) SI_UNIT ( $, .STERADIAN. ) SOLID_ANGLE_UNIT ( ) );
#5524 = VECTOR ( 'NONE', #9381, 39.37007874015748900 ) ;
#5525 = DIRECTION ( 'NONE',  ( -0.0000000000000000000, -0.0000000000000000000, 1.000000000000000000 ) ) ;
#5526 = PLANE ( 'NONE',  #6113 ) ;
#5527 = VERTEX_POINT ( 'NONE', #9696 ) ;
#5528 = DIRECTION ( 'NONE',  ( 0.0000000000000000000, 0.0000000000000000000, -1.000000000000000000 ) ) ;
#5529 = CARTESIAN_POINT ( 'NONE',  ( 0.1150000000000000700, 0.09249999999999974900, -0.2656072902104091300 ) ) ;
#5530 = CYLINDRICAL_SURFACE ( 'NONE', #7618, 0.01210138312730635500 ) ;
#5531 = EDGE_LOOP ( 'NONE', ( #2501, #3409, #759, #5474 ) ) ;
#5532 = FACE_OUTER_BOUND ( 'NONE', #8735, .T. ) ;
#5533 = DIRECTION ( 'NONE',  ( 1.000000000000000000, 0.0000000000000000000, 0.0000000000000000000 ) ) ;
#5534 = EDGE_CURVE ( 'NONE', #11075, #4782, #1112, .T. ) ;
#5535 = MECHANICAL_DESIGN_GEOMETRIC_PRESENTATION_REPRESENTATION (  '', ( #8813 ), #181 ) ;
#5536 = CARTESIAN_POINT ( 'NONE',  ( -0.2349999999999999900, 0.01210138312730608600, -0.2819175359259424300 ) ) ;
#5537 = DIRECTION ( 'NONE',  ( 1.000000000000000000, 0.0000000000000000000, 0.0000000000000000000 ) ) ;
#5538 = VECTOR ( 'NONE', #2834, 39.37007874015748100 ) ;
#5539 = DIRECTION ( 'NONE',  ( 0.03489949670250104600, 0.9993908270190957600, 0.0000000000000000000 ) ) ;
#5540 = ORIENTED_EDGE ( 'NONE', *, *, #5898, .F. ) ;
#5541 = LINE ( 'NONE', #5911, #77 ) ;
#5542 = CIRCLE ( 'NONE', #2749, 0.01210138312730635500 ) ;
#5543 = ADVANCED_FACE ( 'NONE', ( #4196 ), #5264, .F. ) ;
#5544 = DIRECTION ( 'NONE',  ( -0.0000000000000000000, -1.000000000000000000, -0.0000000000000000000 ) ) ;
#5545 = VERTEX_POINT ( 'NONE', #4487 ) ;
#5546 = EDGE_CURVE ( 'NONE', #8483, #4934, #5799, .T. ) ;
#5547 = AXIS2_PLACEMENT_3D ( 'NONE', #2427, #4038, #2463 ) ;
#5548 = EDGE_LOOP ( 'NONE', ( #5630, #1460, #2418, #4378 ) ) ;
#5549 = VECTOR ( 'NONE', #1278, 39.37007874015748100 ) ;
#5550 = EDGE_CURVE ( 'NONE', #4992, #3495, #10548, .T. ) ;
#5551 = CARTESIAN_POINT ( 'NONE',  ( -0.06499999999999996100, 0.1024999999999999800, -0.2536897542844667700 ) ) ;
#5552 = LINE ( 'NONE', #7454, #9494 ) ;
#5553 = ADVANCED_FACE ( 'NONE', ( #5532 ), #1644, .F. ) ;
#5554 = CARTESIAN_POINT ( 'NONE',  ( 0.1650000000000000900, 0.09249999999999998500, -0.2399999999999999100 ) ) ;
#5555 = EDGE_LOOP ( 'NONE', ( #10781, #3826, #7424, #10950 ) ) ;
#5556 = ORIENTED_EDGE ( 'NONE', *, *, #4382, .T. ) ;
#5557 = CARTESIAN_POINT ( 'NONE',  ( 0.2850000000000000900, 0.1024999999999999800, -0.2399999999999999100 ) ) ;
#5558 = LINE ( 'NONE', #6453, #6253 ) ;
#5559 = CARTESIAN_POINT ( 'NONE',  ( 0.1850000000000000800, 0.009999999999999993300, 0.3150000000000000000 ) ) ;
#5560 = CYLINDRICAL_SURFACE ( 'NONE', #2537, 0.01210138312730635500 ) ;
#5561 = AXIS2_PLACEMENT_3D ( 'NONE', #7617, #3328, #11119 ) ;
#5562 = EDGE_CURVE ( 'NONE', #10743, #2212, #8234, .T. ) ;
#5563 = ORIENTED_EDGE ( 'NONE', *, *, #7221, .T. ) ;
#5564 = CARTESIAN_POINT ( 'NONE',  ( 0.03500000000000003800, 0.09249999999999998500, -0.2399999999999999100 ) ) ;
#5565 = PLANE ( 'NONE',  #3437 ) ;
#5566 = ORIENTED_EDGE ( 'NONE', *, *, #795, .F. ) ;
#5567 = CYLINDRICAL_SURFACE ( 'NONE', #9720, 0.01210138312730632000 ) ;
#5568 = DIRECTION ( 'NONE',  ( -0.0000000000000000000, 0.9848077530122080200, 0.1736481776669304100 ) ) ;
#5569 = FACE_OUTER_BOUND ( 'NONE', #1534, .T. ) ;
#5570 = CARTESIAN_POINT ( 'NONE',  ( -0.2650000000000000100, 0.1024999999999999800, 0.2399999999999999100 ) ) ;
#5571 = VECTOR ( 'NONE', #10323, 39.37007874015748100 ) ;
#5572 = CARTESIAN_POINT ( 'NONE',  ( -0.2650000000000000100, 0.01210138312730608600, 0.2819175359259424300 ) ) ;
#5573 = SURFACE_STYLE_USAGE ( .BOTH. , #9026 ) ;
#5574 = VERTEX_POINT ( 'NONE', #7943 ) ;
#5575 = AXIS2_PLACEMENT_3D ( 'NONE', #8993, #6384, #6486 ) ;
#5576 = ORIENTED_EDGE ( 'NONE', *, *, #953, .T. ) ;
#5577 = VECTOR ( 'NONE', #10701, 39.37007874015748100 ) ;
#5578 = EDGE_CURVE ( 'NONE', #1461, #6244, #9730, .T. ) ;
#5579 = VECTOR ( 'NONE', #10071, 39.37007874015748100 ) ;
#5580 = DIRECTION ( 'NONE',  ( 0.0000000000000000000, 0.0000000000000000000, -1.000000000000000000 ) ) ;
#5581 = DIRECTION ( 'NONE',  ( 0.0000000000000000000, 0.0000000000000000000, -1.000000000000000000 ) ) ;
#5582 = CYLINDRICAL_SURFACE ( 'NONE', #7485, 0.01210138312730632000 ) ;
#5583 = CARTESIAN_POINT ( 'NONE',  ( -0.1849999999999999700, 0.01210138312730608600, 0.2819175359259424300 ) ) ;
#5584 = CARTESIAN_POINT ( 'NONE',  ( -0.2650000000000000100, 0.09076351822333045300, -0.2557592126802871200 ) ) ;
#5585 = EDGE_LOOP ( 'NONE', ( #10031, #7659, #2971, #10369 ) ) ;
#5586 = LINE ( 'NONE', #4711, #2655 ) ;
#5587 = ORIENTED_EDGE ( 'NONE', *, *, #3393, .T. ) ;
#5588 = ORIENTED_EDGE ( 'NONE', *, *, #2176, .T. ) ;
#5589 = LINE ( 'NONE', #6783, #384 ) ;
#5590 = ORIENTED_EDGE ( 'NONE', *, *, #5778, .T. ) ;
#5591 = LINE ( 'NONE', #8305, #4121 ) ;
#5592 = DIRECTION ( 'NONE',  ( 1.000000000000000000, 0.0000000000000000000, 0.0000000000000000000 ) ) ;
#5593 = AXIS2_PLACEMENT_3D ( 'NONE', #632, #10047, #1500 ) ;
#5594 = PLANE ( 'NONE',  #1782 ) ;
#5595 = CARTESIAN_POINT ( 'NONE',  ( -0.1849999999999999700, 0.1024999999999999800, -0.2399999999999999100 ) ) ;
#5596 = EDGE_CURVE ( 'NONE', #7874, #8703, #2724, .T. ) ;
#5597 = ADVANCED_FACE ( 'NONE', ( #990 ), #708, .T. ) ;
#5598 = PLANE ( 'NONE',  #7738 ) ;
#5599 = PRESENTATION_LAYER_ASSIGNMENT (  '', '', ( #448 ) ) ;
#5600 = ORIENTED_EDGE ( 'NONE', *, *, #1233, .F. ) ;
#5601 = VERTEX_POINT ( 'NONE', #10492 ) ;
#5602 = LINE ( 'NONE', #5303, #1587 ) ;
#5603 = VERTEX_POINT ( 'NONE', #7118 ) ;
#5604 = LINE ( 'NONE', #4211, #6966 ) ;
#5605 = DIRECTION ( 'NONE',  ( 0.0000000000000000000, -0.9848077530122080200, -0.1736481776669304400 ) ) ;
#5606 = DIRECTION ( 'NONE',  ( -1.000000000000000000, -0.0000000000000000000, -0.0000000000000000000 ) ) ;
#5607 = CARTESIAN_POINT ( 'NONE',  ( -0.08499999999999995100, 0.009999999999999759100, -0.2819175359259424300 ) ) ;
#5608 = ORIENTED_EDGE ( 'NONE', *, *, #1346, .T. ) ;
#5609 = CARTESIAN_POINT ( 'NONE',  ( -0.1649999999999999800, 0.09249999999999977700, 0.2656072902104091900 ) ) ;
#5610 = CLOSED_SHELL ( 'NONE', ( #7028, #9860, #11100, #9066, #3173, #4756, #11030, #10718, #6911, #7078, #4198, #9024, #1341, #10029 ) ) ;
#5611 = ORIENTED_EDGE ( 'NONE', *, *, #2505, .F. ) ;
#5612 = ADVANCED_FACE ( 'NONE', ( #5262 ), #3589, .F. ) ;
#5614 = LINE ( 'NONE', #3928, #8602 ) ;
#5613 = CARTESIAN_POINT ( 'NONE',  ( -0.08499999999999995100, 0.09039861687269366800, -0.2536897542844667700 ) ) ;
#5615 = EDGE_CURVE ( 'NONE', #141, #5899, #9608, .T. ) ;
#5616 = FACE_OUTER_BOUND ( 'NONE', #8553, .T. ) ;
#5617 = AXIS2_PLACEMENT_3D ( 'NONE', #3569, #1953, #2820 ) ;
#5618 = DIRECTION ( 'NONE',  ( -1.000000000000000000, -0.0000000000000000000, 0.0000000000000000000 ) ) ;
#5619 = CARTESIAN_POINT ( 'NONE',  ( -0.01499999999999994200, 0.09249999999999998500, 0.2399999999999999100 ) ) ;
#5620 = ORIENTED_EDGE ( 'NONE', *, *, #1266, .T. ) ;
#5621 = ORIENTED_EDGE ( 'NONE', *, *, #5035, .T. ) ;
#5622 = DIRECTION ( 'NONE',  ( 0.0000000000000000000, -0.9848077530122082400, 0.1736481776669296100 ) ) ;
#5623 = COLOUR_RGB ( '',0.7921568627450980000, 0.8196078431372548800, 0.9333333333333333500 ) ;
#5624 = ORIENTED_EDGE ( 'NONE', *, *, #2587, .T. ) ;
#5625 = CARTESIAN_POINT ( 'NONE',  ( -0.1149999999999999600, -3.201384367575308500E-018, 0.3150000000000000600 ) ) ;
#5626 =( NAMED_UNIT ( * ) SI_UNIT ( $, .STERADIAN. ) SOLID_ANGLE_UNIT ( ) );
#5627 = EDGE_CURVE ( 'NONE', #1731, #6021, #5658, .T. ) ;
#5628 = ORIENTED_EDGE ( 'NONE', *, *, #6606, .T. ) ;
#5629 = AXIS2_PLACEMENT_3D ( 'NONE', #3812, #8830, #7946 ) ;
#5630 = ORIENTED_EDGE ( 'NONE', *, *, #5516, .T. ) ;
#5631 = ORIENTED_EDGE ( 'NONE', *, *, #3040, .F. ) ;
#5632 = EDGE_CURVE ( 'NONE', #7884, #6849, #9866, .T. ) ;
#5633 = DIRECTION ( 'NONE',  ( 0.0000000000000000000, -0.9848077530122082400, -0.1736481776669296100 ) ) ;
#5634 = DIRECTION ( 'NONE',  ( 0.0000000000000000000, -0.1736481776669296100, -0.9848077530122082400 ) ) ;
#5635 = LINE ( 'NONE', #11093, #7674 ) ;
#5636 = VERTEX_POINT ( 'NONE', #6214 ) ;
#5637 = ORIENTED_EDGE ( 'NONE', *, *, #4417, .F. ) ;
#5638 = VERTEX_POINT ( 'NONE', #4560 ) ;
#5639 = ORIENTED_EDGE ( 'NONE', *, *, #6143, .T. ) ;
#5640 = EDGE_LOOP ( 'NONE', ( #2168, #3719, #644, #5746 ) ) ;
#5641 = STYLED_ITEM ( 'NONE', ( #8355 ), #1136 ) ;
#5642 = CARTESIAN_POINT ( 'NONE',  ( 0.1650000000000000900, 0.1024999999999999800, 0.2399999999999999100 ) ) ;
#5643 = ORIENTED_EDGE ( 'NONE', *, *, #7467, .F. ) ;
#5644 = AXIS2_PLACEMENT_3D ( 'NONE', #10024, #9953, #1474 ) ;
#5645 = CARTESIAN_POINT ( 'NONE',  ( -0.1849999999999999700, 0.09076351822333045300, -0.2557592126802871200 ) ) ;
#5646 = VERTEX_POINT ( 'NONE', #7845 ) ;
#5647 = EDGE_CURVE ( 'NONE', #3325, #153, #9999, .T. ) ;
#5648 = CARTESIAN_POINT ( 'NONE',  ( -0.08499999999999995100, 0.09039861687269366800, 0.2536897542844667700 ) ) ;
#5649 = CARTESIAN_POINT ( 'NONE',  ( 0.1350000000000000600, 0.09039861687269366800, 0.2536897542844667700 ) ) ;
#5650 = ORIENTED_EDGE ( 'NONE', *, *, #1212, .F. ) ;
#5651 = ORIENTED_EDGE ( 'NONE', *, *, #9556, .F. ) ;
#5652 = ORIENTED_EDGE ( 'NONE', *, *, #10414, .T. ) ;
#5653 = ADVANCED_FACE ( 'NONE', ( #7564 ), #7963, .F. ) ;
#5654 = CARTESIAN_POINT ( 'NONE',  ( 0.08500000000000004800, -2.411709556906732200E-016, -0.2819175359259424900 ) ) ;
#5655 = CARTESIAN_POINT ( 'NONE',  ( 0.2350000000000000400, 0.01210138312730608600, -0.2819175359259424300 ) ) ;
#5656 = CARTESIAN_POINT ( 'NONE',  ( 0.2350000000000000400, 0.09039861687269366800, 0.2536897542844667700 ) ) ;
#5657 = VECTOR ( 'NONE', #4687, 39.37007874015748100 ) ;
#5658 = LINE ( 'NONE', #6178, #6209 ) ;
#5659 = CIRCLE ( 'NONE', #8185, 0.002101383127306324400 ) ;
#5660 = DIRECTION ( 'NONE',  ( 0.0000000000000000000, 0.0000000000000000000, 1.000000000000000000 ) ) ;
#5661 = AXIS2_PLACEMENT_3D ( 'NONE', #195, #5261, #4374 ) ;
#5662 = CARTESIAN_POINT ( 'NONE',  ( 0.08500000000000004800, 0.09039861687269366800, -0.2536897542844667700 ) ) ;
#5663 = VERTEX_POINT ( 'NONE', #2016 ) ;
#5664 = EDGE_CURVE ( 'NONE', #8144, #10753, #10275, .T. ) ;
#5665 = AXIS2_PLACEMENT_3D ( 'NONE', #1471, #7401, #9112 ) ;
#5666 = LINE ( 'NONE', #4911, #7702 ) ;
#5667 = ADVANCED_FACE ( 'NONE', ( #7410 ), #5415, .F. ) ;
#5668 = FACE_OUTER_BOUND ( 'NONE', #8417, .T. ) ;
#5669 = DIRECTION ( 'NONE',  ( -1.000000000000000000, -0.0000000000000000000, -0.0000000000000000000 ) ) ;
#5670 = DIRECTION ( 'NONE',  ( -1.000000000000000000, 0.0000000000000000000, -0.0000000000000000000 ) ) ;
#5671 = FACE_OUTER_BOUND ( 'NONE', #3832, .T. ) ;
#5672 = CARTESIAN_POINT ( 'NONE',  ( -0.3449999999999998600, 0.09249999999999998500, -0.2399999999999996300 ) ) ;
#5673 = EDGE_CURVE ( 'NONE', #2491, #4850, #4728, .T. ) ;
#5674 = VERTEX_POINT ( 'NONE', #8900 ) ;
#5675 = DIRECTION ( 'NONE',  ( 0.0000000000000000000, 0.0000000000000000000, 1.000000000000000000 ) ) ;
#5676 = LINE ( 'NONE', #10742, #7040 ) ;
#5677 = EDGE_CURVE ( 'NONE', #10620, #6054, #2990, .T. ) ;
#5678 = AXIS2_PLACEMENT_3D ( 'NONE', #6473, #9956, #513 ) ;
#5679 = CARTESIAN_POINT ( 'NONE',  ( -0.2150000000000000000, 0.01173648177666930000, -0.2798480775301220900 ) ) ;
#5680 = CARTESIAN_POINT ( 'NONE',  ( -0.1649999999999999800, 0.01210138312730608600, -0.2819175359259424300 ) ) ;
#5681 = VECTOR ( 'NONE', #10715, 39.37007874015748900 ) ;
#5682 = FILL_AREA_STYLE_COLOUR ( '', #6176 ) ;
#5683 =( CONVERSION_BASED_UNIT ( 'INCH', #10297 ) LENGTH_UNIT ( ) NAMED_UNIT ( #1832 ) );
#5684 = CARTESIAN_POINT ( 'NONE',  ( 0.08500000000000004800, -3.201384367575308500E-018, 0.3150000000000000600 ) ) ;
#5685 = PLANE ( 'NONE',  #10985 ) ;
#5686 = ORIENTED_EDGE ( 'NONE', *, *, #1542, .T. ) ;
#5687 = ORIENTED_EDGE ( 'NONE', *, *, #4119, .T. ) ;
#5688 = LINE ( 'NONE', #7734, #8817 ) ;
#5689 = LINE ( 'NONE', #9431, #4226 ) ;
#5690 = CARTESIAN_POINT ( 'NONE',  ( 0.1350000000000000600, -3.201384367575308500E-018, 0.3150000000000000600 ) ) ;
#5691 = PLANE ( 'NONE',  #7901 ) ;
#5692 = EDGE_CURVE ( 'NONE', #2543, #8008, #2454, .T. ) ;
#5693 = DIRECTION ( 'NONE',  ( 1.000000000000000000, 0.0000000000000000000, -0.0000000000000000000 ) ) ;
#5694 = MECHANICAL_DESIGN_GEOMETRIC_PRESENTATION_REPRESENTATION (  '', ( #4912 ), #6642 ) ;
#5695 = ORIENTED_EDGE ( 'NONE', *, *, #238, .T. ) ;
#5696 = EDGE_CURVE ( 'NONE', #10268, #9727, #5128, .T. ) ;
#5697 = CARTESIAN_POINT ( 'NONE',  ( 0.03500000000000003800, 0.1024999999999999800, -0.2536897542844667700 ) ) ;
#5698 = ORIENTED_EDGE ( 'NONE', *, *, #10626, .T. ) ;
#5699 = FACE_OUTER_BOUND ( 'NONE', #8908, .T. ) ;
#5700 = CIRCLE ( 'NONE', #2607, 0.01210138312730632000 ) ;
#5701 = DIRECTION ( 'NONE',  ( -0.0000000000000000000, -0.0000000000000000000, 1.000000000000000000 ) ) ;
#5702 = CARTESIAN_POINT ( 'NONE',  ( 0.01500000000000004500, 0.01000000000000000000, 0.2699999999999999600 ) ) ;
#5703 = CARTESIAN_POINT ( 'NONE',  ( -0.3449999999999998600, 0.1024999999999999800, -0.2399999999999996300 ) ) ;
#5704 = DIRECTION ( 'NONE',  ( -1.000000000000000000, -0.0000000000000000000, -0.0000000000000000000 ) ) ;
#5705 = ORIENTED_EDGE ( 'NONE', *, *, #2606, .F. ) ;
#5706 = ADVANCED_FACE ( 'NONE', ( #9328 ), #6334, .F. ) ;
#5707 = CARTESIAN_POINT ( 'NONE',  ( 0.1150000000000000700, 0.1024999999999999800, 0.2399999999999999100 ) ) ;
#5708 = VERTEX_POINT ( 'NONE', #9047 ) ;
#5709 = SURFACE_STYLE_FILL_AREA ( #650 ) ;
#5710 = FACE_OUTER_BOUND ( 'NONE', #4520, .T. ) ;
#5711 = AXIS2_PLACEMENT_3D ( 'NONE', #4925, #2371, #4179 ) ;
#5712 = EDGE_CURVE ( 'NONE', #8747, #10709, #2853, .T. ) ;
#5713 = CARTESIAN_POINT ( 'NONE',  ( -0.1649999999999999800, -2.411709556906732200E-016, -0.2819175359259424900 ) ) ;
#5714 = EDGE_LOOP ( 'NONE', ( #9033, #10431, #961, #6231 ) ) ;
#5715 =( NAMED_UNIT ( * ) PLANE_ANGLE_UNIT ( ) SI_UNIT ( $, .RADIAN. ) );
#5716 = VECTOR ( 'NONE', #1944, 39.37007874015748100 ) ;
#5717 = ORIENTED_EDGE ( 'NONE', *, *, #9225, .T. ) ;
#5718 = VECTOR ( 'NONE', #6212, 39.37007874015748100 ) ;
#5719 = LINE ( 'NONE', #3621, #3726 ) ;
#5720 = ADVANCED_FACE ( 'NONE', ( #9055 ), #5488, .T. ) ;
#5721 = DIRECTION ( 'NONE',  ( -1.000000000000000000, -0.0000000000000000000, -0.0000000000000000000 ) ) ;
#5722 = CARTESIAN_POINT ( 'NONE',  ( 0.1850000000000000800, 0.09249999999999977700, 0.2656072902104091900 ) ) ;
#5723 = AXIS2_PLACEMENT_3D ( 'NONE', #3331, #3236, #5580 ) ;
#5724 = ORIENTED_EDGE ( 'NONE', *, *, #1030, .T. ) ;
#5725 = ORIENTED_EDGE ( 'NONE', *, *, #2296, .T. ) ;
#5726 = EDGE_CURVE ( 'NONE', #2966, #4360, #188, .T. ) ;
#5727 = LINE ( 'NONE', #8131, #1442 ) ;
#5728 = CARTESIAN_POINT ( 'NONE',  ( 0.1150000000000000700, 0.09039861687269366800, -0.2536897542844667700 ) ) ;
#5729 = CARTESIAN_POINT ( 'NONE',  ( 0.08500000000000004800, 0.01000000000000000400, -0.2700000000000000200 ) ) ;
#5730 = ORIENTED_EDGE ( 'NONE', *, *, #4331, .T. ) ;
#5731 = VECTOR ( 'NONE', #2169, 39.37007874015748100 ) ;
#5732 = LINE ( 'NONE', #10834, #1187 ) ;
#5733 = CARTESIAN_POINT ( 'NONE',  ( 0.2150000000000000500, 0.009999999999999753900, -0.2819175359259424300 ) ) ;
#5734 = DIRECTION ( 'NONE',  ( -1.000000000000000000, -0.0000000000000000000, -0.0000000000000000000 ) ) ;
#5735 = DIRECTION ( 'NONE',  ( 1.000000000000000000, 0.0000000000000000000, 0.0000000000000000000 ) ) ;
#5736 = EDGE_LOOP ( 'NONE', ( #11105, #1452, #1987, #3921 ) ) ;
#5737 = ORIENTED_EDGE ( 'NONE', *, *, #9609, .F. ) ;
#5738 = DIRECTION ( 'NONE',  ( -0.0000000000000000000, 1.000000000000000000, -0.0000000000000000000 ) ) ;
#5739 = EDGE_LOOP ( 'NONE', ( #8457, #7341 ) ) ;
#5740 = LINE ( 'NONE', #2686, #10220 ) ;
#5741 = CARTESIAN_POINT ( 'NONE',  ( 0.1650000000000000900, 0.01173648177666930000, -0.2798480775301220900 ) ) ;
#5742 =( NAMED_UNIT ( * ) PLANE_ANGLE_UNIT ( ) SI_UNIT ( $, .RADIAN. ) );
#5743 = EDGE_CURVE ( 'NONE', #5412, #4172, #4460, .T. ) ;
#5744 = CARTESIAN_POINT ( 'NONE',  ( -0.2650000000000000100, 0.09249999999999974900, -0.2656072902104091300 ) ) ;
#5745 = MECHANICAL_DESIGN_GEOMETRIC_PRESENTATION_REPRESENTATION (  '', ( #448 ), #2735 ) ;
#5746 = ORIENTED_EDGE ( 'NONE', *, *, #2314, .T. ) ;
#5747 = VERTEX_POINT ( 'NONE', #2123 ) ;
#5748 = FACE_OUTER_BOUND ( 'NONE', #10885, .T. ) ;
#5749 = CIRCLE ( 'NONE', #4006, 0.01210138312730635500 ) ;
#5750 = CARTESIAN_POINT ( 'NONE',  ( 0.08500000000000004800, 0.09249999999999998500, 0.2399999999999999100 ) ) ;
#5751 = DIRECTION ( 'NONE',  ( 0.0000000000000000000, 0.0000000000000000000, -1.000000000000000000 ) ) ;
#5752 = CARTESIAN_POINT ( 'NONE',  ( -0.1149999999999999600, 0.009999999999999956800, -0.3150000000000000000 ) ) ;
#5753 = CARTESIAN_POINT ( 'NONE',  ( -0.06499999999999996100, 0.09249999999999998500, 0.2399999999999999100 ) ) ;
#5754 = CARTESIAN_POINT ( 'NONE',  ( -0.1349999999999999500, 0.09249999999999998500, -0.2399999999999999100 ) ) ;
#5755 = ORIENTED_EDGE ( 'NONE', *, *, #8611, .T. ) ;
#5756 = ORIENTED_EDGE ( 'NONE', *, *, #2049, .F. ) ;
#5757 = EDGE_CURVE ( 'NONE', #4453, #3059, #8089, .T. ) ;
#5758 = VECTOR ( 'NONE', #4800, 39.37007874015748100 ) ;
#5759 = AXIS2_PLACEMENT_3D ( 'NONE', #9060, #7279, #556 ) ;
#5760 = EDGE_CURVE ( 'NONE', #7323, #948, #2717, .T. ) ;
#5761 = LINE ( 'NONE', #6882, #10899 ) ;
#5762 = ADVANCED_FACE ( 'NONE', ( #10926 ), #9081, .F. ) ;
#5763 = DIRECTION ( 'NONE',  ( 1.000000000000000000, 0.0000000000000000000, 0.0000000000000000000 ) ) ;
#5764 = DIRECTION ( 'NONE',  ( -1.000000000000000000, 0.0000000000000000000, -0.0000000000000000000 ) ) ;
#5765 = CARTESIAN_POINT ( 'NONE',  ( 0.2350000000000000400, -3.201384367575308500E-018, -0.3150000000000000600 ) ) ;
#5766 = ORIENTED_EDGE ( 'NONE', *, *, #6080, .F. ) ;
#5767 = ORIENTED_EDGE ( 'NONE', *, *, #8887, .T. ) ;
#5768 = ORIENTED_EDGE ( 'NONE', *, *, #8557, .F. ) ;
#5769 = DIRECTION ( 'NONE',  ( -1.000000000000000000, -0.0000000000000000000, -0.0000000000000000000 ) ) ;
#5770 = EDGE_LOOP ( 'NONE', ( #2479, #2750, #1243, #8758 ) ) ;
#5771 = DIRECTION ( 'NONE',  ( 0.0000000000000000000, -1.000000000000000000, 7.225480511685028100E-015 ) ) ;
#5772 = VECTOR ( 'NONE', #681, 39.37007874015748100 ) ;
#5773 = VECTOR ( 'NONE', #6447, 39.37007874015748100 ) ;
#5774 = ADVANCED_FACE ( 'NONE', ( #8656 ), #3986, .F. ) ;
#5775 = ORIENTED_EDGE ( 'NONE', *, *, #8998, .F. ) ;
#5776 = CARTESIAN_POINT ( 'NONE',  ( -0.2849999999999999800, -2.603792618961250900E-016, 0.2819175359259424900 ) ) ;
#5777 = CARTESIAN_POINT ( 'NONE',  ( 0.2650000000000000700, 0.09039861687269366800, 0.2536897542844667700 ) ) ;
#5778 = EDGE_CURVE ( 'NONE', #9727, #8909, #6350, .T. ) ;
#5779 = EDGE_LOOP ( 'NONE', ( #2862, #7536, #1099, #5430, #10337, #7475, #8443, #692, #9399, #561, #5154, #189 ) ) ;
#5780 = ORIENTED_EDGE ( 'NONE', *, *, #1763, .F. ) ;
#5781 = DIRECTION ( 'NONE',  ( 0.0000000000000000000, -0.9848077530122082400, 0.1736481776669296100 ) ) ;
#5782 = CARTESIAN_POINT ( 'NONE',  ( 0.2350000000000000400, 0.009999999999999759100, -0.2819175359259424300 ) ) ;
#5783 = ORIENTED_EDGE ( 'NONE', *, *, #10751, .F. ) ;
#5784 = LINE ( 'NONE', #10695, #2698 ) ;
#5785 =( CONVERSION_BASED_UNIT ( 'INCH', #3966 ) LENGTH_UNIT ( ) NAMED_UNIT ( #3638 ) );
#5786 = VECTOR ( 'NONE', #10942, 39.37007874015748100 ) ;
#5787 = LINE ( 'NONE', #7482, #3520 ) ;
#5788 = VECTOR ( 'NONE', #8434, 39.37007874015748100 ) ;
#5789 = EDGE_LOOP ( 'NONE', ( #5511, #572, #510, #7930 ) ) ;
#5790 = DIRECTION ( 'NONE',  ( 0.0000000000000000000, 0.0000000000000000000, 1.000000000000000000 ) ) ;
#5791 = MANIFOLD_SOLID_BREP ( 'Pin 9', #11050 ) ;
#5792 = AXIS2_PLACEMENT_3D ( 'NONE', #3137, #7549, #7473 ) ;
#5793 = ORIENTED_EDGE ( 'NONE', *, *, #10175, .T. ) ;
#5794 = DIRECTION ( 'NONE',  ( 0.0000000000000000000, -0.9848077530122080200, -0.1736481776669304400 ) ) ;
#5795 =( CONVERSION_BASED_UNIT ( 'INCH', #1925 ) LENGTH_UNIT ( ) NAMED_UNIT ( #9517 ) );
#5796 = EDGE_CURVE ( 'NONE', #9185, #9689, #5522, .T. ) ;
#5797 = DIRECTION ( 'NONE',  ( 0.0000000000000000000, 0.0000000000000000000, 1.000000000000000000 ) ) ;
#5798 = LINE ( 'NONE', #403, #3398 ) ;
#5799 = LINE ( 'NONE', #9590, #8517 ) ;
#5800 = DIRECTION ( 'NONE',  ( -0.0000000000000000000, -0.0000000000000000000, 1.000000000000000000 ) ) ;
#5801 = CARTESIAN_POINT ( 'NONE',  ( 0.06500000000000005800, 0.01173648177666930000, -0.2798480775301220900 ) ) ;
#5802 = CARTESIAN_POINT ( 'NONE',  ( -0.1849999999999999700, 0.01000000000000000400, -0.2700000000000000200 ) ) ;
#5803 = PRESENTATION_STYLE_ASSIGNMENT (( #8965 ) ) ;
#5804 = CARTESIAN_POINT ( 'NONE',  ( 0.1350000000000000600, 0.1024999999999999800, -0.2399999999999999100 ) ) ;
#5805 = DIRECTION ( 'NONE',  ( -0.0000000000000000000, 0.9848077530122082400, -0.1736481776669296100 ) ) ;
#5806 = FILL_AREA_STYLE_COLOUR ( '', #1698 ) ;
#5807 = ORIENTED_EDGE ( 'NONE', *, *, #6639, .F. ) ;
#5808 = FACE_OUTER_BOUND ( 'NONE', #582, .T. ) ;
#5809 = DIRECTION ( 'NONE',  ( -0.0000000000000000000, 1.000000000000000000, 6.829619984160684300E-015 ) ) ;
#5810 = EDGE_LOOP ( 'NONE', ( #5576, #6185, #9522, #1103 ) ) ;
#5811 = CIRCLE ( 'NONE', #8149, 0.002101383127306358700 ) ;
#5812 = EDGE_CURVE ( 'NONE', #9650, #3946, #3235, .T. ) ;
#5813 = AXIS2_PLACEMENT_3D ( 'NONE', #1510, #8396, #9343 ) ;
#5814 = PLANE ( 'NONE',  #10514 ) ;
#5815 = VERTEX_POINT ( 'NONE', #6611 ) ;
#5816 = CARTESIAN_POINT ( 'NONE',  ( 0.2850000000000000900, 0.09039861687269366800, -0.2536897542844667700 ) ) ;
#5817 = CARTESIAN_POINT ( 'NONE',  ( -0.1849999999999999700, 0.09249999999999998500, -0.2399999999999999100 ) ) ;
#5818 = ORIENTED_EDGE ( 'NONE', *, *, #1180, .T. ) ;
#5819 = DIRECTION ( 'NONE',  ( 0.0000000000000000000, 0.9848077530122082400, 0.1736481776669296100 ) ) ;
#5820 = FACE_OUTER_BOUND ( 'NONE', #5385, .T. ) ;
#5821 = ADVANCED_FACE ( 'NONE', ( #980 ), #9992, .F. ) ;
#5822 = CARTESIAN_POINT ( 'NONE',  ( -0.2150000000000000000, 0.009999999999999993300, 0.3150000000000000000 ) ) ;
#5823 = VECTOR ( 'NONE', #6268, 39.37007874015748900 ) ;
#5824 = DIRECTION ( 'NONE',  ( 0.0000000000000000000, 0.0000000000000000000, 1.000000000000000000 ) ) ;
#5825 = VERTEX_POINT ( 'NONE', #10764 ) ;
#5826 = EDGE_CURVE ( 'NONE', #4723, #8636, #7016, .T. ) ;
#5827 = DIRECTION ( 'NONE',  ( -0.0000000000000000000, 1.000000000000000000, 6.829619984160684300E-015 ) ) ;
#5828 = CARTESIAN_POINT ( 'NONE',  ( -0.1649999999999999800, 0.009999999999999993300, 0.3150000000000000000 ) ) ;
#5829 = EDGE_LOOP ( 'NONE', ( #5065, #958, #1819, #3384 ) ) ;
#5830 = VECTOR ( 'NONE', #8266, 39.37007874015748100 ) ;
#5831 = CARTESIAN_POINT ( 'NONE',  ( 0.03500000000000003800, -2.411709556906732200E-016, -0.2819175359259424900 ) ) ;
#5832 = ORIENTED_EDGE ( 'NONE', *, *, #80, .F. ) ;
#5833 = DIRECTION ( 'NONE',  ( -1.000000000000000000, -0.0000000000000000000, -0.0000000000000000000 ) ) ;
#5834 = VECTOR ( 'NONE', #989, 39.37007874015748100 ) ;
#5835 = ADVANCED_FACE ( 'NONE', ( #7553 ), #8245, .F. ) ;
#5836 = ORIENTED_EDGE ( 'NONE', *, *, #4521, .T. ) ;
#5837 = ORIENTED_EDGE ( 'NONE', *, *, #11058, .T. ) ;
#5838 = ORIENTED_EDGE ( 'NONE', *, *, #4005, .T. ) ;
#5839 = VECTOR ( 'NONE', #8674, 39.37007874015748900 ) ;
#5840 = CYLINDRICAL_SURFACE ( 'NONE', #10610, 0.002101383127306358700 ) ;
#5841 = PLANE ( 'NONE',  #6393 ) ;
#5842 = CARTESIAN_POINT ( 'NONE',  ( -0.1649999999999999800, 0.09076351822333045300, 0.2557592126802871200 ) ) ;
#5843 = CIRCLE ( 'NONE', #4543, 0.01210138312730632000 ) ;
#5844 = EDGE_CURVE ( 'NONE', #7088, #141, #5787, .T. ) ;
#5845 = PLANE ( 'NONE',  #10389 ) ;
#5846 = CARTESIAN_POINT ( 'NONE',  ( -0.2849999999999999800, 0.1024999999999999800, 0.2399999999999999100 ) ) ;
#5847 = AXIS2_PLACEMENT_3D ( 'NONE', #212, #5357, #8844 ) ;
#5848 =( CONVERSION_BASED_UNIT ( 'INCH', #5305 ) LENGTH_UNIT ( ) NAMED_UNIT ( #7123 ) );
#5849 = EDGE_CURVE ( 'NONE', #8826, #10206, #8782, .T. ) ;
#5850 = CARTESIAN_POINT ( 'NONE',  ( 0.01500000000000004500, 0.01173648177666930000, -0.2798480775301220900 ) ) ;
#5851 = ORIENTED_EDGE ( 'NONE', *, *, #7948, .F. ) ;
#5852 = EDGE_LOOP ( 'NONE', ( #1366, #4987, #6884, #3004 ) ) ;
#5853 = FACE_OUTER_BOUND ( 'NONE', #1252, .T. ) ;
#5854 = LINE ( 'NONE', #6087, #5190 ) ;
#5855 = CARTESIAN_POINT ( 'NONE',  ( 0.03500000000000003800, -2.603792618961250900E-016, 0.2819175359259424900 ) ) ;
#5856 = DIRECTION ( 'NONE',  ( -1.000000000000000000, -0.0000000000000000000, -0.0000000000000000000 ) ) ;
#5857 = DIRECTION ( 'NONE',  ( -1.000000000000000000, -0.0000000000000000000, -0.0000000000000000000 ) ) ;
#5858 = CARTESIAN_POINT ( 'NONE',  ( -0.01499999999999994200, 0.01173648177666930900, 0.2798480775301220900 ) ) ;
#5859 = ORIENTED_EDGE ( 'NONE', *, *, #2471, .F. ) ;
#5860 = AXIS2_PLACEMENT_3D ( 'NONE', #9949, #8121, #9146 ) ;
#5861 = ORIENTED_EDGE ( 'NONE', *, *, #3773, .T. ) ;
#5862 = FACE_OUTER_BOUND ( 'NONE', #4801, .T. ) ;
#5863 = DIRECTION ( 'NONE',  ( -0.03487826274237469000, -0.9987827659587182900, 0.03487826274237469700 ) ) ;
#5864 = AXIS2_PLACEMENT_3D ( 'NONE', #6739, #843, #5939 ) ;
#5865 = ORIENTED_EDGE ( 'NONE', *, *, #9879, .T. ) ;
#5866 = LINE ( 'NONE', #8287, #4930 ) ;
#5867 = EDGE_CURVE ( 'NONE', #3903, #1965, #9043, .T. ) ;
#5868 = ORIENTED_EDGE ( 'NONE', *, *, #7846, .T. ) ;
#5869 = VECTOR ( 'NONE', #7142, 39.37007874015748100 ) ;
#5870 = PLANE ( 'NONE',  #8033 ) ;
#5871 = DIRECTION ( 'NONE',  ( 0.0000000000000000000, -1.000000000000000000, 0.0000000000000000000 ) ) ;
#5872 = DIRECTION ( 'NONE',  ( 1.000000000000000000, 0.0000000000000000000, 0.0000000000000000000 ) ) ;
#5873 = VERTEX_POINT ( 'NONE', #5595 ) ;
#5874 = EDGE_LOOP ( 'NONE', ( #3889, #5012, #1492, #10326 ) ) ;
#5875 = FACE_OUTER_BOUND ( 'NONE', #2351, .T. ) ;
#5876 = EDGE_LOOP ( 'NONE', ( #8641, #7790, #2775, #9230 ) ) ;
#5877 = ADVANCED_FACE ( 'NONE', ( #4052 ), #5253, .T. ) ;
#5878 = AXIS2_PLACEMENT_3D ( 'NONE', #8560, #1671, #7760 ) ;
#5879 = DIRECTION ( 'NONE',  ( -1.000000000000000000, -0.0000000000000000000, 0.0000000000000000000 ) ) ;
#5880 = CARTESIAN_POINT ( 'NONE',  ( -0.06499999999999996100, 0.09039861687269366800, -0.2536897542844667700 ) ) ;
#5881 = EDGE_CURVE ( 'NONE', #693, #6580, #4724, .T. ) ;
#5882 = AXIS2_PLACEMENT_3D ( 'NONE', #8932, #9802, #10669 ) ;
#5883 = CARTESIAN_POINT ( 'NONE',  ( 0.2850000000000000900, 0.01210138312730608600, -0.2819175359259424300 ) ) ;
#5884 = ORIENTED_EDGE ( 'NONE', *, *, #5812, .F. ) ;
#5885 = DIRECTION ( 'NONE',  ( -1.000000000000000000, -0.0000000000000000000, -0.0000000000000000000 ) ) ;
#5886 = ORIENTED_EDGE ( 'NONE', *, *, #9705, .F. ) ;
#5887 = ORIENTED_EDGE ( 'NONE', *, *, #8922, .F. ) ;
#5888 = DIRECTION ( 'NONE',  ( 0.0000000000000000000, 0.0000000000000000000, 1.000000000000000000 ) ) ;
#5889 = ORIENTED_EDGE ( 'NONE', *, *, #6522, .F. ) ;
#5890 = DIRECTION ( 'NONE',  ( -1.000000000000000000, -0.0000000000000000000, -0.0000000000000000000 ) ) ;
#5891 = LINE ( 'NONE', #5584, #3343 ) ;
#5892 = ADVANCED_FACE ( 'NONE', ( #2444 ), #804, .F. ) ;
#5893 = CARTESIAN_POINT ( 'NONE',  ( -0.1149999999999999600, 0.1024999999999999800, -0.2399999999999999100 ) ) ;
#5894 = ORIENTED_EDGE ( 'NONE', *, *, #1877, .F. ) ;
#5895 = ORIENTED_EDGE ( 'NONE', *, *, #7061, .T. ) ;
#5896 = CARTESIAN_POINT ( 'NONE',  ( 0.03500000000000003800, 0.01000000000000000400, -0.2700000000000000200 ) ) ;
#5897 = VECTOR ( 'NONE', #1766, 39.37007874015748100 ) ;
#5898 = EDGE_CURVE ( 'NONE', #2130, #3383, #7836, .T. ) ;
#5899 = VERTEX_POINT ( 'NONE', #8364 ) ;
#5900 = DIRECTION ( 'NONE',  ( 0.0000000000000000000, 0.0000000000000000000, 1.000000000000000000 ) ) ;
#5901 = DIRECTION ( 'NONE',  ( 0.0000000000000000000, 0.1736481776669296100, -0.9848077530122082400 ) ) ;
#5902 = EDGE_CURVE ( 'NONE', #7081, #2633, #3518, .T. ) ;
#5903 = VECTOR ( 'NONE', #1759, 39.37007874015748100 ) ;
#5904 = STYLED_ITEM ( 'NONE', ( #6526 ), #3807 ) ;
#5905 = DIRECTION ( 'NONE',  ( -1.000000000000000000, -0.0000000000000000000, -0.0000000000000000000 ) ) ;
#5906 = EDGE_LOOP ( 'NONE', ( #3512, #992, #3936, #2051 ) ) ;
#5907 = ORIENTED_EDGE ( 'NONE', *, *, #4197, .T. ) ;
#5908 = DIRECTION ( 'NONE',  ( 0.0000000000000000000, 0.0000000000000000000, 1.000000000000000000 ) ) ;
#5909 = ORIENTED_EDGE ( 'NONE', *, *, #610, .F. ) ;
#5910 = DIRECTION ( 'NONE',  ( 0.0000000000000000000, 7.193223902257864100E-015, -1.000000000000000000 ) ) ;
#5911 = CARTESIAN_POINT ( 'NONE',  ( -0.08499999999999995100, 0.09076351822333045300, -0.2557592126802871200 ) ) ;
#5912 = FACE_OUTER_BOUND ( 'NONE', #8637, .T. ) ;
#5913 = CARTESIAN_POINT ( 'NONE',  ( 0.08500000000000004800, 0.009999999999999753900, 0.2819175359259424300 ) ) ;
#5914 = DIRECTION ( 'NONE',  ( -1.000000000000000000, -0.0000000000000000000, -0.0000000000000000000 ) ) ;
#5915 = EDGE_CURVE ( 'NONE', #6569, #9173, #3652, .T. ) ;
#5916 = ORIENTED_EDGE ( 'NONE', *, *, #472, .F. ) ;
#5917 = ORIENTED_EDGE ( 'NONE', *, *, #1763, .T. ) ;
#5918 = AXIS2_PLACEMENT_3D ( 'NONE', #3228, #5901, #9308 ) ;
#5919 = EDGE_LOOP ( 'NONE', ( #8740, #7955, #5477, #7129 ) ) ;
#5920 = EDGE_LOOP ( 'NONE', ( #1066, #4063, #2738, #1134, #7101, #1506, #9901, #9542, #3707, #3053, #6711, #3387 ) ) ;
#5921 = EDGE_CURVE ( 'NONE', #2816, #2143, #824, .T. ) ;
#5922 = LINE ( 'NONE', #5551, #10405 ) ;
#5923 = CARTESIAN_POINT ( 'NONE',  ( 0.2650000000000000700, 0.01173648177666930000, -0.2798480775301220900 ) ) ;
#5924 = CARTESIAN_POINT ( 'NONE',  ( -0.2349999999999999900, 0.09249999999999977700, 0.2656072902104091900 ) ) ;
#5925 = LINE ( 'NONE', #3333, #5382 ) ;
#5926 = DIRECTION ( 'NONE',  ( 0.0000000000000000000, -1.000000000000000000, 0.0000000000000000000 ) ) ;
#5927 = DIRECTION ( 'NONE',  ( 0.0000000000000000000, -1.000000000000000000, 7.225480511685028100E-015 ) ) ;
#5928 = VERTEX_POINT ( 'NONE', #3309 ) ;
#5929 = CARTESIAN_POINT ( 'NONE',  ( -0.06499999999999996100, 0.09076351822333045300, -0.2557592126802871200 ) ) ;
#5930 = EDGE_LOOP ( 'NONE', ( #6995, #4966, #75, #10256 ) ) ;
#5931 = VERTEX_POINT ( 'NONE', #6816 ) ;
#5932 = PLANE ( 'NONE',  #1830 ) ;
#5933 = ORIENTED_EDGE ( 'NONE', *, *, #11089, .T. ) ;
#5934 = VERTEX_POINT ( 'NONE', #8549 ) ;
#5935 = CARTESIAN_POINT ( 'NONE',  ( 0.03500000000000003800, 0.1024999999999999800, -0.2399999999999999100 ) ) ;
#5936 = VECTOR ( 'NONE', #9819, 39.37007874015748100 ) ;
#5937 = DIRECTION ( 'NONE',  ( 0.0000000000000000000, 0.0000000000000000000, 1.000000000000000000 ) ) ;
#5938 = EDGE_CURVE ( 'NONE', #808, #1451, #9312, .T. ) ;
#5939 = DIRECTION ( 'NONE',  ( 0.0000000000000000000, 0.0000000000000000000, -1.000000000000000000 ) ) ;
#5940 = CARTESIAN_POINT ( 'NONE',  ( -0.2150000000000000000, -2.411709556906732200E-016, 0.2819175359259424900 ) ) ;
#5941 = VECTOR ( 'NONE', #7692, 39.37007874015748100 ) ;
#5942 = LINE ( 'NONE', #1697, #1255 ) ;
#5943 = ADVANCED_FACE ( 'NONE', ( #10262 ), #10990, .F. ) ;
#5944 = MANIFOLD_SOLID_BREP ( 'Pin 13', #2898 ) ;
#5945 = VERTEX_POINT ( 'NONE', #4215 ) ;
#5946 = CARTESIAN_POINT ( 'NONE',  ( -0.2849999999999999800, 0.09249999999999974900, -0.2656072902104091300 ) ) ;
#5947 = LINE ( 'NONE', #4768, #4863 ) ;
#5948 = CARTESIAN_POINT ( 'NONE',  ( -0.2349999999999999900, 0.09039861687269366800, -0.2536897542844667700 ) ) ;
#5949 = FACE_OUTER_BOUND ( 'NONE', #11103, .T. ) ;
#5950 = ORIENTED_EDGE ( 'NONE', *, *, #3559, .F. ) ;
#5951 = DIRECTION ( 'NONE',  ( 0.0000000000000000000, 0.0000000000000000000, 1.000000000000000000 ) ) ;
#5952 = DIRECTION ( 'NONE',  ( 1.000000000000000000, 0.0000000000000000000, 0.0000000000000000000 ) ) ;
#5953 = LINE ( 'NONE', #10114, #9744 ) ;
#5954 = CARTESIAN_POINT ( 'NONE',  ( 0.1850000000000000800, 0.09249999999999998500, 0.2399999999999999100 ) ) ;
#5955 = AXIS2_PLACEMENT_3D ( 'NONE', #787, #1611, #8578 ) ;
#5956 = DIRECTION ( 'NONE',  ( -1.000000000000000000, -0.0000000000000000000, -0.0000000000000000000 ) ) ;
#5957 = EDGE_CURVE ( 'NONE', #984, #1344, #7830, .T. ) ;
#5958 = ADVANCED_FACE ( 'NONE', ( #5517 ), #6778, .F. ) ;
#5959 = DIRECTION ( 'NONE',  ( 0.0000000000000000000, -0.9848077530122082400, 0.1736481776669296100 ) ) ;
#5960 = EDGE_LOOP ( 'NONE', ( #6598, #9902, #3689, #266 ) ) ;
#5961 = ORIENTED_EDGE ( 'NONE', *, *, #9737, .T. ) ;
#5962 = VECTOR ( 'NONE', #3609, 39.37007874015748100 ) ;
#5963 = CARTESIAN_POINT ( 'NONE',  ( -0.1649999999999999800, 0.009999999999999993300, 0.3150000000000000000 ) ) ;
#5964 = CARTESIAN_POINT ( 'NONE',  ( -0.1849999999999999700, 0.09249999999999977700, 0.2656072902104091900 ) ) ;
#5965 = PLANE ( 'NONE',  #3214 ) ;
#5966 = ORIENTED_EDGE ( 'NONE', *, *, #6286, .T. ) ;
#5967 = DIRECTION ( 'NONE',  ( 0.0000000000000000000, 0.0000000000000000000, 1.000000000000000000 ) ) ;
#5968 = DIRECTION ( 'NONE',  ( 0.0000000000000000000, 0.0000000000000000000, 1.000000000000000000 ) ) ;
#5969 = EDGE_LOOP ( 'NONE', ( #8798, #2256, #6752, #2622 ) ) ;
#5970 = VECTOR ( 'NONE', #8873, 39.37007874015748100 ) ;
#5971 = EDGE_CURVE ( 'NONE', #5663, #541, #1769, .T. ) ;
#5972 = ORIENTED_EDGE ( 'NONE', *, *, #9959, .T. ) ;
#5973 = LINE ( 'NONE', #3660, #3017 ) ;
#5974 = DIRECTION ( 'NONE',  ( -0.0000000000000000000, 1.000000000000000000, 0.0000000000000000000 ) ) ;
#5975 = DIRECTION ( 'NONE',  ( 0.0000000000000000000, 7.193223902257864100E-015, -1.000000000000000000 ) ) ;
#5976 = DIRECTION ( 'NONE',  ( 0.0000000000000000000, 0.0000000000000000000, -1.000000000000000000 ) ) ;
#5977 = ORIENTED_EDGE ( 'NONE', *, *, #8300, .T. ) ;
#5978 = ORIENTED_EDGE ( 'NONE', *, *, #2730, .T. ) ;
#5979 = LINE ( 'NONE', #1531, #7731 ) ;
#5980 = CARTESIAN_POINT ( 'NONE',  ( 0.2650000000000000700, 0.009999999999999993300, 0.3150000000000000000 ) ) ;
#5981 = LINE ( 'NONE', #2843, #5435 ) ;
#5982 = CARTESIAN_POINT ( 'NONE',  ( -0.1649999999999999800, 0.09249999999999998500, 0.2399999999999999100 ) ) ;
#5983 = EDGE_CURVE ( 'NONE', #8775, #3957, #4717, .T. ) ;
#5984 = AXIS2_PLACEMENT_3D ( 'NONE', #9963, #6406, #9017 ) ;
#5985 = DIRECTION ( 'NONE',  ( -1.000000000000000000, 0.0000000000000000000, -0.0000000000000000000 ) ) ;
#5986 = DIRECTION ( 'NONE',  ( 0.0000000000000000000, -0.0000000000000000000, -1.000000000000000000 ) ) ;
#5987 = ORIENTED_EDGE ( 'NONE', *, *, #866, .T. ) ;
#5988 = EDGE_CURVE ( 'NONE', #7582, #6275, #10123, .T. ) ;
#5989 = ORIENTED_EDGE ( 'NONE', *, *, #3185, .F. ) ;
#5990 = DIRECTION ( 'NONE',  ( -1.000000000000000000, -0.0000000000000000000, -0.0000000000000000000 ) ) ;
#5991 = DIRECTION ( 'NONE',  ( -1.000000000000000000, 0.0000000000000000000, -0.0000000000000000000 ) ) ;
#5992 = LINE ( 'NONE', #3140, #7604 ) ;
#5993 = DIRECTION ( 'NONE',  ( 0.0000000000000000000, -1.000000000000000000, -5.999729353452748200E-015 ) ) ;
#5994 = ADVANCED_FACE ( 'NONE', ( #9719 ), #1627, .F. ) ;
#5995 = VERTEX_POINT ( 'NONE', #10173 ) ;
#5996 = CARTESIAN_POINT ( 'NONE',  ( -0.1649999999999999800, 0.1024999999999999800, 0.2399999999999999100 ) ) ;
#5997 = FACE_OUTER_BOUND ( 'NONE', #3864, .T. ) ;
#5998 = DIRECTION ( 'NONE',  ( -1.000000000000000000, -0.0000000000000000000, 0.0000000000000000000 ) ) ;
#5999 = CARTESIAN_POINT ( 'NONE',  ( 0.2850000000000000900, -2.411709556906732200E-016, 0.2819175359259424900 ) ) ;
#6000 = ORIENTED_EDGE ( 'NONE', *, *, #9083, .T. ) ;
#6001 = DIRECTION ( 'NONE',  ( 0.0000000000000000000, -0.0000000000000000000, -1.000000000000000000 ) ) ;
#6002 = VECTOR ( 'NONE', #9409, 39.37007874015748100 ) ;
#6003 = DIRECTION ( 'NONE',  ( 1.000000000000000000, 0.0000000000000000000, 0.0000000000000000000 ) ) ;
#6004 = AXIS2_PLACEMENT_3D ( 'NONE', #302, #8938, #2057 ) ;
#6005 = EDGE_LOOP ( 'NONE', ( #5108, #2680, #8658, #4578 ) ) ;
#6006 = EDGE_CURVE ( 'NONE', #4000, #34, #6462, .T. ) ;
#6007 = CARTESIAN_POINT ( 'NONE',  ( 0.1350000000000000600, 0.09039861687269366800, -0.2536897542844667700 ) ) ;
#6008 = DIRECTION ( 'NONE',  ( 0.0000000000000000000, -0.9848077530122080200, -0.1736481776669304400 ) ) ;
#6009 = ORIENTED_EDGE ( 'NONE', *, *, #1373, .F. ) ;
#6010 = ORIENTED_EDGE ( 'NONE', *, *, #3706, .F. ) ;
#6011 = ADVANCED_FACE ( 'NONE', ( #9982 ), #2864, .F. ) ;
#6012 = VECTOR ( 'NONE', #9699, 39.37007874015748100 ) ;
#6013 = CARTESIAN_POINT ( 'NONE',  ( 0.2850000000000000900, 0.009999999999999956800, -0.3150000000000000000 ) ) ;
#6014 = ORIENTED_EDGE ( 'NONE', *, *, #7483, .F. ) ;
#6015 = CYLINDRICAL_SURFACE ( 'NONE', #5498, 0.002101383127306358700 ) ;
#6016 = FACE_OUTER_BOUND ( 'NONE', #5960, .T. ) ;
#6017 = DIRECTION ( 'NONE',  ( -1.000000000000000000, -0.0000000000000000000, -0.0000000000000000000 ) ) ;
#6018 = AXIS2_PLACEMENT_3D ( 'NONE', #8969, #6251, #2872 ) ;
#6019 = AXIS2_PLACEMENT_3D ( 'NONE', #5338, #9694, #4517 ) ;
#6020 = DIRECTION ( 'NONE',  ( -1.000000000000000000, -0.0000000000000000000, -0.0000000000000000000 ) ) ;
#6021 = VERTEX_POINT ( 'NONE', #4407 ) ;
#6022 = ORIENTED_EDGE ( 'NONE', *, *, #5090, .T. ) ;
#6023 = EDGE_CURVE ( 'NONE', #2170, #6328, #3090, .T. ) ;
#6024 = FACE_OUTER_BOUND ( 'NONE', #2022, .T. ) ;
#6025 = ORIENTED_EDGE ( 'NONE', *, *, #7693, .T. ) ;
#6026 = ORIENTED_EDGE ( 'NONE', *, *, #564, .T. ) ;
#6027 = DIRECTION ( 'NONE',  ( 0.0000000000000000000, 0.0000000000000000000, -1.000000000000000000 ) ) ;
#6028 = VECTOR ( 'NONE', #856, 39.37007874015748100 ) ;
#6029 = CARTESIAN_POINT ( 'NONE',  ( -0.2150000000000000000, 0.09249999999999998500, 0.2536897542844667700 ) ) ;
#6030 = CARTESIAN_POINT ( 'NONE',  ( 0.1350000000000000600, -2.411709556906732200E-016, -0.2819175359259424900 ) ) ;
#6031 = CARTESIAN_POINT ( 'NONE',  ( -0.2150000000000000000, 0.1024999999999999800, -0.2399999999999999100 ) ) ;
#6032 = CARTESIAN_POINT ( 'NONE',  ( 0.1350000000000000600, 0.01210138312730608600, 0.2819175359259424300 ) ) ;
#6033 = VERTEX_POINT ( 'NONE', #76 ) ;
#6034 = ORIENTED_EDGE ( 'NONE', *, *, #1402, .T. ) ;
#6035 = LINE ( 'NONE', #7858, #2546 ) ;
#6036 = DIRECTION ( 'NONE',  ( 1.000000000000000000, 0.0000000000000000000, 0.0000000000000000000 ) ) ;
#6037 = VECTOR ( 'NONE', #10543, 39.37007874015748100 ) ;
#6038 = EDGE_CURVE ( 'NONE', #10630, #8919, #9849, .T. ) ;
#6039 = PRODUCT_DEFINITION ( 'UNKNOWN', '', #375, #7975 ) ;
#6040 = EDGE_CURVE ( 'NONE', #4958, #1876, #4457, .T. ) ;
#6041 = AXIS2_PLACEMENT_3D ( 'NONE', #3077, #540, #3193 ) ;
#6042 = CARTESIAN_POINT ( 'NONE',  ( 0.03500000000000003800, -3.201384367575308500E-018, -0.3150000000000000600 ) ) ;
#6043 = DIRECTION ( 'NONE',  ( 0.0000000000000000000, 0.0000000000000000000, -1.000000000000000000 ) ) ;
#6044 = ORIENTED_EDGE ( 'NONE', *, *, #9299, .F. ) ;
#6045 = ORIENTED_EDGE ( 'NONE', *, *, #564, .F. ) ;
#6046 = DIRECTION ( 'NONE',  ( -1.000000000000000000, -0.0000000000000000000, -0.0000000000000000000 ) ) ;
#6047 = DIRECTION ( 'NONE',  ( -1.000000000000000000, 0.0000000000000000000, -0.0000000000000000000 ) ) ;
#6048 = CYLINDRICAL_SURFACE ( 'NONE', #9275, 0.01210138312730635500 ) ;
#6049 = VERTEX_POINT ( 'NONE', #38 ) ;
#6050 = ORIENTED_EDGE ( 'NONE', *, *, #3200, .F. ) ;
#6051 = CARTESIAN_POINT ( 'NONE',  ( -0.08499999999999995100, 0.1024999999999999800, -0.2399999999999999100 ) ) ;
#6052 = DIRECTION ( 'NONE',  ( 0.0000000000000000000, -1.000000000000000000, 0.0000000000000000000 ) ) ;
#6053 = DIRECTION ( 'NONE',  ( 0.0000000000000000000, 0.0000000000000000000, 1.000000000000000000 ) ) ;
#6054 = VERTEX_POINT ( 'NONE', #290 ) ;
#6055 = PLANE ( 'NONE',  #8334 ) ;
#6056 = ORIENTED_EDGE ( 'NONE', *, *, #2961, .T. ) ;
#6057 = ORIENTED_EDGE ( 'NONE', *, *, #7289, .F. ) ;
#6058 = EDGE_CURVE ( 'NONE', #2408, #3460, #7277, .T. ) ;
#6059 = ADVANCED_FACE ( 'NONE', ( #6072 ), #879, .F. ) ;
#6060 = ORIENTED_EDGE ( 'NONE', *, *, #8937, .T. ) ;
#6061 = FACE_OUTER_BOUND ( 'NONE', #438, .T. ) ;
#6062 = ORIENTED_EDGE ( 'NONE', *, *, #4998, .T. ) ;
#6063 = CARTESIAN_POINT ( 'NONE',  ( 0.1850000000000000800, 0.01210138312730608600, -0.2819175359259424300 ) ) ;
#6064 = VECTOR ( 'NONE', #3855, 39.37007874015748100 ) ;
#6065 = EDGE_LOOP ( 'NONE', ( #2481, #4465, #3619, #6273 ) ) ;
#6066 = CARTESIAN_POINT ( 'NONE',  ( 0.2350000000000000400, 0.09039861687269366800, -0.2536897542844667700 ) ) ;
#6067 = CARTESIAN_POINT ( 'NONE',  ( -0.06499999999999996100, 0.1024999999999999800, 0.2399999999999999100 ) ) ;
#6068 = ORIENTED_EDGE ( 'NONE', *, *, #3661, .T. ) ;
#6069 = DIRECTION ( 'NONE',  ( -0.0000000000000000000, -0.0000000000000000000, -1.000000000000000000 ) ) ;
#6070 = CARTESIAN_POINT ( 'NONE',  ( -0.06499999999999996100, 0.09039861687269366800, -0.2536897542844667700 ) ) ;
#6071 = DIRECTION ( 'NONE',  ( -1.000000000000000000, -0.0000000000000000000, -0.0000000000000000000 ) ) ;
#6072 = FACE_OUTER_BOUND ( 'NONE', #7327, .T. ) ;
#6073 = ADVANCED_FACE ( 'NONE', ( #7547 ), #8596, .F. ) ;
#6074 = ORIENTED_EDGE ( 'NONE', *, *, #4810, .F. ) ;
#6075 = DIRECTION ( 'NONE',  ( 1.000000000000000000, 0.0000000000000000000, 0.0000000000000000000 ) ) ;
#6076 = LINE ( 'NONE', #10012, #192 ) ;
#6077 = EDGE_CURVE ( 'NONE', #6861, #5603, #3783, .T. ) ;
#6078 = AXIS2_PLACEMENT_3D ( 'NONE', #9039, #8085, #435 ) ;
#6079 = ORIENTED_EDGE ( 'NONE', *, *, #2961, .F. ) ;
#6080 = EDGE_CURVE ( 'NONE', #3383, #6843, #10532, .T. ) ;
#6081 = EDGE_LOOP ( 'NONE', ( #6229, #3274, #4412, #7568, #3118, #8741, #8979, #10392, #10967, #806, #1524, #5200 ) ) ;
#6082 = CARTESIAN_POINT ( 'NONE',  ( 0.08500000000000004800, 0.009999999999999956800, -0.3150000000000000000 ) ) ;
#6083 = ORIENTED_EDGE ( 'NONE', *, *, #1130, .F. ) ;
#6084 = DIRECTION ( 'NONE',  ( 0.0000000000000000000, -6.829619984160661400E-015, -1.000000000000000000 ) ) ;
#6085 = DIRECTION ( 'NONE',  ( 0.0000000000000000000, -0.0000000000000000000, 1.000000000000000000 ) ) ;
#6086 = ORIENTED_EDGE ( 'NONE', *, *, #6415, .T. ) ;
#6087 = CARTESIAN_POINT ( 'NONE',  ( -0.1649999999999999800, 0.009999999999999753900, 0.2819175359259424300 ) ) ;
#6088 = CARTESIAN_POINT ( 'NONE',  ( -0.1849999999999999700, 0.1024999999999999800, 0.2399999999999999100 ) ) ;
#6089 = DIRECTION ( 'NONE',  ( 0.0000000000000000000, 0.0000000000000000000, -1.000000000000000000 ) ) ;
#6090 = LINE ( 'NONE', #6482, #8926 ) ;
#6091 = AXIS2_PLACEMENT_3D ( 'NONE', #10106, #3202, #4854 ) ;
#6092 = LENGTH_MEASURE_WITH_UNIT ( LENGTH_MEASURE( 0.02539999999999999900 ), #364 );
#6093 = DIRECTION ( 'NONE',  ( -1.000000000000000000, -0.0000000000000000000, -0.0000000000000000000 ) ) ;
#6094 = EDGE_CURVE ( 'NONE', #2034, #9411, #1901, .T. ) ;
#6095 = CARTESIAN_POINT ( 'NONE',  ( -0.2150000000000000000, -2.411709556906732200E-016, -0.2819175359259424900 ) ) ;
#6096 = ORIENTED_EDGE ( 'NONE', *, *, #2794, .T. ) ;
#6097 = DIRECTION ( 'NONE',  ( -0.0000000000000000000, 1.000000000000000000, -0.0000000000000000000 ) ) ;
#6098 = CIRCLE ( 'NONE', #10157, 0.002101383127306358700 ) ;
#6099 = ORIENTED_EDGE ( 'NONE', *, *, #863, .F. ) ;
#6100 = CARTESIAN_POINT ( 'NONE',  ( -0.2150000000000000000, 0.009999999999999956800, -0.3150000000000000000 ) ) ;
#6101 = PRODUCT ( 'H5007NL', 'H5007NL', '', ( #10964 ) ) ;
#6102 = ORIENTED_EDGE ( 'NONE', *, *, #6313, .F. ) ;
#6103 = CARTESIAN_POINT ( 'NONE',  ( 0.03500000000000003800, 0.01210138312730608600, 0.2819175359259424300 ) ) ;
#6104 = DIRECTION ( 'NONE',  ( -0.0000000000000000000, -5.999729353452747400E-015, 1.000000000000000000 ) ) ;
#6105 = ORIENTED_EDGE ( 'NONE', *, *, #1297, .T. ) ;
#6106 = LINE ( 'NONE', #6880, #4221 ) ;
#6107 = PRESENTATION_LAYER_ASSIGNMENT (  '', '', ( #499 ) ) ;
#6108 = EDGE_LOOP ( 'NONE', ( #1372, #1485, #7049, #9336 ) ) ;
#6109 = CARTESIAN_POINT ( 'NONE',  ( 0.08500000000000004800, 0.09076351822333045300, -0.2557592126802871200 ) ) ;
#6110 = VECTOR ( 'NONE', #3538, 39.37007874015748100 ) ;
#6111 = EDGE_CURVE ( 'NONE', #303, #10914, #2172, .T. ) ;
#6112 = PLANE ( 'NONE',  #3108 ) ;
#6113 = AXIS2_PLACEMENT_3D ( 'NONE', #9834, #2797, #8899 ) ;
#6114 = DIRECTION ( 'NONE',  ( 0.0000000000000000000, 0.0000000000000000000, 1.000000000000000000 ) ) ;
#6115 = ORIENTED_EDGE ( 'NONE', *, *, #2638, .F. ) ;
#6116 = DIMENSIONAL_EXPONENTS ( 1.000000000000000000, 0.0000000000000000000, 0.0000000000000000000, 0.0000000000000000000, 0.0000000000000000000, 0.0000000000000000000, 0.0000000000000000000 ) ;
#6117 = ORIENTED_EDGE ( 'NONE', *, *, #3909, .T. ) ;
#6118 = DIRECTION ( 'NONE',  ( 0.0000000000000000000, -0.1736481776669304400, 0.9848077530122080200 ) ) ;
#6119 = FACE_OUTER_BOUND ( 'NONE', #3774, .T. ) ;
#6120 = CARTESIAN_POINT ( 'NONE',  ( 0.2350000000000000400, 0.09249999999999998500, -0.2399999999999999100 ) ) ;
#6121 = DIRECTION ( 'NONE',  ( 0.0000000000000000000, -7.193223902257864100E-015, 1.000000000000000000 ) ) ;
#6122 = CIRCLE ( 'NONE', #1312, 0.002101383127306358700 ) ;
#6123 = CARTESIAN_POINT ( 'NONE',  ( -0.1149999999999999600, 0.09249999999999977700, 0.2656072902104091900 ) ) ;
#6124 = CARTESIAN_POINT ( 'NONE',  ( 0.08500000000000004800, 0.01173648177666930900, 0.2798480775301220900 ) ) ;
#6125 = DIRECTION ( 'NONE',  ( 0.0000000000000000000, 0.0000000000000000000, 1.000000000000000000 ) ) ;
#6126 = DIRECTION ( 'NONE',  ( 0.0000000000000000000, -0.1736481776669296100, -0.9848077530122082400 ) ) ;
#6127 = CARTESIAN_POINT ( 'NONE',  ( 0.03500000000000003800, 0.09249999999999974900, -0.2656072902104091300 ) ) ;
#6128 = ORIENTED_EDGE ( 'NONE', *, *, #9155, .F. ) ;
#6129 = EDGE_CURVE ( 'NONE', #5257, #7391, #6745, .T. ) ;
#6130 = ORIENTED_EDGE ( 'NONE', *, *, #1679, .F. ) ;
#6131 = AXIS2_PLACEMENT_3D ( 'NONE', #6259, #1123, #9741 ) ;
#6132 = ORIENTED_EDGE ( 'NONE', *, *, #9944, .T. ) ;
#6133 = LINE ( 'NONE', #11069, #4381 ) ;
#6134 = FACE_OUTER_BOUND ( 'NONE', #1118, .T. ) ;
#6135 = ADVANCED_FACE ( 'NONE', ( #8774 ), #4049, .T. ) ;
#6136 = VECTOR ( 'NONE', #900, 39.37007874015748100 ) ;
#6137 = ORIENTED_EDGE ( 'NONE', *, *, #4931, .F. ) ;
#6138 = DIRECTION ( 'NONE',  ( 0.0000000000000000000, 0.0000000000000000000, 1.000000000000000000 ) ) ;
#6139 = ORIENTED_EDGE ( 'NONE', *, *, #5225, .F. ) ;
#6140 = ORIENTED_EDGE ( 'NONE', *, *, #10011, .F. ) ;
#6141 = VECTOR ( 'NONE', #4263, 39.37007874015748100 ) ;
#6142 = LENGTH_MEASURE_WITH_UNIT ( LENGTH_MEASURE( 0.02539999999999999900 ), #5417 );
#6143 = EDGE_CURVE ( 'NONE', #4504, #8430, #437, .T. ) ;
#6144 = AXIS2_PLACEMENT_3D ( 'NONE', #4887, #4809, #4849 ) ;
#6145 = DIRECTION ( 'NONE',  ( 0.0000000000000000000, 0.0000000000000000000, 1.000000000000000000 ) ) ;
#6146 = DIRECTION ( 'NONE',  ( -1.000000000000000000, -0.0000000000000000000, -0.0000000000000000000 ) ) ;
#6147 = EDGE_CURVE ( 'NONE', #4265, #1968, #5922, .T. ) ;
#6148 = DIRECTION ( 'NONE',  ( -1.000000000000000000, -0.0000000000000000000, -0.0000000000000000000 ) ) ;
#6149 = CARTESIAN_POINT ( 'NONE',  ( -0.06499999999999996100, 0.09249999999999998500, 0.2536897542844667700 ) ) ;
#6150 = ORIENTED_EDGE ( 'NONE', *, *, #9842, .F. ) ;
#6151 = VECTOR ( 'NONE', #10884, 39.37007874015748100 ) ;
#6152 = EDGE_LOOP ( 'NONE', ( #5861, #9264, #1636, #5218 ) ) ;
#6153 = LINE ( 'NONE', #8910, #10478 ) ;
#6154 = VECTOR ( 'NONE', #6199, 39.37007874015748900 ) ;
#6155 = UNCERTAINTY_MEASURE_WITH_UNIT (LENGTH_MEASURE( 1.000000000000000100E-005 ), #3775, 'distance_accuracy_value', 'NONE');
#6156 = CARTESIAN_POINT ( 'NONE',  ( 0.03500000000000003800, -2.411709556906732200E-016, 0.2819175359259424900 ) ) ;
#6157 = CARTESIAN_POINT ( 'NONE',  ( -0.01499999999999994200, 0.009999999999999753900, 0.2819175359259424300 ) ) ;
#6158 = ORIENTED_EDGE ( 'NONE', *, *, #3296, .T. ) ;
#6159 = VERTEX_POINT ( 'NONE', #4652 ) ;
#6160 = LINE ( 'NONE', #1939, #5472 ) ;
#6161 = ORIENTED_EDGE ( 'NONE', *, *, #5673, .F. ) ;
#6162 = EDGE_CURVE ( 'NONE', #287, #830, #5784, .T. ) ;
#6163 = CIRCLE ( 'NONE', #1239, 0.01210138312730635500 ) ;
#6164 = ORIENTED_EDGE ( 'NONE', *, *, #10132, .T. ) ;
#6165 = ORIENTED_EDGE ( 'NONE', *, *, #2705, .T. ) ;
#6166 = LINE ( 'NONE', #6630, #2142 ) ;
#6167 = ORIENTED_EDGE ( 'NONE', *, *, #7144, .F. ) ;
#6168 = DIRECTION ( 'NONE',  ( -1.000000000000000000, -0.0000000000000000000, -0.0000000000000000000 ) ) ;
#6169 = FACE_OUTER_BOUND ( 'NONE', #7838, .T. ) ;
#6170 = EDGE_CURVE ( 'NONE', #8953, #3550, #6324, .T. ) ;
#6171 = VERTEX_POINT ( 'NONE', #2114 ) ;
#6172 = VERTEX_POINT ( 'NONE', #3764 ) ;
#6173 = LINE ( 'NONE', #11136, #2409 ) ;
#6174 = VERTEX_POINT ( 'NONE', #5515 ) ;
#6175 = DIRECTION ( 'NONE',  ( 0.0000000000000000000, -1.000000000000000000, 0.0000000000000000000 ) ) ;
#6176 = COLOUR_RGB ( '',0.7921568627450980000, 0.8196078431372548800, 0.9333333333333333500 ) ;
#6177 = CARTESIAN_POINT ( 'NONE',  ( -0.08499999999999995100, 0.09249999999999974900, -0.2656072902104091300 ) ) ;
#6178 = CARTESIAN_POINT ( 'NONE',  ( -0.2150000000000000000, 0.009999999999999753900, 0.2819175359259424300 ) ) ;
#6179 = ADVANCED_FACE ( 'NONE', ( #3489 ), #1294, .F. ) ;
#6180 = CARTESIAN_POINT ( 'NONE',  ( -0.06499999999999996100, 0.1024999999999999800, 0.2399999999999999100 ) ) ;
#6181 = ORIENTED_EDGE ( 'NONE', *, *, #7539, .T. ) ;
#6182 = DIRECTION ( 'NONE',  ( 0.0000000000000000000, 0.0000000000000000000, 1.000000000000000000 ) ) ;
#6183 = VERTEX_POINT ( 'NONE', #4618 ) ;
#6184 = ORIENTED_EDGE ( 'NONE', *, *, #8715, .T. ) ;
#6185 = ORIENTED_EDGE ( 'NONE', *, *, #3739, .F. ) ;
#6186 = EDGE_CURVE ( 'NONE', #2613, #6747, #5891, .T. ) ;
#6187 = CIRCLE ( 'NONE', #4505, 0.01210138312730635500 ) ;
#6188 = EDGE_LOOP ( 'NONE', ( #7136, #3069, #935, #104 ) ) ;
#6189 = AXIS2_PLACEMENT_3D ( 'NONE', #4418, #1823, #8720 ) ;
#6190 = DIRECTION ( 'NONE',  ( 0.0000000000000000000, 0.0000000000000000000, -1.000000000000000000 ) ) ;
#6191 = ORIENTED_EDGE ( 'NONE', *, *, #2328, .T. ) ;
#6192 = DIRECTION ( 'NONE',  ( 0.0000000000000000000, 5.999729353452748200E-015, -1.000000000000000000 ) ) ;
#6193 = DIRECTION ( 'NONE',  ( -1.000000000000000000, -0.0000000000000000000, -0.0000000000000000000 ) ) ;
#6194 = ORIENTED_EDGE ( 'NONE', *, *, #2623, .F. ) ;
#6195 = ORIENTED_EDGE ( 'NONE', *, *, #1159, .F. ) ;
#6196 = VECTOR ( 'NONE', #6325, 39.37007874015748100 ) ;
#6197 = CARTESIAN_POINT ( 'NONE',  ( -0.2349999999999999900, -2.411709556906732200E-016, -0.2819175359259424900 ) ) ;
#6198 = CIRCLE ( 'NONE', #4876, 0.002101383127306324400 ) ;
#6199 = DIRECTION ( 'NONE',  ( 0.0000000000000000000, -0.9848077530122082400, -0.1736481776669296100 ) ) ;
#6200 =( LENGTH_UNIT ( ) NAMED_UNIT ( * ) SI_UNIT ( $, .METRE. ) );
#6201 = EDGE_CURVE ( 'NONE', #6589, #4030, #2783, .T. ) ;
#6202 = EDGE_LOOP ( 'NONE', ( #8675, #6548, #1215, #4483 ) ) ;
#6203 = ORIENTED_EDGE ( 'NONE', *, *, #10531, .F. ) ;
#6204 = ORIENTED_EDGE ( 'NONE', *, *, #3529, .T. ) ;
#6205 = DIRECTION ( 'NONE',  ( 0.0000000000000000000, 0.0000000000000000000, 1.000000000000000000 ) ) ;
#6206 = CIRCLE ( 'NONE', #7773, 0.01210138312730635500 ) ;
#6207 = DIRECTION ( 'NONE',  ( -1.000000000000000000, -0.0000000000000000000, -0.0000000000000000000 ) ) ;
#6208 = CARTESIAN_POINT ( 'NONE',  ( -0.06499999999999996100, 0.009999999999999753900, -0.2819175359259424300 ) ) ;
#6209 = VECTOR ( 'NONE', #1824, 39.37007874015748100 ) ;
#6210 = DIRECTION ( 'NONE',  ( 0.0000000000000000000, 0.0000000000000000000, 1.000000000000000000 ) ) ;
#6211 = LINE ( 'NONE', #6692, #5788 ) ;
#6212 = DIRECTION ( 'NONE',  ( -1.000000000000000000, -0.0000000000000000000, -0.0000000000000000000 ) ) ;
#6213 = PLANE ( 'NONE',  #2165 ) ;
#6214 = CARTESIAN_POINT ( 'NONE',  ( -0.03499999999999993400, 0.09249999999999998500, 0.2536897542844667700 ) ) ;
#6215 = ORIENTED_EDGE ( 'NONE', *, *, #3374, .T. ) ;
#6216 = CARTESIAN_POINT ( 'NONE',  ( -0.1149999999999999600, 0.09249999999999998500, -0.2399999999999999100 ) ) ;
#6217 = FACE_OUTER_BOUND ( 'NONE', #938, .T. ) ;
#6218 = EDGE_CURVE ( 'NONE', #2093, #1557, #2100, .T. ) ;
#6219 = AXIS2_PLACEMENT_3D ( 'NONE', #9738, #2909, #6256 ) ;
#6220 = VERTEX_POINT ( 'NONE', #6386 ) ;
#6221 = VECTOR ( 'NONE', #7654, 39.37007874015748100 ) ;
#6222 = EDGE_CURVE ( 'NONE', #6657, #2842, #10716, .T. ) ;
#6223 = DIMENSIONAL_EXPONENTS ( 1.000000000000000000, 0.0000000000000000000, 0.0000000000000000000, 0.0000000000000000000, 0.0000000000000000000, 0.0000000000000000000, 0.0000000000000000000 ) ;
#6224 = LINE ( 'NONE', #3091, #3793 ) ;
#6225 = CARTESIAN_POINT ( 'NONE',  ( 0.2850000000000000900, 0.09249999999999974900, -0.2656072902104091300 ) ) ;
#6226 = DIRECTION ( 'NONE',  ( 0.0000000000000000000, 0.0000000000000000000, 1.000000000000000000 ) ) ;
#6227 = DIRECTION ( 'NONE',  ( -1.000000000000000000, -0.0000000000000000000, -0.0000000000000000000 ) ) ;
#6228 = CARTESIAN_POINT ( 'NONE',  ( -0.2650000000000000100, 0.009999999999999753900, -0.2819175359259424300 ) ) ;
#6229 = ORIENTED_EDGE ( 'NONE', *, *, #3691, .F. ) ;
#6230 = DIRECTION ( 'NONE',  ( -1.000000000000000000, -0.0000000000000000000, -0.0000000000000000000 ) ) ;
#6231 = ORIENTED_EDGE ( 'NONE', *, *, #4058, .T. ) ;
#6232 = AXIS2_PLACEMENT_3D ( 'NONE', #8348, #2319, #4012 ) ;
#6233 = ADVANCED_FACE ( 'NONE', ( #1288 ), #9192, .T. ) ;
#6234 = MECHANICAL_DESIGN_GEOMETRIC_PRESENTATION_REPRESENTATION (  '', ( #8776 ), #1632 ) ;
#6235 = EDGE_CURVE ( 'NONE', #5601, #422, #1938, .T. ) ;
#6236 = CARTESIAN_POINT ( 'NONE',  ( 0.2150000000000000500, 0.09076351822333045300, -0.2557592126802871200 ) ) ;
#6237 = ORIENTED_EDGE ( 'NONE', *, *, #2094, .F. ) ;
#6238 = VERTEX_POINT ( 'NONE', #2897 ) ;
#6239 = VECTOR ( 'NONE', #5096, 39.37007874015748100 ) ;
#6240 = LINE ( 'NONE', #10288, #2484 ) ;
#6241 = ADVANCED_FACE ( 'NONE', ( #9466 ), #8997, .T. ) ;
#6242 = DIRECTION ( 'NONE',  ( 0.0000000000000000000, -1.000000000000000000, 0.0000000000000000000 ) ) ;
#6243 = DIRECTION ( 'NONE',  ( 1.000000000000000000, 0.0000000000000000000, 0.0000000000000000000 ) ) ;
#6244 = VERTEX_POINT ( 'NONE', #466 ) ;
#6245 = PLANE ( 'NONE',  #10873 ) ;
#6246 = EDGE_LOOP ( 'NONE', ( #1955, #8848, #4579, #5248 ) ) ;
#6247 =( GEOMETRIC_REPRESENTATION_CONTEXT ( 3 ) GLOBAL_UNCERTAINTY_ASSIGNED_CONTEXT ( ( #9484 ) ) GLOBAL_UNIT_ASSIGNED_CONTEXT ( ( #7074, #8928, #10666 ) ) REPRESENTATION_CONTEXT ( 'NONE', 'WORKASPACE' ) );
#6248 =( GEOMETRIC_REPRESENTATION_CONTEXT ( 3 ) GLOBAL_UNCERTAINTY_ASSIGNED_CONTEXT ( ( #8791 ) ) GLOBAL_UNIT_ASSIGNED_CONTEXT ( ( #9329, #10081, #9287 ) ) REPRESENTATION_CONTEXT ( 'NONE', 'WORKASPACE' ) );
#6249 = CARTESIAN_POINT ( 'NONE',  ( -0.1349999999999999500, 0.09249999999999974900, -0.2656072902104091300 ) ) ;
#6250 = ORIENTED_EDGE ( 'NONE', *, *, #2176, .F. ) ;
#6251 = DIRECTION ( 'NONE',  ( 1.000000000000000000, 0.0000000000000000000, -0.0000000000000000000 ) ) ;
#6252 = DIRECTION ( 'NONE',  ( 0.0000000000000000000, 0.0000000000000000000, 1.000000000000000000 ) ) ;
#6253 = VECTOR ( 'NONE', #2211, 39.37007874015748100 ) ;
#6254 = EDGE_CURVE ( 'NONE', #1876, #8826, #4472, .T. ) ;
#6255 = FILL_AREA_STYLE_COLOUR ( '', #245 ) ;
#6256 = DIRECTION ( 'NONE',  ( 0.0000000000000000000, 0.0000000000000000000, -1.000000000000000000 ) ) ;
#6257 = AXIS2_PLACEMENT_3D ( 'NONE', #3630, #5373, #1899 ) ;
#6258 = LINE ( 'NONE', #7950, #10587 ) ;
#6259 = CARTESIAN_POINT ( 'NONE',  ( -0.2150000000000000000, 0.09249999999999998500, 0.2399999999999999100 ) ) ;
#6260 = ORIENTED_EDGE ( 'NONE', *, *, #1963, .T. ) ;
#6261 = DIRECTION ( 'NONE',  ( -1.000000000000000000, -0.0000000000000000000, -0.0000000000000000000 ) ) ;
#6262 = CARTESIAN_POINT ( 'NONE',  ( -0.1649999999999999800, 0.09076351822333045300, -0.2557592126802871200 ) ) ;
#6263 = ORIENTED_EDGE ( 'NONE', *, *, #5627, .T. ) ;
#6264 = LENGTH_MEASURE_WITH_UNIT ( LENGTH_MEASURE( 0.02539999999999999900 ), #7520 );
#6265 = CARTESIAN_POINT ( 'NONE',  ( -0.2650000000000000100, 0.09039861687269366800, -0.2536897542844667700 ) ) ;
#6266 = LINE ( 'NONE', #1425, #10841 ) ;
#6267 = DIRECTION ( 'NONE',  ( 1.000000000000000000, 0.0000000000000000000, 0.0000000000000000000 ) ) ;
#6268 = DIRECTION ( 'NONE',  ( 0.0000000000000000000, -0.9848077530122082400, 0.1736481776669295800 ) ) ;
#6269 = DIRECTION ( 'NONE',  ( 0.0000000000000000000, -1.000000000000000000, -5.999729353452748200E-015 ) ) ;
#6270 = EDGE_CURVE ( 'NONE', #914, #9035, #8499, .T. ) ;
#6271 = DIRECTION ( 'NONE',  ( 0.0000000000000000000, 7.193223902257864100E-015, -1.000000000000000000 ) ) ;
#6272 = AXIS2_PLACEMENT_3D ( 'NONE', #5419, #8025, #4631 ) ;
#6273 = ORIENTED_EDGE ( 'NONE', *, *, #1619, .T. ) ;
#6274 = ORIENTED_EDGE ( 'NONE', *, *, #1794, .F. ) ;
#6275 = VERTEX_POINT ( 'NONE', #9904 ) ;
#6276 = DIRECTION ( 'NONE',  ( -1.000000000000000000, -0.0000000000000000000, -0.0000000000000000000 ) ) ;
#6277 = LINE ( 'NONE', #7898, #5057 ) ;
#6278 = ORIENTED_EDGE ( 'NONE', *, *, #4780, .T. ) ;
#6279 = DIRECTION ( 'NONE',  ( 1.000000000000000000, 0.0000000000000000000, 0.0000000000000000000 ) ) ;
#6280 = ORIENTED_EDGE ( 'NONE', *, *, #2402, .T. ) ;
#6281 = ORIENTED_EDGE ( 'NONE', *, *, #8175, .F. ) ;
#6282 = FACE_OUTER_BOUND ( 'NONE', #10496, .T. ) ;
#6283 = ORIENTED_EDGE ( 'NONE', *, *, #5404, .T. ) ;
#6284 = ORIENTED_EDGE ( 'NONE', *, *, #3766, .F. ) ;
#6285 = CIRCLE ( 'NONE', #8631, 0.01210138312730635500 ) ;
#6286 = EDGE_CURVE ( 'NONE', #68, #3436, #10756, .T. ) ;
#6287 = FACE_OUTER_BOUND ( 'NONE', #5271, .T. ) ;
#6288 = AXIS2_PLACEMENT_3D ( 'NONE', #9760, #5476, #3865 ) ;
#6289 = DIRECTION ( 'NONE',  ( -1.000000000000000000, -0.0000000000000000000, -0.0000000000000000000 ) ) ;
#6290 = DIRECTION ( 'NONE',  ( -1.000000000000000000, -0.0000000000000000000, -0.0000000000000000000 ) ) ;
#6291 = DIRECTION ( 'NONE',  ( 0.0000000000000000000, -0.9848077530122082400, 0.1736481776669296100 ) ) ;
#6292 = EDGE_CURVE ( 'NONE', #802, #8694, #515, .T. ) ;
#6293 = CARTESIAN_POINT ( 'NONE',  ( 0.01500000000000004500, 0.09076351822333045300, -0.2557592126802871200 ) ) ;
#6294 = CARTESIAN_POINT ( 'NONE',  ( 0.2350000000000000400, 0.01210138312730608600, -0.2819175359259424300 ) ) ;
#6295 = MANIFOLD_SOLID_BREP ( 'Pin 6', #5610 ) ;
#6296 = DIRECTION ( 'NONE',  ( 0.0000000000000000000, -0.0000000000000000000, -1.000000000000000000 ) ) ;
#6297 = ADVANCED_FACE ( 'NONE', ( #4152 ), #3834, .F. ) ;
#6298 =( CONVERSION_BASED_UNIT ( 'INCH', #6142 ) LENGTH_UNIT ( ) NAMED_UNIT ( #6116 ) );
#6299 = CARTESIAN_POINT ( 'NONE',  ( -0.2857222057372608100, 0.1749999999999998500, 0.1807222057372607800 ) ) ;
#6300 = EDGE_LOOP ( 'NONE', ( #10263, #7196, #6767, #1680 ) ) ;
#6301 = VERTEX_POINT ( 'NONE', #5697 ) ;
#6302 = ORIENTED_EDGE ( 'NONE', *, *, #4865, .T. ) ;
#6303 = PLANE ( 'NONE',  #6272 ) ;
#6304 = VERTEX_POINT ( 'NONE', #10948 ) ;
#6305 = VECTOR ( 'NONE', #6789, 39.37007874015748100 ) ;
#6306 = DIRECTION ( 'NONE',  ( -1.000000000000000000, -0.0000000000000000000, -0.0000000000000000000 ) ) ;
#6307 = PLANE ( 'NONE',  #6382 ) ;
#6308 = DIRECTION ( 'NONE',  ( -0.0000000000000000000, 0.0000000000000000000, 1.000000000000000000 ) ) ;
#6309 = AXIS2_PLACEMENT_3D ( 'NONE', #2199, #9157, #2268 ) ;
#6310 = DIRECTION ( 'NONE',  ( 0.0000000000000000000, 0.0000000000000000000, 1.000000000000000000 ) ) ;
#6311 = VERTEX_POINT ( 'NONE', #8312 ) ;
#6312 = ORIENTED_EDGE ( 'NONE', *, *, #4240, .F. ) ;
#6313 = EDGE_CURVE ( 'NONE', #9301, #1814, #6438, .T. ) ;
#6314 = LINE ( 'NONE', #7924, #1072 ) ;
#6315 = DIRECTION ( 'NONE',  ( -1.000000000000000000, -0.0000000000000000000, -0.0000000000000000000 ) ) ;
#6316 = DIRECTION ( 'NONE',  ( 0.0000000000000000000, 0.0000000000000000000, -1.000000000000000000 ) ) ;
#6317 = CIRCLE ( 'NONE', #7469, 0.002101383127306358700 ) ;
#6318 = CARTESIAN_POINT ( 'NONE',  ( 0.08500000000000004800, 0.09076351822333045300, 0.2557592126802871200 ) ) ;
#6319 = CARTESIAN_POINT ( 'NONE',  ( 0.2650000000000000700, 0.009999999999999956800, -0.3150000000000000000 ) ) ;
#6320 = CARTESIAN_POINT ( 'NONE',  ( 0.08500000000000004800, 0.009999999999999753900, -0.2819175359259424300 ) ) ;
#6321 = EDGE_LOOP ( 'NONE', ( #5933, #2006, #9499, #9925 ) ) ;
#6322 = ORIENTED_EDGE ( 'NONE', *, *, #8459, .F. ) ;
#6323 = FACE_OUTER_BOUND ( 'NONE', #4105, .T. ) ;
#6324 = LINE ( 'NONE', #7746, #1880 ) ;
#6325 = DIRECTION ( 'NONE',  ( -1.000000000000000000, -0.0000000000000000000, -0.0000000000000000000 ) ) ;
#6326 = EDGE_CURVE ( 'NONE', #1461, #11132, #8063, .T. ) ;
#6327 = AXIS2_PLACEMENT_3D ( 'NONE', #7453, #10111, #10187 ) ;
#6328 = VERTEX_POINT ( 'NONE', #8270 ) ;
#6329 = PLANE ( 'NONE',  #10528 ) ;
#6330 = EDGE_LOOP ( 'NONE', ( #4674, #7008, #6102, #8532 ) ) ;
#6331 = ORIENTED_EDGE ( 'NONE', *, *, #7873, .F. ) ;
#6332 =( CONVERSION_BASED_UNIT ( 'INCH', #4675 ) LENGTH_UNIT ( ) NAMED_UNIT ( #55 ) );
#6333 = PLANE ( 'NONE',  #4588 ) ;
#6334 = PLANE ( 'NONE',  #9405 ) ;
#6335 = VECTOR ( 'NONE', #7670, 39.37007874015748100 ) ;
#6336 = VERTEX_POINT ( 'NONE', #3041 ) ;
#6337 = CARTESIAN_POINT ( 'NONE',  ( 0.2150000000000000500, 0.09249999999999999900, -0.2536897542844667700 ) ) ;
#6338 = VECTOR ( 'NONE', #4722, 39.37007874015748100 ) ;
#6339 = CARTESIAN_POINT ( 'NONE',  ( 0.1850000000000000800, 0.009999999999999753900, -0.2819175359259424300 ) ) ;
#6340 = VERTEX_POINT ( 'NONE', #536 ) ;
#6341 = ORIENTED_EDGE ( 'NONE', *, *, #6006, .F. ) ;
#6342 = DIRECTION ( 'NONE',  ( 1.000000000000000000, 0.0000000000000000000, 0.0000000000000000000 ) ) ;
#6343 = ORIENTED_EDGE ( 'NONE', *, *, #9605, .T. ) ;
#6344 = EDGE_CURVE ( 'NONE', #5503, #10879, #9566, .T. ) ;
#6345 =( CONVERSION_BASED_UNIT ( 'INCH', #7266 ) LENGTH_UNIT ( ) NAMED_UNIT ( #10424 ) );
#6346 = DIRECTION ( 'NONE',  ( 0.0000000000000000000, -7.193223902257864100E-015, 1.000000000000000000 ) ) ;
#6347 = CARTESIAN_POINT ( 'NONE',  ( -0.1649999999999999800, 0.1024999999999999900, 0.2536897542844667700 ) ) ;
#6348 = LINE ( 'NONE', #5690, #6759 ) ;
#6349 = ORIENTED_EDGE ( 'NONE', *, *, #3407, .F. ) ;
#6350 = LINE ( 'NONE', #10836, #8369 ) ;
#6351 = LINE ( 'NONE', #9141, #4053 ) ;
#6352 = ORIENTED_EDGE ( 'NONE', *, *, #9406, .T. ) ;
#6353 = ADVANCED_FACE ( 'NONE', ( #2274 ), #571, .T. ) ;
#6354 = CARTESIAN_POINT ( 'NONE',  ( 0.1850000000000000800, 0.01173648177666930000, -0.2798480775301220900 ) ) ;
#6355 = FACE_OUTER_BOUND ( 'NONE', #538, .T. ) ;
#6356 = EDGE_CURVE ( 'NONE', #2679, #3226, #6573, .T. ) ;
#6357 = AXIS2_PLACEMENT_3D ( 'NONE', #5557, #4666, #6296 ) ;
#6358 = LINE ( 'NONE', #2308, #7973 ) ;
#6359 = EDGE_CURVE ( 'NONE', #7872, #4682, #8623, .T. ) ;
#6360 = FACE_OUTER_BOUND ( 'NONE', #491, .T. ) ;
#6361 = DIRECTION ( 'NONE',  ( -1.000000000000000000, -0.0000000000000000000, -0.0000000000000000000 ) ) ;
#6362 = ORIENTED_EDGE ( 'NONE', *, *, #4344, .F. ) ;
#6363 = VECTOR ( 'NONE', #889, 39.37007874015748100 ) ;
#6364 = DIRECTION ( 'NONE',  ( 1.000000000000000000, 0.0000000000000000000, 0.0000000000000000000 ) ) ;
#6365 = CARTESIAN_POINT ( 'NONE',  ( 0.08500000000000004800, 0.1024999999999999800, 0.2399999999999999100 ) ) ;
#6366 = DIRECTION ( 'NONE',  ( 0.0000000000000000000, 0.0000000000000000000, 1.000000000000000000 ) ) ;
#6367 = DIRECTION ( 'NONE',  ( 1.000000000000000000, 0.0000000000000000000, -0.0000000000000000000 ) ) ;
#6368 = DIRECTION ( 'NONE',  ( 0.0000000000000000000, 0.0000000000000000000, 1.000000000000000000 ) ) ;
#6369 = LINE ( 'NONE', #4034, #6631 ) ;
#6370 = EDGE_CURVE ( 'NONE', #2673, #4009, #8478, .T. ) ;
#6371 = ORIENTED_EDGE ( 'NONE', *, *, #10040, .T. ) ;
#6372 = FILL_AREA_STYLE_COLOUR ( '', #3445 ) ;
#6373 = VECTOR ( 'NONE', #6407, 39.37007874015748900 ) ;
#6374 = ORIENTED_EDGE ( 'NONE', *, *, #9387, .F. ) ;
#6375 = CARTESIAN_POINT ( 'NONE',  ( 0.2850000000000000900, 0.09249999999999998500, 0.2399999999999999100 ) ) ;
#6376 = VECTOR ( 'NONE', #1768, 39.37007874015748100 ) ;
#6377 =( NAMED_UNIT ( * ) SI_UNIT ( $, .STERADIAN. ) SOLID_ANGLE_UNIT ( ) );
#6378 = ORIENTED_EDGE ( 'NONE', *, *, #4587, .T. ) ;
#6379 = ORIENTED_EDGE ( 'NONE', *, *, #5596, .F. ) ;
#6380 = AXIS2_PLACEMENT_3D ( 'NONE', #8069, #3748, #5462 ) ;
#6381 = VECTOR ( 'NONE', #9069, 39.37007874015748100 ) ;
#6382 = AXIS2_PLACEMENT_3D ( 'NONE', #8912, #416, #4570 ) ;
#6383 = EDGE_CURVE ( 'NONE', #7672, #5603, #7251, .T. ) ;
#6384 = DIRECTION ( 'NONE',  ( -0.9993908270190957600, 0.03489949670250104600, 2.843941485081862900E-016 ) ) ;
#6385 = ORIENTED_EDGE ( 'NONE', *, *, #6461, .T. ) ;
#6386 = CARTESIAN_POINT ( 'NONE',  ( -0.2849999999999999800, -3.201384367575308500E-018, 0.3150000000000000600 ) ) ;
#6387 = VERTEX_POINT ( 'NONE', #7436 ) ;
#6388 = VECTOR ( 'NONE', #2676, 39.37007874015748100 ) ;
#6389 = VECTOR ( 'NONE', #5769, 39.37007874015748100 ) ;
#6390 = LINE ( 'NONE', #6725, #2102 ) ;
#6391 = DIRECTION ( 'NONE',  ( 0.0000000000000000000, -1.000000000000000000, 6.829619984160659800E-015 ) ) ;
#6392 = DIRECTION ( 'NONE',  ( 0.0000000000000000000, 0.0000000000000000000, -1.000000000000000000 ) ) ;
#6393 = AXIS2_PLACEMENT_3D ( 'NONE', #2439, #1530, #2475 ) ;
#6394 = DIRECTION ( 'NONE',  ( -1.000000000000000000, -0.0000000000000000000, -0.0000000000000000000 ) ) ;
#6395 = CARTESIAN_POINT ( 'NONE',  ( -0.01499999999999994200, 0.009999999999999993300, 0.3150000000000000000 ) ) ;
#6396 = ORIENTED_EDGE ( 'NONE', *, *, #7500, .T. ) ;
#6397 = EDGE_CURVE ( 'NONE', #379, #8877, #10097, .T. ) ;
#6398 = ADVANCED_FACE ( 'NONE', ( #3498 ), #10090, .T. ) ;
#6399 = CARTESIAN_POINT ( 'NONE',  ( 0.1350000000000000600, 0.009999999999999993300, 0.3150000000000000000 ) ) ;
#6400 = ORIENTED_EDGE ( 'NONE', *, *, #6370, .F. ) ;
#6401 = FACE_OUTER_BOUND ( 'NONE', #8327, .T. ) ;
#6402 = FACE_OUTER_BOUND ( 'NONE', #7868, .T. ) ;
#6403 = CARTESIAN_POINT ( 'NONE',  ( -0.1149999999999999600, -2.411709556906732200E-016, 0.2819175359259424900 ) ) ;
#6404 = LINE ( 'NONE', #1952, #1566 ) ;
#6405 = CARTESIAN_POINT ( 'NONE',  ( 0.1150000000000000700, 0.01210138312730608600, -0.2819175359259424300 ) ) ;
#6406 = DIRECTION ( 'NONE',  ( -1.000000000000000000, -0.0000000000000000000, 0.0000000000000000000 ) ) ;
#6407 = DIRECTION ( 'NONE',  ( -0.0000000000000000000, 0.9848077530122080200, 0.1736481776669304100 ) ) ;
#6408 = ORIENTED_EDGE ( 'NONE', *, *, #815, .F. ) ;
#6409 =( NAMED_UNIT ( * ) SI_UNIT ( $, .STERADIAN. ) SOLID_ANGLE_UNIT ( ) );
#6410 = VERTEX_POINT ( 'NONE', #4877 ) ;
#6411 = CARTESIAN_POINT ( 'NONE',  ( -0.06499999999999996100, 0.009999999999999753900, 0.2819175359259424300 ) ) ;
#6412 = VECTOR ( 'NONE', #6545, 39.37007874015748900 ) ;
#6413 = FACE_OUTER_BOUND ( 'NONE', #5736, .T. ) ;
#6414 = ADVANCED_FACE ( 'NONE', ( #6323 ), #4915, .F. ) ;
#6415 = EDGE_CURVE ( 'NONE', #10268, #10120, #2683, .T. ) ;
#6416 = ORIENTED_EDGE ( 'NONE', *, *, #5090, .F. ) ;
#6417 = ORIENTED_EDGE ( 'NONE', *, *, #2017, .T. ) ;
#6418 = CIRCLE ( 'NONE', #4056, 0.01210138312730632000 ) ;
#6419 = DIRECTION ( 'NONE',  ( 0.0000000000000000000, 0.0000000000000000000, -1.000000000000000000 ) ) ;
#6420 = DIRECTION ( 'NONE',  ( 0.0000000000000000000, -1.000000000000000000, 0.0000000000000000000 ) ) ;
#6421 = VERTEX_POINT ( 'NONE', #11019 ) ;
#6422 = VECTOR ( 'NONE', #3515, 39.37007874015748100 ) ;
#6423 = MANIFOLD_SOLID_BREP ( 'Pin 1 Mark', #410 ) ;
#6424 = EDGE_LOOP ( 'NONE', ( #9792, #3560, #9388, #9089 ) ) ;
#6425 = VERTEX_POINT ( 'NONE', #7704 ) ;
#6426 = EDGE_CURVE ( 'NONE', #4782, #4847, #3762, .T. ) ;
#6427 = CYLINDRICAL_SURFACE ( 'NONE', #9840, 0.002101383127306358700 ) ;
#6428 = AXIS2_PLACEMENT_3D ( 'NONE', #1467, #9943, #10019 ) ;
#6429 = DIRECTION ( 'NONE',  ( -1.000000000000000000, -0.0000000000000000000, -0.0000000000000000000 ) ) ;
#6430 = CARTESIAN_POINT ( 'NONE',  ( 0.1650000000000000900, -2.603792618961250900E-016, 0.2819175359259424900 ) ) ;
#6431 = DIRECTION ( 'NONE',  ( 0.0000000000000000000, 0.0000000000000000000, 1.000000000000000000 ) ) ;
#6432 = EDGE_CURVE ( 'NONE', #3000, #2483, #6173, .T. ) ;
#6433 = VECTOR ( 'NONE', #5568, 39.37007874015748900 ) ;
#6434 =( NAMED_UNIT ( * ) PLANE_ANGLE_UNIT ( ) SI_UNIT ( $, .RADIAN. ) );
#6435 = DIRECTION ( 'NONE',  ( -1.000000000000000000, -0.0000000000000000000, -0.0000000000000000000 ) ) ;
#6436 = VERTEX_POINT ( 'NONE', #8543 ) ;
#6437 = ORIENTED_EDGE ( 'NONE', *, *, #10725, .F. ) ;
#6438 = CIRCLE ( 'NONE', #1109, 0.002101383127306358700 ) ;
#6439 = ORIENTED_EDGE ( 'NONE', *, *, #4058, .F. ) ;
#6440 = VECTOR ( 'NONE', #3645, 39.37007874015748100 ) ;
#6441 = DIRECTION ( 'NONE',  ( -1.000000000000000000, -0.0000000000000000000, -0.0000000000000000000 ) ) ;
#6442 = DIRECTION ( 'NONE',  ( 0.0000000000000000000, 0.1736481776669296100, -0.9848077530122082400 ) ) ;
#6443 = AXIS2_PLACEMENT_3D ( 'NONE', #229, #1116, #5374 ) ;
#6444 = CARTESIAN_POINT ( 'NONE',  ( 0.1350000000000000600, 0.1024999999999999800, -0.2536897542844667700 ) ) ;
#6445 = EDGE_CURVE ( 'NONE', #3419, #3219, #949, .T. ) ;
#6446 = ORIENTED_EDGE ( 'NONE', *, *, #1794, .T. ) ;
#6447 = DIRECTION ( 'NONE',  ( -0.0000000000000000000, 1.000000000000000000, -0.0000000000000000000 ) ) ;
#6448 = EDGE_LOOP ( 'NONE', ( #8239, #7343, #1029, #6574 ) ) ;
#6449 = ORIENTED_EDGE ( 'NONE', *, *, #5389, .T. ) ;
#6450 = ADVANCED_FACE ( 'NONE', ( #10380 ), #3298, .F. ) ;
#6451 = VECTOR ( 'NONE', #95, 39.37007874015748100 ) ;
#6452 =( LENGTH_UNIT ( ) NAMED_UNIT ( * ) SI_UNIT ( $, .METRE. ) );
#6453 = CARTESIAN_POINT ( 'NONE',  ( 0.2350000000000000400, 0.01000000000000000400, -0.2700000000000000200 ) ) ;
#6454 = ORIENTED_EDGE ( 'NONE', *, *, #9822, .F. ) ;
#6455 = ORIENTED_EDGE ( 'NONE', *, *, #2941, .F. ) ;
#6456 = ORIENTED_EDGE ( 'NONE', *, *, #197, .F. ) ;
#6457 = ORIENTED_EDGE ( 'NONE', *, *, #6936, .T. ) ;
#6458 =( NAMED_UNIT ( * ) PLANE_ANGLE_UNIT ( ) SI_UNIT ( $, .RADIAN. ) );
#6459 =( GEOMETRIC_REPRESENTATION_CONTEXT ( 3 ) GLOBAL_UNCERTAINTY_ASSIGNED_CONTEXT ( ( #4146 ) ) GLOBAL_UNIT_ASSIGNED_CONTEXT ( ( #6979, #3694, #2685 ) ) REPRESENTATION_CONTEXT ( 'NONE', 'WORKASPACE' ) );
#6460 = DIRECTION ( 'NONE',  ( 0.0000000000000000000, 1.000000000000000000, 0.0000000000000000000 ) ) ;
#6461 = EDGE_CURVE ( 'NONE', #4270, #6410, #6864, .T. ) ;
#6462 = LINE ( 'NONE', #8709, #10663 ) ;
#6463 = FACE_OUTER_BOUND ( 'NONE', #3842, .T. ) ;
#6464 = ADVANCED_FACE ( 'NONE', ( #4565 ), #672, .T. ) ;
#6465 = ORIENTED_EDGE ( 'NONE', *, *, #5286, .F. ) ;
#6466 = DIRECTION ( 'NONE',  ( -0.0000000000000000000, 0.1736481776669296100, 0.9848077530122082400 ) ) ;
#6467 = VECTOR ( 'NONE', #10801, 39.37007874015748900 ) ;
#6468 = ORIENTED_EDGE ( 'NONE', *, *, #9068, .T. ) ;
#6469 = ORIENTED_EDGE ( 'NONE', *, *, #5333, .T. ) ;
#6470 = CARTESIAN_POINT ( 'NONE',  ( 0.2150000000000000500, 0.09249999999999998500, 0.2399999999999999100 ) ) ;
#6471 = ORIENTED_EDGE ( 'NONE', *, *, #2838, .F. ) ;
#6472 = PLANE ( 'NONE',  #2703 ) ;
#6473 = CARTESIAN_POINT ( 'NONE',  ( 0.2350000000000000400, 0.009999999999999753900, 0.2819175359259424300 ) ) ;
#6474 = SURFACE_STYLE_FILL_AREA ( #3863 ) ;
#6475 = EDGE_CURVE ( 'NONE', #1237, #4453, #26, .T. ) ;
#6476 = FACE_OUTER_BOUND ( 'NONE', #7179, .T. ) ;
#6477 = PLANE ( 'NONE',  #6661 ) ;
#6478 = EDGE_CURVE ( 'NONE', #8877, #7903, #9823, .T. ) ;
#6479 = AXIS2_PLACEMENT_3D ( 'NONE', #1168, #3680, #4538 ) ;
#6480 = CARTESIAN_POINT ( 'NONE',  ( -0.1649999999999999800, 0.09039861687269366800, 0.2536897542844667700 ) ) ;
#6481 = VECTOR ( 'NONE', #3838, 39.37007874015748100 ) ;
#6482 = CARTESIAN_POINT ( 'NONE',  ( -0.06499999999999996100, 0.09249999999999977700, 0.2656072902104091900 ) ) ;
#6483 = ORIENTED_EDGE ( 'NONE', *, *, #8967, .F. ) ;
#6484 = VECTOR ( 'NONE', #8719, 39.37007874015748100 ) ;
#6485 = FACE_OUTER_BOUND ( 'NONE', #1054, .T. ) ;
#6486 = DIRECTION ( 'NONE',  ( -0.03489949670250104600, -0.9993908270190957600, 0.0000000000000000000 ) ) ;
#6487 = VECTOR ( 'NONE', #11078, 39.37007874015748100 ) ;
#6488 = EDGE_CURVE ( 'NONE', #8704, #3624, #9284, .T. ) ;
#6489 = DIMENSIONAL_EXPONENTS ( 1.000000000000000000, 0.0000000000000000000, 0.0000000000000000000, 0.0000000000000000000, 0.0000000000000000000, 0.0000000000000000000, 0.0000000000000000000 ) ;
#6490 = STYLED_ITEM ( 'NONE', ( #7944 ), #5944 ) ;
#6491 = ORIENTED_EDGE ( 'NONE', *, *, #5301, .T. ) ;
#6492 = EDGE_CURVE ( 'NONE', #6497, #9703, #10510, .T. ) ;
#6493 = FILL_AREA_STYLE_COLOUR ( '', #8566 ) ;
#6494 = CARTESIAN_POINT ( 'NONE',  ( -0.2349999999999999900, 0.09249999999999974900, -0.2656072902104091300 ) ) ;
#6495 = LINE ( 'NONE', #7857, #4217 ) ;
#6496 = PLANE ( 'NONE',  #7602 ) ;
#6497 = VERTEX_POINT ( 'NONE', #6731 ) ;
#6498 = CARTESIAN_POINT ( 'NONE',  ( 0.1850000000000000800, 0.09039861687269366800, 0.2536897542844667700 ) ) ;
#6499 = VERTEX_POINT ( 'NONE', #6771 ) ;
#6500 = DIRECTION ( 'NONE',  ( -0.0000000000000000000, -7.193223902257864100E-015, -1.000000000000000000 ) ) ;
#6501 = VECTOR ( 'NONE', #5135, 39.37007874015748100 ) ;
#6502 = ADVANCED_FACE ( 'NONE', ( #156 ), #4959, .F. ) ;
#6503 = VERTEX_POINT ( 'NONE', #794 ) ;
#6504 = LINE ( 'NONE', #4399, #10308 ) ;
#6505 = AXIS2_PLACEMENT_3D ( 'NONE', #5744, #6579, #614 ) ;
#6506 = EDGE_CURVE ( 'NONE', #4046, #9301, #8888, .T. ) ;
#6507 = ORIENTED_EDGE ( 'NONE', *, *, #6023, .F. ) ;
#6508 = DIRECTION ( 'NONE',  ( 0.0000000000000000000, -0.9848077530122082400, -0.1736481776669296100 ) ) ;
#6509 = CARTESIAN_POINT ( 'NONE',  ( 0.1150000000000000700, 0.09039861687269366800, 0.2536897542844667700 ) ) ;
#6510 = ORIENTED_EDGE ( 'NONE', *, *, #4667, .F. ) ;
#6511 = LINE ( 'NONE', #765, #8139 ) ;
#6512 =( CONVERSION_BASED_UNIT ( 'INCH', #8057 ) LENGTH_UNIT ( ) NAMED_UNIT ( #6969 ) );
#6513 =( LENGTH_UNIT ( ) NAMED_UNIT ( * ) SI_UNIT ( $, .METRE. ) );
#6514 = PRESENTATION_STYLE_ASSIGNMENT (( #6701 ) ) ;
#6515 = ADVANCED_FACE ( 'NONE', ( #412 ), #5932, .F. ) ;
#6516 = DIRECTION ( 'NONE',  ( -0.0000000000000000000, 0.9848077530122082400, -0.1736481776669296100 ) ) ;
#6517 = PLANE ( 'NONE',  #8538 ) ;
#6518 = ORIENTED_EDGE ( 'NONE', *, *, #10835, .T. ) ;
#6519 = AXIS2_PLACEMENT_3D ( 'NONE', #9452, #8535, #8464 ) ;
#6520 = ORIENTED_EDGE ( 'NONE', *, *, #9209, .F. ) ;
#6521 = LINE ( 'NONE', #7481, #7069 ) ;
#6522 = EDGE_CURVE ( 'NONE', #6584, #7262, #7112, .T. ) ;
#6523 = CIRCLE ( 'NONE', #3301, 0.002101383127306358700 ) ;
#6524 =( NAMED_UNIT ( * ) PLANE_ANGLE_UNIT ( ) SI_UNIT ( $, .RADIAN. ) );
#6525 = DIRECTION ( 'NONE',  ( 0.0000000000000000000, -0.0000000000000000000, 1.000000000000000000 ) ) ;
#6526 = PRESENTATION_STYLE_ASSIGNMENT (( #4628 ) ) ;
#6527 = CARTESIAN_POINT ( 'NONE',  ( 0.2350000000000000400, 0.09249999999999974900, -0.2656072902104091300 ) ) ;
#6528 = SURFACE_STYLE_USAGE ( .BOTH. , #2286 ) ;
#6529 = VERTEX_POINT ( 'NONE', #9460 ) ;
#6530 = VECTOR ( 'NONE', #1834, 39.37007874015748900 ) ;
#6531 = VERTEX_POINT ( 'NONE', #8626 ) ;
#6532 = CIRCLE ( 'NONE', #7378, 0.002101383127306358700 ) ;
#6533 = VECTOR ( 'NONE', #10900, 39.37007874015748100 ) ;
#6534 = CARTESIAN_POINT ( 'NONE',  ( 0.06500000000000005800, 0.01210138312730608600, -0.2819175359259424300 ) ) ;
#6535 =( CONVERSION_BASED_UNIT ( 'INCH', #1776 ) LENGTH_UNIT ( ) NAMED_UNIT ( #1778 ) );
#6536 = EDGE_CURVE ( 'NONE', #2576, #421, #3486, .T. ) ;
#6537 = DIRECTION ( 'NONE',  ( -1.000000000000000000, -0.0000000000000000000, -0.0000000000000000000 ) ) ;
#6538 = AXIS2_PLACEMENT_3D ( 'NONE', #2756, #3552, #10491 ) ;
#6539 = ORIENTED_EDGE ( 'NONE', *, *, #2687, .T. ) ;
#6540 = ORIENTED_EDGE ( 'NONE', *, *, #7004, .F. ) ;
#6541 = FACE_OUTER_BOUND ( 'NONE', #7551, .T. ) ;
#6542 = CARTESIAN_POINT ( 'NONE',  ( 0.2350000000000000400, 0.09039861687269366800, 0.2536897542844667700 ) ) ;
#6543 = ORIENTED_EDGE ( 'NONE', *, *, #11089, .F. ) ;
#6544 = VECTOR ( 'NONE', #6571, 39.37007874015748100 ) ;
#6545 = DIRECTION ( 'NONE',  ( -0.0000000000000000000, 0.9848077530122082400, -0.1736481776669296100 ) ) ;
#6546 = DIRECTION ( 'NONE',  ( 0.0000000000000000000, 7.225480511685028100E-015, 1.000000000000000000 ) ) ;
#6547 = SURFACE_STYLE_USAGE ( .BOTH. , #3057 ) ;
#6548 = ORIENTED_EDGE ( 'NONE', *, *, #3479, .F. ) ;
#6549 = ORIENTED_EDGE ( 'NONE', *, *, #9296, .T. ) ;
#6551 = CIRCLE ( 'NONE', #7362, 0.01210138312730635500 ) ;
#6550 = DIRECTION ( 'NONE',  ( 0.0000000000000000000, 0.0000000000000000000, 1.000000000000000000 ) ) ;
#6552 = ORIENTED_EDGE ( 'NONE', *, *, #4539, .T. ) ;
#6553 = CARTESIAN_POINT ( 'NONE',  ( -0.2349999999999999900, 0.09076351822333045300, -0.2557592126802871200 ) ) ;
#6554 = ORIENTED_EDGE ( 'NONE', *, *, #7127, .T. ) ;
#6555 = EDGE_CURVE ( 'NONE', #6643, #7507, #10887, .T. ) ;
#6556 = CIRCLE ( 'NONE', #8357, 0.002101383127306358700 ) ;
#6557 =( GEOMETRIC_REPRESENTATION_CONTEXT ( 3 ) GLOBAL_UNCERTAINTY_ASSIGNED_CONTEXT ( ( #7254 ) ) GLOBAL_UNIT_ASSIGNED_CONTEXT ( ( #5683, #10006, #418 ) ) REPRESENTATION_CONTEXT ( 'NONE', 'WORKASPACE' ) );
#6558 = EDGE_CURVE ( 'NONE', #684, #2241, #3627, .T. ) ;
#6559 = ADVANCED_FACE ( 'NONE', ( #1347 ), #5174, .F. ) ;
#6560 = CARTESIAN_POINT ( 'NONE',  ( -0.2150000000000000000, 0.09249999999999974900, -0.2656072902104091300 ) ) ;
#6561 = CARTESIAN_POINT ( 'NONE',  ( 0.2350000000000000400, 0.09249999999999998500, 0.2399999999999999100 ) ) ;
#6562 = ORIENTED_EDGE ( 'NONE', *, *, #10560, .T. ) ;
#6563 = ORIENTED_EDGE ( 'NONE', *, *, #4314, .F. ) ;
#6564 = PRESENTATION_STYLE_ASSIGNMENT (( #5573 ) ) ;
#6565 = VECTOR ( 'NONE', #346, 39.37007874015748100 ) ;
#6566 = DIRECTION ( 'NONE',  ( -0.0000000000000000000, 0.9848077530122080200, 0.1736481776669304100 ) ) ;
#6567 = ADVANCED_FACE ( 'NONE', ( #9427 ), #10434, .F. ) ;
#6568 = AXIS2_PLACEMENT_3D ( 'NONE', #4629, #10679, #4523 ) ;
#6569 = VERTEX_POINT ( 'NONE', #145 ) ;
#6570 = VERTEX_POINT ( 'NONE', #10400 ) ;
#6571 = DIRECTION ( 'NONE',  ( -1.000000000000000000, -0.0000000000000000000, -0.0000000000000000000 ) ) ;
#6572 = EDGE_CURVE ( 'NONE', #9810, #9998, #5220, .T. ) ;
#6573 = CIRCLE ( 'NONE', #6428, 0.002101383127306358700 ) ;
#6574 = ORIENTED_EDGE ( 'NONE', *, *, #7677, .T. ) ;
#6575 = DIRECTION ( 'NONE',  ( -1.000000000000000000, -0.0000000000000000000, -0.0000000000000000000 ) ) ;
#6576 = DIRECTION ( 'NONE',  ( 0.0000000000000000000, 0.9848077530122082400, -0.1736481776669296100 ) ) ;
#6577 = CIRCLE ( 'NONE', #1779, 0.002101383127306324400 ) ;
#6578 = EDGE_LOOP ( 'NONE', ( #10313, #6727, #4563, #514 ) ) ;
#6579 = DIRECTION ( 'NONE',  ( 0.0000000000000000000, -0.1736481776669304400, 0.9848077530122080200 ) ) ;
#6580 = VERTEX_POINT ( 'NONE', #102 ) ;
#6581 = ORIENTED_EDGE ( 'NONE', *, *, #4240, .T. ) ;
#6582 = CARTESIAN_POINT ( 'NONE',  ( 0.08500000000000004800, 0.09249999999999974900, -0.2656072902104091300 ) ) ;
#6583 = VERTEX_POINT ( 'NONE', #7827 ) ;
#6584 = VERTEX_POINT ( 'NONE', #5214 ) ;
#6585 = DIRECTION ( 'NONE',  ( 0.0000000000000000000, 0.0000000000000000000, 1.000000000000000000 ) ) ;
#6586 = AXIS2_PLACEMENT_3D ( 'NONE', #2089, #5414, #7941 ) ;
#6587 = DIRECTION ( 'NONE',  ( 0.0000000000000000000, 0.0000000000000000000, -1.000000000000000000 ) ) ;
#6588 = LINE ( 'NONE', #10906, #2288 ) ;
#6589 = VERTEX_POINT ( 'NONE', #8668 ) ;
#6590 = AXIS2_PLACEMENT_3D ( 'NONE', #3948, #10951, #10882 ) ;
#6591 = DIRECTION ( 'NONE',  ( -1.000000000000000000, -0.0000000000000000000, -0.0000000000000000000 ) ) ;
#6592 = LINE ( 'NONE', #592, #8640 ) ;
#6593 = EDGE_CURVE ( 'NONE', #4281, #3325, #5480, .T. ) ;
#6594 =( CONVERSION_BASED_UNIT ( 'INCH', #7530 ) LENGTH_UNIT ( ) NAMED_UNIT ( #6489 ) );
#6595 = VERTEX_POINT ( 'NONE', #3536 ) ;
#6596 = ORIENTED_EDGE ( 'NONE', *, *, #7739, .F. ) ;
#6597 = ORIENTED_EDGE ( 'NONE', *, *, #223, .T. ) ;
#6598 = ORIENTED_EDGE ( 'NONE', *, *, #9574, .T. ) ;
#6599 = CARTESIAN_POINT ( 'NONE',  ( 0.1150000000000000700, 0.1024999999999999800, -0.2536897542844667700 ) ) ;
#6600 = CARTESIAN_POINT ( 'NONE',  ( -0.08499999999999995100, 0.09249999999999998500, -0.2399999999999999100 ) ) ;
#6601 = CARTESIAN_POINT ( 'NONE',  ( 0.2850000000000000900, 0.1024999999999999800, 0.2399999999999999100 ) ) ;
#6602 = ORIENTED_EDGE ( 'NONE', *, *, #6616, .F. ) ;
#6603 = EDGE_CURVE ( 'NONE', #6580, #8180, #4293, .T. ) ;
#6604 = AXIS2_PLACEMENT_3D ( 'NONE', #3414, #6679, #8423 ) ;
#6605 = ORIENTED_EDGE ( 'NONE', *, *, #1863, .T. ) ;
#6606 = EDGE_CURVE ( 'NONE', #6595, #3293, #10632, .T. ) ;
#6607 = AXIS2_PLACEMENT_3D ( 'NONE', #10254, #1590, #3307 ) ;
#6608 = DIRECTION ( 'NONE',  ( -0.0000000000000000000, 1.000000000000000000, 7.193223902257864100E-015 ) ) ;
#6609 = DIRECTION ( 'NONE',  ( 0.0000000000000000000, 0.0000000000000000000, 1.000000000000000000 ) ) ;
#6610 = CARTESIAN_POINT ( 'NONE',  ( 0.1850000000000000800, 0.01210138312730608600, 0.2819175359259424300 ) ) ;
#6611 = CARTESIAN_POINT ( 'NONE',  ( 0.1650000000000000900, 0.09249999999999998500, 0.2399999999999999100 ) ) ;
#6612 = CIRCLE ( 'NONE', #5759, 0.002101383127306358700 ) ;
#6613 = ADVANCED_FACE ( 'NONE', ( #7792 ), #10367, .F. ) ;
#6614 = LINE ( 'NONE', #10228, #1129 ) ;
#6615 = VERTEX_POINT ( 'NONE', #952 ) ;
#6616 = EDGE_CURVE ( 'NONE', #9533, #10105, #400, .T. ) ;
#6617 = ORIENTED_EDGE ( 'NONE', *, *, #5534, .T. ) ;
#6618 = CARTESIAN_POINT ( 'NONE',  ( -0.1149999999999999600, 0.09249999999999974900, -0.2656072902104091300 ) ) ;
#6619 = VECTOR ( 'NONE', #5193, 39.37007874015748100 ) ;
#6620 = EDGE_CURVE ( 'NONE', #4569, #183, #6035, .T. ) ;
#6621 = AXIS2_PLACEMENT_3D ( 'NONE', #100, #1874, #1802 ) ;
#6622 = VERTEX_POINT ( 'NONE', #2559 ) ;
#6623 = CARTESIAN_POINT ( 'NONE',  ( -0.1149999999999999600, 0.009999999999999993300, 0.3150000000000000000 ) ) ;
#6624 = UNCERTAINTY_MEASURE_WITH_UNIT (LENGTH_MEASURE( 1.000000000000000100E-005 ), #5795, 'distance_accuracy_value', 'NONE');
#6625 = DIRECTION ( 'NONE',  ( 1.000000000000000000, 0.0000000000000000000, -0.0000000000000000000 ) ) ;
#6626 = VECTOR ( 'NONE', #3568, 39.37007874015748100 ) ;
#6627 = CARTESIAN_POINT ( 'NONE',  ( -0.1149999999999999600, 0.009999999999999753900, 0.2819175359259424300 ) ) ;
#6628 = CARTESIAN_POINT ( 'NONE',  ( -0.1149999999999999600, -2.411709556906732200E-016, 0.2819175359259424900 ) ) ;
#6629 = ADVANCED_FACE ( 'NONE', ( #2937 ), #29, .F. ) ;
#6630 = CARTESIAN_POINT ( 'NONE',  ( 0.1850000000000000800, 0.1024999999999999800, 0.2399999999999999100 ) ) ;
#6631 = VECTOR ( 'NONE', #7375, 39.37007874015748900 ) ;
#6632 = EDGE_LOOP ( 'NONE', ( #8914, #4938, #3590, #1286 ) ) ;
#6633 = LINE ( 'NONE', #10576, #2076 ) ;
#6634 = CIRCLE ( 'NONE', #5984, 0.002101383127306358700 ) ;
#6635 = PLANE ( 'NONE',  #8996 ) ;
#6636 = CARTESIAN_POINT ( 'NONE',  ( -0.2857222057372608100, 0.09721825406947957900, 0.1532222057372607800 ) ) ;
#6637 = CARTESIAN_POINT ( 'NONE',  ( -0.1849999999999999700, 0.1024999999999999800, -0.2536897542844667700 ) ) ;
#6638 = DIRECTION ( 'NONE',  ( -1.000000000000000000, -0.0000000000000000000, -0.0000000000000000000 ) ) ;
#6639 = EDGE_CURVE ( 'NONE', #9775, #5197, #10237, .T. ) ;
#6640 = DIRECTION ( 'NONE',  ( -1.000000000000000000, -0.0000000000000000000, -0.0000000000000000000 ) ) ;
#6641 = CARTESIAN_POINT ( 'NONE',  ( -0.2150000000000000000, 0.1024999999999999800, 0.2399999999999999100 ) ) ;
#6642 =( GEOMETRIC_REPRESENTATION_CONTEXT ( 3 ) GLOBAL_UNCERTAINTY_ASSIGNED_CONTEXT ( ( #7816 ) ) GLOBAL_UNIT_ASSIGNED_CONTEXT ( ( #4839, #4017, #5626 ) ) REPRESENTATION_CONTEXT ( 'NONE', 'WORKASPACE' ) );
#6643 = VERTEX_POINT ( 'NONE', #9715 ) ;
#6644 = EDGE_CURVE ( 'NONE', #655, #9727, #5355, .T. ) ;
#6645 = DIRECTION ( 'NONE',  ( -1.000000000000000000, -0.0000000000000000000, 0.0000000000000000000 ) ) ;
#6646 = CARTESIAN_POINT ( 'NONE',  ( -0.01499999999999994200, 0.009999999999999753900, 0.2819175359259424300 ) ) ;
#6647 = VERTEX_POINT ( 'NONE', #8039 ) ;
#6648 = VECTOR ( 'NONE', #6638, 39.37007874015748100 ) ;
#6649 = FACE_OUTER_BOUND ( 'NONE', #9552, .T. ) ;
#6650 = DIRECTION ( 'NONE',  ( 0.0000000000000000000, -1.000000000000000000, 0.0000000000000000000 ) ) ;
#6651 = PLANE ( 'NONE',  #10534 ) ;
#6652 = SURFACE_STYLE_USAGE ( .BOTH. , #4922 ) ;
#6653 = DIRECTION ( 'NONE',  ( -0.0000000000000000000, -5.999729353452747400E-015, 1.000000000000000000 ) ) ;
#6654 = ORIENTED_EDGE ( 'NONE', *, *, #11121, .F. ) ;
#6655 = EDGE_LOOP ( 'NONE', ( #3448, #10490, #3175, #1302 ) ) ;
#6656 = CARTESIAN_POINT ( 'NONE',  ( 0.08500000000000004800, 0.1024999999999999800, -0.2536897542844667700 ) ) ;
#6657 = VERTEX_POINT ( 'NONE', #2741 ) ;
#6658 = FACE_OUTER_BOUND ( 'NONE', #9563, .T. ) ;
#6659 = LINE ( 'NONE', #3634, #1695 ) ;
#6660 =( NAMED_UNIT ( * ) PLANE_ANGLE_UNIT ( ) SI_UNIT ( $, .RADIAN. ) );
#6661 = AXIS2_PLACEMENT_3D ( 'NONE', #6618, #9123, #5605 ) ;
#6662 = LINE ( 'NONE', #7809, #4386 ) ;
#6663 = EDGE_CURVE ( 'NONE', #3507, #3139, #4013, .T. ) ;
#6664 = DIRECTION ( 'NONE',  ( -0.0000000000000000000, -0.0000000000000000000, 1.000000000000000000 ) ) ;
#6665 = CARTESIAN_POINT ( 'NONE',  ( 0.2350000000000000400, 0.009999999999999956800, -0.3150000000000000000 ) ) ;
#6666 = ORIENTED_EDGE ( 'NONE', *, *, #4865, .F. ) ;
#6667 = CARTESIAN_POINT ( 'NONE',  ( -0.08499999999999995100, 0.1024999999999999800, -0.2536897542844667700 ) ) ;
#6668 = SURFACE_STYLE_FILL_AREA ( #3884 ) ;
#6669 = VERTEX_POINT ( 'NONE', #2030 ) ;
#6670 = LINE ( 'NONE', #9167, #9788 ) ;
#6671 = DIRECTION ( 'NONE',  ( 1.000000000000000000, 0.0000000000000000000, 0.0000000000000000000 ) ) ;
#6672 = SURFACE_SIDE_STYLE ('',( #1868 ) ) ;
#6673 = VECTOR ( 'NONE', #5379, 39.37007874015748100 ) ;
#6674 = ADVANCED_FACE ( 'NONE', ( #8878 ), #8916, .T. ) ;
#6675 = EDGE_LOOP ( 'NONE', ( #9270, #8212, #779, #10146 ) ) ;
#6676 = EDGE_CURVE ( 'NONE', #10952, #379, #801, .T. ) ;
#6677 = FACE_OUTER_BOUND ( 'NONE', #2207, .T. ) ;
#6678 = AXIS2_PLACEMENT_3D ( 'NONE', #6123, #2737, #4429 ) ;
#6679 = DIRECTION ( 'NONE',  ( 1.000000000000000000, 0.0000000000000000000, -0.0000000000000000000 ) ) ;
#6680 = CARTESIAN_POINT ( 'NONE',  ( -0.06499999999999996100, 0.009999999999999753900, -0.2819175359259424300 ) ) ;
#6681 = ORIENTED_EDGE ( 'NONE', *, *, #10058, .T. ) ;
#6682 = VECTOR ( 'NONE', #6508, 39.37007874015748900 ) ;
#6683 = LINE ( 'NONE', #957, #771 ) ;
#6684 = CARTESIAN_POINT ( 'NONE',  ( -0.01499999999999994200, 0.09076351822333045300, 0.2557592126802871200 ) ) ;
#6685 = SURFACE_SIDE_STYLE ('',( #3028 ) ) ;
#6686 = CARTESIAN_POINT ( 'NONE',  ( -0.2849999999999999800, 0.009999999999999956800, -0.3150000000000000000 ) ) ;
#6687 = DIRECTION ( 'NONE',  ( -1.000000000000000000, -0.0000000000000000000, -0.0000000000000000000 ) ) ;
#6688 = ORIENTED_EDGE ( 'NONE', *, *, #1562, .F. ) ;
#6689 = ORIENTED_EDGE ( 'NONE', *, *, #6488, .F. ) ;
#6690 = ADVANCED_FACE ( 'NONE', ( #8612 ), #10582, .F. ) ;
#6691 = CYLINDRICAL_SURFACE ( 'NONE', #5420, 0.002101383127306358700 ) ;
#6692 = CARTESIAN_POINT ( 'NONE',  ( 0.3421190365169308200, 0.009999999999999995000, -0.2400000000000000500 ) ) ;
#6693 = ORIENTED_EDGE ( 'NONE', *, *, #3146, .F. ) ;
#6694 = PLANE ( 'NONE',  #6607 ) ;
#6695 = CARTESIAN_POINT ( 'NONE',  ( 0.08500000000000004800, 0.009999999999999956800, -0.3150000000000000000 ) ) ;
#6696 =( NAMED_UNIT ( * ) PLANE_ANGLE_UNIT ( ) SI_UNIT ( $, .RADIAN. ) );
#6697 = EDGE_CURVE ( 'NONE', #8823, #6531, #10372, .T. ) ;
#6698 = DIRECTION ( 'NONE',  ( -1.000000000000000000, -0.0000000000000000000, -0.0000000000000000000 ) ) ;
#6699 = AXIS2_PLACEMENT_3D ( 'NONE', #9516, #3487, #5269 ) ;
#6700 = EDGE_LOOP ( 'NONE', ( #920, #1292, #5766, #2696 ) ) ;
#6701 = SURFACE_STYLE_USAGE ( .BOTH. , #10103 ) ;
#6702 = ORIENTED_EDGE ( 'NONE', *, *, #8574, .F. ) ;
#6703 = ORIENTED_EDGE ( 'NONE', *, *, #5546, .T. ) ;
#6704 = VECTOR ( 'NONE', #4228, 39.37007874015748900 ) ;
#6705 = VECTOR ( 'NONE', #9200, 39.37007874015748100 ) ;
#6706 = DIRECTION ( 'NONE',  ( 0.0000000000000000000, 0.0000000000000000000, -1.000000000000000000 ) ) ;
#6707 = DIRECTION ( 'NONE',  ( -1.000000000000000000, -0.0000000000000000000, -0.0000000000000000000 ) ) ;
#6708 = CARTESIAN_POINT ( 'NONE',  ( 0.1350000000000000600, 0.09039861687269366800, 0.2536897542844667700 ) ) ;
#6709 = PLANE ( 'NONE',  #1014 ) ;
#6710 = CARTESIAN_POINT ( 'NONE',  ( 0.08500000000000004800, 0.009999999999999753900, 0.2819175359259424300 ) ) ;
#6711 = ORIENTED_EDGE ( 'NONE', *, *, #5318, .T. ) ;
#6712 = ORIENTED_EDGE ( 'NONE', *, *, #3300, .F. ) ;
#6713 = EDGE_CURVE ( 'NONE', #8341, #7542, #7509, .T. ) ;
#6714 = VECTOR ( 'NONE', #2216, 39.37007874015748100 ) ;
#6715 = CARTESIAN_POINT ( 'NONE',  ( -0.2849999999999999800, 0.09039861687269366800, -0.2536897542844667700 ) ) ;
#6716 = MECHANICAL_DESIGN_GEOMETRIC_PRESENTATION_REPRESENTATION (  '', ( #2468 ), #7870 ) ;
#6717 = EDGE_CURVE ( 'NONE', #8168, #8165, #6314, .T. ) ;
#6718 = LINE ( 'NONE', #5642, #4437 ) ;
#6719 = ORIENTED_EDGE ( 'NONE', *, *, #534, .F. ) ;
#6720 = DIRECTION ( 'NONE',  ( 0.0000000000000000000, 0.0000000000000000000, 1.000000000000000000 ) ) ;
#6721 = DIRECTION ( 'NONE',  ( 0.0000000000000000000, -7.225480511685028100E-015, -1.000000000000000000 ) ) ;
#6722 = DIRECTION ( 'NONE',  ( -1.000000000000000000, -0.0000000000000000000, -0.0000000000000000000 ) ) ;
#6723 = CARTESIAN_POINT ( 'NONE',  ( -0.2150000000000000000, 0.009999999999999759100, -0.2819175359259424300 ) ) ;
#6724 = ORIENTED_EDGE ( 'NONE', *, *, #2186, .T. ) ;
#6725 = CARTESIAN_POINT ( 'NONE',  ( 0.2850000000000000900, -2.603792618961250900E-016, 0.2819175359259424900 ) ) ;
#6726 = ORIENTED_EDGE ( 'NONE', *, *, #254, .T. ) ;
#6727 = ORIENTED_EDGE ( 'NONE', *, *, #3938, .F. ) ;
#6728 = CYLINDRICAL_SURFACE ( 'NONE', #4315, 0.01210138312730632000 ) ;
#6729 = CARTESIAN_POINT ( 'NONE',  ( 0.3450000000000000300, 0.2249999999999998700, -0.2357222057372609400 ) ) ;
#6730 = ORIENTED_EDGE ( 'NONE', *, *, #3906, .F. ) ;
#6731 = CARTESIAN_POINT ( 'NONE',  ( 0.06500000000000005800, 0.01173648177666930900, 0.2798480775301220900 ) ) ;
#6732 = CIRCLE ( 'NONE', #9349, 0.01210138312730635500 ) ;
#6733 = LINE ( 'NONE', #5391, #8904 ) ;
#6734 =( GEOMETRIC_REPRESENTATION_CONTEXT ( 3 ) GLOBAL_UNCERTAINTY_ASSIGNED_CONTEXT ( ( #9817 ) ) GLOBAL_UNIT_ASSIGNED_CONTEXT ( ( #10740, #5458, #7165 ) ) REPRESENTATION_CONTEXT ( 'NONE', 'WORKASPACE' ) );
#6735 = DIRECTION ( 'NONE',  ( -1.000000000000000000, -0.0000000000000000000, -0.0000000000000000000 ) ) ;
#6736 = EDGE_CURVE ( 'NONE', #4965, #10952, #937, .T. ) ;
#6737 = VERTEX_POINT ( 'NONE', #1170 ) ;
#6738 = CLOSED_SHELL ( 'NONE', ( #7192, #5543, #6743, #3283, #4439, #3127, #2524, #9971, #9075, #2140, #8567, #6795, #8678, #3758, #1494, #7867, #4939 ) ) ;
#6739 = CARTESIAN_POINT ( 'NONE',  ( -0.06499999999999996100, 0.09039861687269366800, 0.2536897542844667700 ) ) ;
#6740 =( CONVERSION_BASED_UNIT ( 'INCH', #2974 ) LENGTH_UNIT ( ) NAMED_UNIT ( #218 ) );
#6741 = EDGE_LOOP ( 'NONE', ( #5639, #7145, #2407, #7384 ) ) ;
#6742 = ORIENTED_EDGE ( 'NONE', *, *, #6593, .F. ) ;
#6743 = ADVANCED_FACE ( 'NONE', ( #2675 ), #5467, .F. ) ;
#6744 = CARTESIAN_POINT ( 'NONE',  ( 0.1350000000000000600, -2.603792618961250900E-016, 0.2819175359259424900 ) ) ;
#6745 = CIRCLE ( 'NONE', #533, 0.002101383127306358700 ) ;
#6746 = FACE_OUTER_BOUND ( 'NONE', #9660, .T. ) ;
#6747 = VERTEX_POINT ( 'NONE', #10547 ) ;
#6748 = VECTOR ( 'NONE', #9007, 39.37007874015748900 ) ;
#6749 = PLANE ( 'NONE',  #8472 ) ;
#6750 = ORIENTED_EDGE ( 'NONE', *, *, #1044, .F. ) ;
#6751 = DIRECTION ( 'NONE',  ( 0.0000000000000000000, 0.0000000000000000000, 1.000000000000000000 ) ) ;
#6752 = ORIENTED_EDGE ( 'NONE', *, *, #6893, .F. ) ;
#6753 = CARTESIAN_POINT ( 'NONE',  ( 0.2350000000000000400, 0.09249999999999998500, -0.2399999999999999100 ) ) ;
#6754 = AXIS2_PLACEMENT_3D ( 'NONE', #1260, #6420, #3900 ) ;
#6755 =( NAMED_UNIT ( * ) PLANE_ANGLE_UNIT ( ) SI_UNIT ( $, .RADIAN. ) );
#6756 = EDGE_CURVE ( 'NONE', #808, #8826, #9272, .T. ) ;
#6757 = ADVANCED_FACE ( 'NONE', ( #5748 ), #350, .F. ) ;
#6758 = CARTESIAN_POINT ( 'NONE',  ( 0.2350000000000000400, -3.201384367575308500E-018, 0.3150000000000000600 ) ) ;
#6759 = VECTOR ( 'NONE', #565, 39.37007874015748100 ) ;
#6760 = VECTOR ( 'NONE', #5956, 39.37007874015748100 ) ;
#6761 = CARTESIAN_POINT ( 'NONE',  ( -0.1149999999999999600, 0.009999999999999956800, -0.3150000000000000000 ) ) ;
#6762 = DIRECTION ( 'NONE',  ( -1.000000000000000000, -0.0000000000000000000, -0.0000000000000000000 ) ) ;
#6763 = DIRECTION ( 'NONE',  ( 0.0000000000000000000, -1.000000000000000000, -6.829619984160684300E-015 ) ) ;
#6764 = VECTOR ( 'NONE', #10833, 39.37007874015748100 ) ;
#6765 = DIRECTION ( 'NONE',  ( -2.845674993400274400E-016, -0.0000000000000000000, -1.000000000000000000 ) ) ;
#6766 = CARTESIAN_POINT ( 'NONE',  ( -0.1649999999999999800, 0.09076351822333045300, 0.2557592126802871200 ) ) ;
#6767 = ORIENTED_EDGE ( 'NONE', *, *, #1666, .F. ) ;
#6768 = CARTESIAN_POINT ( 'NONE',  ( 0.1850000000000000800, 0.009999999999999759100, -0.2819175359259424300 ) ) ;
#6769 = AXIS2_PLACEMENT_3D ( 'NONE', #5613, #9025, #6226 ) ;
#6770 = CARTESIAN_POINT ( 'NONE',  ( -0.06499999999999996100, 0.1024999999999999800, -0.2399999999999999100 ) ) ;
#6771 = CARTESIAN_POINT ( 'NONE',  ( 0.08500000000000004800, -3.201384367575308500E-018, -0.3150000000000000600 ) ) ;
#6772 = LINE ( 'NONE', #9359, #10558 ) ;
#6773 = EDGE_CURVE ( 'NONE', #413, #10782, #6851, .T. ) ;
#6774 = AXIS2_PLACEMENT_3D ( 'NONE', #11127, #983, #5276 ) ;
#6775 = ORIENTED_EDGE ( 'NONE', *, *, #4891, .F. ) ;
#6776 = DIRECTION ( 'NONE',  ( -1.000000000000000000, -0.0000000000000000000, -0.0000000000000000000 ) ) ;
#6777 = ORIENTED_EDGE ( 'NONE', *, *, #6644, .T. ) ;
#6778 = PLANE ( 'NONE',  #7810 ) ;
#6779 = LINE ( 'NONE', #1409, #3683 ) ;
#6780 = MANIFOLD_SOLID_BREP ( 'Pin 17', #2492 ) ;
#6781 = VECTOR ( 'NONE', #6020, 39.37007874015748100 ) ;
#6782 = VERTEX_POINT ( 'NONE', #4471 ) ;
#6783 = CARTESIAN_POINT ( 'NONE',  ( 0.08500000000000004800, 0.1024999999999999800, 0.2399999999999999100 ) ) ;
#6784 = EDGE_CURVE ( 'NONE', #5825, #6595, #4141, .T. ) ;
#6785 = AXIS2_PLACEMENT_3D ( 'NONE', #7097, #2708, #10546 ) ;
#6786 = PLANE ( 'NONE',  #10088 ) ;
#6787 = ORIENTED_EDGE ( 'NONE', *, *, #1283, .F. ) ;
#6788 = LINE ( 'NONE', #5051, #6501 ) ;
#6789 = DIRECTION ( 'NONE',  ( -1.000000000000000000, -0.0000000000000000000, -0.0000000000000000000 ) ) ;
#6790 = CARTESIAN_POINT ( 'NONE',  ( -0.2150000000000000000, 0.09076351822333045300, 0.2557592126802870600 ) ) ;
#6791 = DIRECTION ( 'NONE',  ( 0.0000000000000000000, -0.1736481776669296100, -0.9848077530122082400 ) ) ;
#6792 = VECTOR ( 'NONE', #9490, 39.37007874015748100 ) ;
#6793 = ORIENTED_EDGE ( 'NONE', *, *, #8011, .T. ) ;
#6794 = VERTEX_POINT ( 'NONE', #3062 ) ;
#6795 = ADVANCED_FACE ( 'NONE', ( #7650 ), #6517, .T. ) ;
#6796 = ORIENTED_EDGE ( 'NONE', *, *, #5578, .F. ) ;
#6797 = PLANE ( 'NONE',  #1912 ) ;
#6798 = DIRECTION ( 'NONE',  ( -1.000000000000000000, -0.0000000000000000000, 0.0000000000000000000 ) ) ;
#6799 = LINE ( 'NONE', #10460, #8273 ) ;
#6800 = EDGE_CURVE ( 'NONE', #1237, #463, #5614, .T. ) ;
#6801 = DIRECTION ( 'NONE',  ( -1.000000000000000000, -0.0000000000000000000, 0.0000000000000000000 ) ) ;
#6802 = DIRECTION ( 'NONE',  ( -1.000000000000000000, -0.0000000000000000000, -0.0000000000000000000 ) ) ;
#6803 = CARTESIAN_POINT ( 'NONE',  ( -0.01499999999999994200, 0.1024999999999999800, 0.2399999999999999100 ) ) ;
#6804 = EDGE_CURVE ( 'NONE', #4934, #5342, #3060, .T. ) ;
#6805 = DIRECTION ( 'NONE',  ( 0.0000000000000000000, 0.0000000000000000000, 1.000000000000000000 ) ) ;
#6806 = DIRECTION ( 'NONE',  ( 0.0000000000000000000, 7.225480511685028100E-015, 1.000000000000000000 ) ) ;
#6807 = ORIENTED_EDGE ( 'NONE', *, *, #2450, .F. ) ;
#6808 = VERTEX_POINT ( 'NONE', #10745 ) ;
#6809 = LINE ( 'NONE', #5703, #10328 ) ;
#6810 = VECTOR ( 'NONE', #1685, 39.37007874015748100 ) ;
#6811 = ADVANCED_FACE ( 'NONE', ( #6024 ), #790, .T. ) ;
#6812 = DIRECTION ( 'NONE',  ( -1.000000000000000000, -0.0000000000000000000, 0.0000000000000000000 ) ) ;
#6813 = LINE ( 'NONE', #66, #3583 ) ;
#6814 = CARTESIAN_POINT ( 'NONE',  ( -0.2650000000000000100, 0.1024999999999999800, 0.2399999999999999100 ) ) ;
#6815 = CARTESIAN_POINT ( 'NONE',  ( -0.01499999999999994200, 0.09249999999999998500, 0.2536897542844667700 ) ) ;
#6816 = CARTESIAN_POINT ( 'NONE',  ( 0.2650000000000000700, 0.09249999999999998500, 0.2536897542844667700 ) ) ;
#6817 = AXIS2_PLACEMENT_3D ( 'NONE', #3633, #9952, #5487 ) ;
#6818 = VERTEX_POINT ( 'NONE', #7281 ) ;
#6819 = LINE ( 'NONE', #273, #5716 ) ;
#6820 = CARTESIAN_POINT ( 'NONE',  ( 0.1650000000000000900, 0.009999999999999759100, -0.2819175359259424300 ) ) ;
#6821 = AXIS2_PLACEMENT_3D ( 'NONE', #3078, #9114, #4770 ) ;
#6822 = VERTEX_POINT ( 'NONE', #3787 ) ;
#6823 = PRESENTATION_STYLE_ASSIGNMENT (( #4624 ) ) ;
#6824 = EDGE_CURVE ( 'NONE', #8634, #8341, #1596, .T. ) ;
#6825 = VECTOR ( 'NONE', #1138, 39.37007874015748100 ) ;
#6826 = DIRECTION ( 'NONE',  ( -1.000000000000000000, -0.0000000000000000000, -0.0000000000000000000 ) ) ;
#6827 = DIRECTION ( 'NONE',  ( -0.0000000000000000000, -0.0000000000000000000, 1.000000000000000000 ) ) ;
#6828 = CARTESIAN_POINT ( 'NONE',  ( 0.03500000000000003800, 0.09039861687269366800, -0.2536897542844667700 ) ) ;
#6829 = VERTEX_POINT ( 'NONE', #7244 ) ;
#6830 = VERTEX_POINT ( 'NONE', #10686 ) ;
#6831 = FACE_OUTER_BOUND ( 'NONE', #595, .T. ) ;
#6832 = CARTESIAN_POINT ( 'NONE',  ( 0.1850000000000000800, 0.09076351822333045300, 0.2557592126802870600 ) ) ;
#6833 = ORIENTED_EDGE ( 'NONE', *, *, #5692, .T. ) ;
#6834 = CYLINDRICAL_SURFACE ( 'NONE', #5813, 0.002101383127306358700 ) ;
#6835 = CARTESIAN_POINT ( 'NONE',  ( -0.1149999999999999600, -2.603792618961250900E-016, 0.2819175359259424900 ) ) ;
#6836 = EDGE_CURVE ( 'NONE', #10120, #4270, #8742, .T. ) ;
#6837 = AXIS2_PLACEMENT_3D ( 'NONE', #6498, #1436, #3111 ) ;
#6838 = CARTESIAN_POINT ( 'NONE',  ( -0.2150000000000000000, -2.603792618961250900E-016, 0.2819175359259424900 ) ) ;
#6839 = CARTESIAN_POINT ( 'NONE',  ( 0.08500000000000004800, 0.09249999999999999900, -0.2536897542844667700 ) ) ;
#6840 = ORIENTED_EDGE ( 'NONE', *, *, #2253, .F. ) ;
#6841 = ORIENTED_EDGE ( 'NONE', *, *, #10447, .F. ) ;
#6842 = CARTESIAN_POINT ( 'NONE',  ( 0.2350000000000000400, 0.1024999999999999800, -0.2536897542844667700 ) ) ;
#6843 = VERTEX_POINT ( 'NONE', #10779 ) ;
#6844 = CARTESIAN_POINT ( 'NONE',  ( 0.06500000000000005800, 0.09039861687269366800, 0.2536897542844667700 ) ) ;
#6845 = ORIENTED_EDGE ( 'NONE', *, *, #3358, .T. ) ;
#6846 = LINE ( 'NONE', #2011, #8869 ) ;
#6847 = CARTESIAN_POINT ( 'NONE',  ( -0.1349999999999999500, 0.009999999999999753900, 0.2819175359259424300 ) ) ;
#6848 = ORIENTED_EDGE ( 'NONE', *, *, #1712, .F. ) ;
#6849 = VERTEX_POINT ( 'NONE', #1355 ) ;
#6850 = DIRECTION ( 'NONE',  ( 0.0000000000000000000, 0.0000000000000000000, 1.000000000000000000 ) ) ;
#6851 = LINE ( 'NONE', #3681, #9816 ) ;
#6852 = EDGE_CURVE ( 'NONE', #11075, #3495, #10877, .T. ) ;
#6853 = EDGE_LOOP ( 'NONE', ( #1625, #6139, #1190, #5098 ) ) ;
#6854 = DIRECTION ( 'NONE',  ( 0.0000000000000000000, -7.225480511685028100E-015, -1.000000000000000000 ) ) ;
#6855 = DIRECTION ( 'NONE',  ( -1.000000000000000000, -0.0000000000000000000, -0.0000000000000000000 ) ) ;
#6856 = EDGE_CURVE ( 'NONE', #4596, #7305, #4681, .T. ) ;
#6857 = FACE_OUTER_BOUND ( 'NONE', #4635, .T. ) ;
#6858 = ADVANCED_FACE ( 'NONE', ( #2805 ), #2533, .T. ) ;
#6859 = MECHANICAL_DESIGN_GEOMETRIC_PRESENTATION_REPRESENTATION (  '', ( #319 ), #9018 ) ;
#6860 = CARTESIAN_POINT ( 'NONE',  ( 0.08500000000000004800, 0.009999999999999993300, 0.3150000000000000000 ) ) ;
#6861 = VERTEX_POINT ( 'NONE', #8194 ) ;
#6862 = FILL_AREA_STYLE_COLOUR ( '', #2645 ) ;
#6863 = ORIENTED_EDGE ( 'NONE', *, *, #1254, .F. ) ;
#6864 = LINE ( 'NONE', #3261, #5228 ) ;
#6865 = CARTESIAN_POINT ( 'NONE',  ( 0.2150000000000000500, 0.01173648177666930000, -0.2798480775301220900 ) ) ;
#6866 = DIRECTION ( 'NONE',  ( 1.000000000000000000, 0.0000000000000000000, 0.0000000000000000000 ) ) ;
#6867 = CARTESIAN_POINT ( 'NONE',  ( -0.2349999999999999900, 0.009999999999999753900, -0.2819175359259424300 ) ) ;
#6868 = FACE_OUTER_BOUND ( 'NONE', #966, .T. ) ;
#6869 = CARTESIAN_POINT ( 'NONE',  ( -0.1349999999999999500, 0.01173648177666930000, -0.2798480775301220900 ) ) ;
#6870 = DIRECTION ( 'NONE',  ( -0.0000000000000000000, -1.000000000000000000, -0.0000000000000000000 ) ) ;
#6871 = ADVANCED_FACE ( 'NONE', ( #3339 ), #6427, .F. ) ;
#6872 = CARTESIAN_POINT ( 'NONE',  ( 0.01500000000000004500, 0.09039861687269366800, -0.2536897542844667700 ) ) ;
#6873 = EDGE_CURVE ( 'NONE', #3000, #2876, #8469, .T. ) ;
#6874 = VERTEX_POINT ( 'NONE', #8949 ) ;
#6875 = VERTEX_POINT ( 'NONE', #386 ) ;
#6876 = ORIENTED_EDGE ( 'NONE', *, *, #8079, .F. ) ;
#6877 = EDGE_CURVE ( 'NONE', #1805, #4701, #5344, .T. ) ;
#6878 = DIRECTION ( 'NONE',  ( 0.0000000000000000000, -0.1736481776669304400, 0.9848077530122080200 ) ) ;
#6879 = CARTESIAN_POINT ( 'NONE',  ( 0.08500000000000004800, 0.09039861687269366800, 0.2536897542844667700 ) ) ;
#6880 = CARTESIAN_POINT ( 'NONE',  ( 0.2850000000000000900, 0.009999999999999753900, 0.2819175359259424300 ) ) ;
#6881 = SURFACE_STYLE_FILL_AREA ( #527 ) ;
#6882 = CARTESIAN_POINT ( 'NONE',  ( -0.1649999999999999800, 0.09249999999999998500, -0.2399999999999999100 ) ) ;
#6883 = CARTESIAN_POINT ( 'NONE',  ( -0.2150000000000000000, 0.09039861687269366800, -0.2536897542844667700 ) ) ;
#6884 = ORIENTED_EDGE ( 'NONE', *, *, #180, .F. ) ;
#6885 = EDGE_LOOP ( 'NONE', ( #2927, #10397, #10186, #5372 ) ) ;
#6886 = CARTESIAN_POINT ( 'NONE',  ( -0.2349999999999999900, 0.1024999999999999800, -0.2536897542844667700 ) ) ;
#6887 = CARTESIAN_POINT ( 'NONE',  ( -0.1149999999999999600, -3.201384367575308500E-018, -0.3150000000000000600 ) ) ;
#6888 = DIRECTION ( 'NONE',  ( -1.000000000000000000, -0.0000000000000000000, -0.0000000000000000000 ) ) ;
#6889 = VERTEX_POINT ( 'NONE', #10077 ) ;
#6890 = DIRECTION ( 'NONE',  ( 0.0000000000000000000, 0.0000000000000000000, -1.000000000000000000 ) ) ;
#6891 = FACE_OUTER_BOUND ( 'NONE', #4697, .T. ) ;
#6892 = CARTESIAN_POINT ( 'NONE',  ( -0.03499999999999993400, 0.09249999999999998500, -0.2399999999999999100 ) ) ;
#6893 = EDGE_CURVE ( 'NONE', #5388, #6311, #6166, .T. ) ;
#6894 = CARTESIAN_POINT ( 'NONE',  ( -0.2650000000000000100, 0.09249999999999974900, -0.2656072902104091300 ) ) ;
#6895 = VECTOR ( 'NONE', #3368, 39.37007874015748100 ) ;
#6896 = FACE_OUTER_BOUND ( 'NONE', #6741, .T. ) ;
#6897 = ORIENTED_EDGE ( 'NONE', *, *, #8760, .F. ) ;
#6898 = DIRECTION ( 'NONE',  ( -0.0000000000000000000, -5.999729353452747400E-015, 1.000000000000000000 ) ) ;
#6899 = CARTESIAN_POINT ( 'NONE',  ( -0.06499999999999996100, 0.1024999999999999900, 0.2536897542844667700 ) ) ;
#6900 = CARTESIAN_POINT ( 'NONE',  ( 0.1650000000000000900, -2.411709556906732200E-016, -0.2819175359259424900 ) ) ;
#6901 = CARTESIAN_POINT ( 'NONE',  ( -0.01499999999999994200, 0.1024999999999999900, 0.2536897542844667700 ) ) ;
#6902 = LINE ( 'NONE', #9092, #8246 ) ;
#6903 = PLANE ( 'NONE',  #4880 ) ;
#6904 = DIRECTION ( 'NONE',  ( -1.000000000000000000, -0.0000000000000000000, -0.0000000000000000000 ) ) ;
#6905 = EDGE_CURVE ( 'NONE', #768, #6049, #1454, .T. ) ;
#6906 = DIRECTION ( 'NONE',  ( 0.0000000000000000000, 0.0000000000000000000, -1.000000000000000000 ) ) ;
#6907 = AXIS2_PLACEMENT_3D ( 'NONE', #334, #3806, #4559 ) ;
#6908 = VECTOR ( 'NONE', #4590, 39.37007874015748100 ) ;
#6909 = CARTESIAN_POINT ( 'NONE',  ( -0.03499999999999993400, 0.009999999999999753900, 0.2819175359259424300 ) ) ;
#6910 = ORIENTED_EDGE ( 'NONE', *, *, #7755, .T. ) ;
#6911 = ADVANCED_FACE ( 'NONE', ( #9683 ), #10365, .T. ) ;
#6912 = LINE ( 'NONE', #2271, #1517 ) ;
#6913 = DIRECTION ( 'NONE',  ( -1.000000000000000000, -0.0000000000000000000, -0.0000000000000000000 ) ) ;
#6914 = DIRECTION ( 'NONE',  ( -0.0000000000000000000, 1.000000000000000000, 6.829619984160684300E-015 ) ) ;
#6915 = PLANE ( 'NONE',  #5955 ) ;
#6916 = DIRECTION ( 'NONE',  ( 1.000000000000000000, 0.0000000000000000000, 0.0000000000000000000 ) ) ;
#6917 = EDGE_LOOP ( 'NONE', ( #2664, #9575, #2249, #9482 ) ) ;
#6918 = CARTESIAN_POINT ( 'NONE',  ( 0.08500000000000004800, 0.09249999999999998500, 0.2536897542844667700 ) ) ;
#6919 = CARTESIAN_POINT ( 'NONE',  ( 0.03500000000000003800, 0.09249999999999977700, 0.2656072902104091900 ) ) ;
#6920 = CARTESIAN_POINT ( 'NONE',  ( 0.1150000000000000700, 0.01000000000000000000, 0.2699999999999999600 ) ) ;
#6921 = VERTEX_POINT ( 'NONE', #10895 ) ;
#6922 = FACE_OUTER_BOUND ( 'NONE', #8961, .T. ) ;
#6923 = EDGE_CURVE ( 'NONE', #4360, #3459, #2399, .T. ) ;
#6924 = AXIS2_PLACEMENT_3D ( 'NONE', #2462, #9441, #8491 ) ;
#6925 = LINE ( 'NONE', #1132, #4619 ) ;
#6926 = ADVANCED_FACE ( 'NONE', ( #9948 ), #5685, .F. ) ;
#6927 = DIRECTION ( 'NONE',  ( -1.000000000000000000, -0.0000000000000000000, -0.0000000000000000000 ) ) ;
#6928 = CARTESIAN_POINT ( 'NONE',  ( 0.2650000000000000700, 0.009999999999999753900, 0.2819175359259424300 ) ) ;
#6929 = DIRECTION ( 'NONE',  ( -0.0000000000000000000, 0.0000000000000000000, 1.000000000000000000 ) ) ;
#6930 = ORIENTED_EDGE ( 'NONE', *, *, #2896, .T. ) ;
#6931 = ORIENTED_EDGE ( 'NONE', *, *, #1828, .F. ) ;
#6932 = ORIENTED_EDGE ( 'NONE', *, *, #4793, .F. ) ;
#6933 = FACE_OUTER_BOUND ( 'NONE', #8083, .T. ) ;
#6934 = DIRECTION ( 'NONE',  ( 0.0000000000000000000, 0.0000000000000000000, 1.000000000000000000 ) ) ;
#6935 = CIRCLE ( 'NONE', #1448, 0.01210138312730635500 ) ;
#6936 = EDGE_CURVE ( 'NONE', #1702, #8483, #6551, .T. ) ;
#6937 = AXIS2_PLACEMENT_3D ( 'NONE', #1003, #8721, #10420 ) ;
#6938 = DIRECTION ( 'NONE',  ( 0.0000000000000000000, 1.000000000000000000, -7.193223902257864100E-015 ) ) ;
#6939 = EDGE_LOOP ( 'NONE', ( #8135, #9511, #7447, #8324 ) ) ;
#6940 = DIRECTION ( 'NONE',  ( -1.000000000000000000, -0.0000000000000000000, -0.0000000000000000000 ) ) ;
#6941 = ORIENTED_EDGE ( 'NONE', *, *, #6286, .F. ) ;
#6942 = EDGE_CURVE ( 'NONE', #9986, #788, #5076, .T. ) ;
#6943 = ORIENTED_EDGE ( 'NONE', *, *, #3095, .F. ) ;
#6944 = CARTESIAN_POINT ( 'NONE',  ( 0.1350000000000000600, 0.09249999999999977700, 0.2656072902104091900 ) ) ;
#6945 = DIRECTION ( 'NONE',  ( -1.000000000000000000, -0.0000000000000000000, -0.0000000000000000000 ) ) ;
#6946 = VECTOR ( 'NONE', #5184, 39.37007874015748100 ) ;
#6947 = DIRECTION ( 'NONE',  ( -0.0000000000000000000, -5.999729353452747400E-015, 1.000000000000000000 ) ) ;
#6948 = VERTEX_POINT ( 'NONE', #2389 ) ;
#6949 = CARTESIAN_POINT ( 'NONE',  ( -0.1149999999999999600, -2.411709556906732200E-016, -0.2819175359259424900 ) ) ;
#6950 = LINE ( 'NONE', #6949, #11128 ) ;
#6951 = DIRECTION ( 'NONE',  ( -1.000000000000000000, -0.0000000000000000000, 0.0000000000000000000 ) ) ;
#6952 = CARTESIAN_POINT ( 'NONE',  ( -0.2849999999999999800, 0.09076351822333045300, -0.2557592126802871200 ) ) ;
#6953 = EDGE_LOOP ( 'NONE', ( #4653, #9765, #6719, #7184 ) ) ;
#6954 = CARTESIAN_POINT ( 'NONE',  ( -0.1149999999999999600, 0.09076351822333045300, 0.2557592126802871200 ) ) ;
#6955 = VECTOR ( 'NONE', #7621, 39.37007874015748100 ) ;
#6956 = CARTESIAN_POINT ( 'NONE',  ( -0.08499999999999995100, 0.09249999999999974900, -0.2656072902104091300 ) ) ;
#6957 = DIRECTION ( 'NONE',  ( -1.000000000000000000, -0.0000000000000000000, -0.0000000000000000000 ) ) ;
#6958 = LINE ( 'NONE', #6919, #626 ) ;
#6959 = EDGE_CURVE ( 'NONE', #7262, #6244, #10225, .T. ) ;
#6960 = DIRECTION ( 'NONE',  ( -1.000000000000000000, -0.0000000000000000000, -0.0000000000000000000 ) ) ;
#6961 = CARTESIAN_POINT ( 'NONE',  ( 0.1850000000000000800, 0.09039861687269366800, 0.2536897542844667700 ) ) ;
#6962 = VERTEX_POINT ( 'NONE', #2310 ) ;
#6963 = LINE ( 'NONE', #1547, #8856 ) ;
#6964 = VERTEX_POINT ( 'NONE', #1416 ) ;
#6965 = CYLINDRICAL_SURFACE ( 'NONE', #761, 0.002101383127306324400 ) ;
#6966 = VECTOR ( 'NONE', #6735, 39.37007874015748100 ) ;
#6967 = CARTESIAN_POINT ( 'NONE',  ( -0.03499999999999993400, 0.09249999999999977700, 0.2656072902104091900 ) ) ;
#6968 = DIRECTION ( 'NONE',  ( 0.0000000000000000000, 0.0000000000000000000, 1.000000000000000000 ) ) ;
#6969 = DIMENSIONAL_EXPONENTS ( 1.000000000000000000, 0.0000000000000000000, 0.0000000000000000000, 0.0000000000000000000, 0.0000000000000000000, 0.0000000000000000000, 0.0000000000000000000 ) ;
#6970 = VERTEX_POINT ( 'NONE', #4901 ) ;
#6971 = AXIS2_PLACEMENT_3D ( 'NONE', #1247, #2848, #5426 ) ;
#6972 = ORIENTED_EDGE ( 'NONE', *, *, #271, .T. ) ;
#6973 = ORIENTED_EDGE ( 'NONE', *, *, #1598, .T. ) ;
#6974 = EDGE_CURVE ( 'NONE', #694, #5231, #7360, .T. ) ;
#6975 = CIRCLE ( 'NONE', #5059, 0.002101383127306358700 ) ;
#6976 = ORIENTED_EDGE ( 'NONE', *, *, #4417, .T. ) ;
#6977 = FACE_OUTER_BOUND ( 'NONE', #3174, .T. ) ;
#6978 = CARTESIAN_POINT ( 'NONE',  ( -0.06499999999999996100, 0.01173648177666930000, -0.2798480775301220900 ) ) ;
#6979 =( CONVERSION_BASED_UNIT ( 'INCH', #2321 ) LENGTH_UNIT ( ) NAMED_UNIT ( #4582 ) );
#6980 = DIRECTION ( 'NONE',  ( -1.000000000000000000, -0.0000000000000000000, -0.0000000000000000000 ) ) ;
#6981 = CARTESIAN_POINT ( 'NONE',  ( -0.1849999999999999700, 0.09039861687269366800, -0.2536897542844667700 ) ) ;
#6982 = ADVANCED_FACE ( 'NONE', ( #523 ), #560, .T. ) ;
#6983 = EDGE_LOOP ( 'NONE', ( #1032, #6128, #702, #3761 ) ) ;
#6984 = ORIENTED_EDGE ( 'NONE', *, *, #9443, .T. ) ;
#6985 = CARTESIAN_POINT ( 'NONE',  ( -0.06499999999999996100, 0.09039861687269366800, -0.2536897542844667700 ) ) ;
#6986 = ORIENTED_EDGE ( 'NONE', *, *, #11003, .F. ) ;
#6987 = LINE ( 'NONE', #8375, #9005 ) ;
#6988 = AXIS2_PLACEMENT_3D ( 'NONE', #2938, #6242, #3799 ) ;
#6989 = MANIFOLD_SOLID_BREP ( 'Pin 18', #8895 ) ;
#6990 = DIRECTION ( 'NONE',  ( 1.000000000000000000, 0.0000000000000000000, -0.0000000000000000000 ) ) ;
#6991 = EDGE_CURVE ( 'NONE', #4531, #3459, #10623, .T. ) ;
#6992 = AXIS2_PLACEMENT_3D ( 'NONE', #9265, #1772, #6850 ) ;
#6993 = CARTESIAN_POINT ( 'NONE',  ( -0.03499999999999993400, 0.09039861687269366800, -0.2536897542844667700 ) ) ;
#6994 = CARTESIAN_POINT ( 'NONE',  ( 0.1350000000000000600, 0.01210138312730608600, -0.2819175359259424300 ) ) ;
#6995 = ORIENTED_EDGE ( 'NONE', *, *, #4477, .T. ) ;
#6996 = ORIENTED_EDGE ( 'NONE', *, *, #7724, .F. ) ;
#6997 = VECTOR ( 'NONE', #4206, 39.37007874015748900 ) ;
#6998 = ORIENTED_EDGE ( 'NONE', *, *, #6824, .F. ) ;
#6999 = FACE_OUTER_BOUND ( 'NONE', #4014, .T. ) ;
#7000 = ORIENTED_EDGE ( 'NONE', *, *, #7109, .T. ) ;
#7001 = CARTESIAN_POINT ( 'NONE',  ( 0.2350000000000000400, 0.09249999999999998500, -0.2399999999999999100 ) ) ;
#7002 = ORIENTED_EDGE ( 'NONE', *, *, #10145, .F. ) ;
#7003 = VERTEX_POINT ( 'NONE', #5754 ) ;
#7004 = EDGE_CURVE ( 'NONE', #717, #1741, #3869, .T. ) ;
#7005 = EDGE_LOOP ( 'NONE', ( #6597, #8146, #6724, #3991, #5442, #1739, #9001, #936, #7825, #8669, #10564, #7361 ) ) ;
#7006 = AXIS2_PLACEMENT_3D ( 'NONE', #4540, #8769, #3614 ) ;
#7007 = VECTOR ( 'NONE', #7917, 39.37007874015748100 ) ;
#7008 = ORIENTED_EDGE ( 'NONE', *, *, #1386, .F. ) ;
#7009 = EDGE_LOOP ( 'NONE', ( #10054, #6941, #3866, #2917 ) ) ;
#7010 = ORIENTED_EDGE ( 'NONE', *, *, #5176, .T. ) ;
#7011 = CARTESIAN_POINT ( 'NONE',  ( -0.1349999999999999500, 0.09249999999999998500, 0.2399999999999999100 ) ) ;
#7012 = DIRECTION ( 'NONE',  ( 0.0000000000000000000, -0.0000000000000000000, -1.000000000000000000 ) ) ;
#7013 = VECTOR ( 'NONE', #1721, 39.37007874015748900 ) ;
#7014 = EDGE_CURVE ( 'NONE', #3957, #7952, #4422, .T. ) ;
#7015 =( GEOMETRIC_REPRESENTATION_CONTEXT ( 3 ) GLOBAL_UNCERTAINTY_ASSIGNED_CONTEXT ( ( #2641 ) ) GLOBAL_UNIT_ASSIGNED_CONTEXT ( ( #9258, #10977, #4238 ) ) REPRESENTATION_CONTEXT ( 'NONE', 'WORKASPACE' ) );
#7016 = CIRCLE ( 'NONE', #1331, 0.002101383127306324400 ) ;
#7017 = EDGE_CURVE ( 'NONE', #7507, #8857, #9002, .T. ) ;
#7018 = ORIENTED_EDGE ( 'NONE', *, *, #8190, .F. ) ;
#7019 = VERTEX_POINT ( 'NONE', #1642 ) ;
#7020 = ORIENTED_EDGE ( 'NONE', *, *, #4047, .T. ) ;
#7021 = DIRECTION ( 'NONE',  ( 1.000000000000000000, 0.0000000000000000000, 0.0000000000000000000 ) ) ;
#7022 = DIRECTION ( 'NONE',  ( -1.000000000000000000, -0.0000000000000000000, -0.0000000000000000000 ) ) ;
#7023 = DIRECTION ( 'NONE',  ( -1.000000000000000000, -0.0000000000000000000, -0.0000000000000000000 ) ) ;
#7024 = VECTOR ( 'NONE', #2435, 39.37007874015748100 ) ;
#7025 = DIRECTION ( 'NONE',  ( 0.0000000000000000000, 0.0000000000000000000, -1.000000000000000000 ) ) ;
#7026 = LINE ( 'NONE', #5195, #2183 ) ;
#7027 = AXIS2_PLACEMENT_3D ( 'NONE', #6641, #4051, #11060 ) ;
#7028 = ADVANCED_FACE ( 'NONE', ( #7905 ), #859, .F. ) ;
#7029 = AXIS2_PLACEMENT_3D ( 'NONE', #9190, #1371, #8397 ) ;
#7030 = LINE ( 'NONE', #1188, #4733 ) ;
#7031 = EDGE_CURVE ( 'NONE', #11064, #4850, #2929, .T. ) ;
#7032 = ORIENTED_EDGE ( 'NONE', *, *, #311, .F. ) ;
#7033 = SURFACE_STYLE_FILL_AREA ( #1111 ) ;
#7034 = VERTEX_POINT ( 'NONE', #52 ) ;
#7035 = COLOUR_RGB ( '',0.7921568627450980000, 0.8196078431372548800, 0.9333333333333333500 ) ;
#7036 = LINE ( 'NONE', #5679, #3548 ) ;
#7037 = ADVANCED_FACE ( 'NONE', ( #7231 ), #8530, .T. ) ;
#7038 = CARTESIAN_POINT ( 'NONE',  ( -0.2849999999999999800, 0.01000000000000000400, -0.2700000000000000200 ) ) ;
#7039 = ORIENTED_EDGE ( 'NONE', *, *, #10108, .F. ) ;
#7040 = VECTOR ( 'NONE', #2270, 39.37007874015748100 ) ;
#7041 = CARTESIAN_POINT ( 'NONE',  ( 0.1350000000000000600, 0.01173648177666930900, 0.2798480775301220900 ) ) ;
#7042 = AXIS2_PLACEMENT_3D ( 'NONE', #2723, #3664, #8860 ) ;
#7043 = DIRECTION ( 'NONE',  ( -0.0000000000000000000, 1.000000000000000000, -0.0000000000000000000 ) ) ;
#7044 = FACE_OUTER_BOUND ( 'NONE', #10959, .T. ) ;
#7045 = EDGE_CURVE ( 'NONE', #8454, #10998, #4794, .T. ) ;
#7046 = CARTESIAN_POINT ( 'NONE',  ( 0.2350000000000000400, 0.009999999999999993300, 0.3150000000000000000 ) ) ;
#7047 = AXIS2_PLACEMENT_3D ( 'NONE', #10406, #73, #5219 ) ;
#7048 = EDGE_LOOP ( 'NONE', ( #3741, #6932, #6074, #5440 ) ) ;
#7049 = ORIENTED_EDGE ( 'NONE', *, *, #411, .F. ) ;
#7050 = DIRECTION ( 'NONE',  ( 0.0000000000000000000, 0.0000000000000000000, 1.000000000000000000 ) ) ;
#7051 = LINE ( 'NONE', #1798, #2208 ) ;
#7052 = DIRECTION ( 'NONE',  ( 0.0000000000000000000, -1.000000000000000000, 0.0000000000000000000 ) ) ;
#7053 = CARTESIAN_POINT ( 'NONE',  ( 0.01500000000000004500, 0.009999999999999753900, 0.2819175359259424300 ) ) ;
#7054 = DIRECTION ( 'NONE',  ( -0.0000000000000000000, 1.000000000000000000, 7.193223902257864100E-015 ) ) ;
#7055 = CIRCLE ( 'NONE', #811, 0.01210138312730635500 ) ;
#7056 = DIRECTION ( 'NONE',  ( -0.0000000000000000000, 1.000000000000000000, -0.0000000000000000000 ) ) ;
#7057 = DIRECTION ( 'NONE',  ( -1.000000000000000000, -0.0000000000000000000, -0.0000000000000000000 ) ) ;
#7058 = EDGE_CURVE ( 'NONE', #4281, #6921, #1855, .T. ) ;
#7059 = DIRECTION ( 'NONE',  ( 0.0000000000000000000, -0.9848077530122082400, 0.1736481776669295800 ) ) ;
#7060 = ORIENTED_EDGE ( 'NONE', *, *, #594, .T. ) ;
#7061 = EDGE_CURVE ( 'NONE', #1148, #3988, #782, .T. ) ;
#7062 =( GEOMETRIC_REPRESENTATION_CONTEXT ( 3 ) GLOBAL_UNCERTAINTY_ASSIGNED_CONTEXT ( ( #4970 ) ) GLOBAL_UNIT_ASSIGNED_CONTEXT ( ( #6298, #1153, #8021 ) ) REPRESENTATION_CONTEXT ( 'NONE', 'WORKASPACE' ) );
#7063 = ORIENTED_EDGE ( 'NONE', *, *, #349, .F. ) ;
#7064 = LINE ( 'NONE', #74, #4765 ) ;
#7065 = LINE ( 'NONE', #5383, #7194 ) ;
#7066 = ORIENTED_EDGE ( 'NONE', *, *, #2029, .F. ) ;
#7067 = PLANE ( 'NONE',  #7147 ) ;
#7068 = ORIENTED_EDGE ( 'NONE', *, *, #5844, .F. ) ;
#7069 = VECTOR ( 'NONE', #611, 39.37007874015748100 ) ;
#7070 = CIRCLE ( 'NONE', #9881, 0.01210138312730632000 ) ;
#7071 = LINE ( 'NONE', #7159, #11120 ) ;
#7072 = EDGE_CURVE ( 'NONE', #6159, #9356, #4411, .T. ) ;
#7073 = MECHANICAL_DESIGN_GEOMETRIC_PRESENTATION_REPRESENTATION (  '', ( #6490 ), #8820 ) ;
#7074 =( CONVERSION_BASED_UNIT ( 'INCH', #6092 ) LENGTH_UNIT ( ) NAMED_UNIT ( #7972 ) );
#7075 = CARTESIAN_POINT ( 'NONE',  ( 0.08500000000000004800, 0.09076351822333045300, 0.2557592126802871200 ) ) ;
#7076 = EDGE_CURVE ( 'NONE', #8519, #1183, #4941, .T. ) ;
#7077 = EDGE_LOOP ( 'NONE', ( #9398, #7219, #2437, #390 ) ) ;
#7078 = ADVANCED_FACE ( 'NONE', ( #9120 ), #1714, .F. ) ;
#7079 = LINE ( 'NONE', #7730, #2511 ) ;
#7080 = DIRECTION ( 'NONE',  ( -0.0000000000000000000, 0.9848077530122080200, 0.1736481776669304100 ) ) ;
#7081 = VERTEX_POINT ( 'NONE', #10234 ) ;
#7082 = FACE_OUTER_BOUND ( 'NONE', #1345, .T. ) ;
#7083 = CYLINDRICAL_SURFACE ( 'NONE', #377, 0.002101383127306358700 ) ;
#7084 = CARTESIAN_POINT ( 'NONE',  ( -0.06499999999999996100, 0.09249999999999998500, 0.2399999999999999100 ) ) ;
#7085 = DIRECTION ( 'NONE',  ( -1.000000000000000000, -0.0000000000000000000, -0.0000000000000000000 ) ) ;
#7086 = CARTESIAN_POINT ( 'NONE',  ( -0.2150000000000000000, 0.1024999999999999800, 0.2399999999999999100 ) ) ;
#7087 = VERTEX_POINT ( 'NONE', #8568 ) ;
#7088 = VERTEX_POINT ( 'NONE', #3280 ) ;
#7089 = DIRECTION ( 'NONE',  ( 0.0000000000000000000, 0.0000000000000000000, 1.000000000000000000 ) ) ;
#7090 = VECTOR ( 'NONE', #897, 39.37007874015748100 ) ;
#7091 = AXIS2_PLACEMENT_3D ( 'NONE', #5309, #9669, #2764 ) ;
#7092 = EDGE_LOOP ( 'NONE', ( #4926, #3697, #8506, #1063 ) ) ;
#7093 = DIRECTION ( 'NONE',  ( -1.000000000000000000, -0.0000000000000000000, -0.0000000000000000000 ) ) ;
#7094 = EDGE_CURVE ( 'NONE', #5508, #1981, #645, .T. ) ;
#7095 = VECTOR ( 'NONE', #1401, 39.37007874015748100 ) ;
#7096 = ADVANCED_FACE ( 'NONE', ( #4534 ), #5084, .F. ) ;
#7097 = CARTESIAN_POINT ( 'NONE',  ( -0.01499999999999994200, 0.09039861687269366800, 0.2536897542844667700 ) ) ;
#7098 = DIRECTION ( 'NONE',  ( 0.0000000000000000000, 7.193223902257864100E-015, -1.000000000000000000 ) ) ;
#7099 = VERTEX_POINT ( 'NONE', #6758 ) ;
#7100 = ORIENTED_EDGE ( 'NONE', *, *, #10311, .T. ) ;
#7101 = ORIENTED_EDGE ( 'NONE', *, *, #3157, .T. ) ;
#7102 = CARTESIAN_POINT ( 'NONE',  ( -0.1149999999999999600, -2.603792618961250900E-016, 0.2819175359259424900 ) ) ;
#7103 = PRESENTATION_STYLE_ASSIGNMENT (( #1520 ) ) ;
#7104 = ORIENTED_EDGE ( 'NONE', *, *, #10629, .F. ) ;
#7105 = CARTESIAN_POINT ( 'NONE',  ( -0.2150000000000000000, -3.201384367575308500E-018, 0.3150000000000000600 ) ) ;
#7106 = ORIENTED_EDGE ( 'NONE', *, *, #6663, .T. ) ;
#7107 = CYLINDRICAL_SURFACE ( 'NONE', #10318, 0.002101383127306358700 ) ;
#7108 = PRESENTATION_LAYER_ASSIGNMENT (  '', '', ( #9861 ) ) ;
#7109 = EDGE_CURVE ( 'NONE', #2213, #9895, #6975, .T. ) ;
#7110 = ORIENTED_EDGE ( 'NONE', *, *, #8964, .T. ) ;
#7111 = ORIENTED_EDGE ( 'NONE', *, *, #6058, .T. ) ;
#7112 = LINE ( 'NONE', #2709, #2266 ) ;
#7113 = SURFACE_SIDE_STYLE ('',( #7033 ) ) ;
#7114 = FACE_OUTER_BOUND ( 'NONE', #1887, .T. ) ;
#7115 = CARTESIAN_POINT ( 'NONE',  ( -0.1349999999999999500, 0.09076351822333045300, 0.2557592126802870600 ) ) ;
#7116 = CARTESIAN_POINT ( 'NONE',  ( 0.2850000000000000900, 0.09249999999999974900, -0.2656072902104091300 ) ) ;
#7117 = UNCERTAINTY_MEASURE_WITH_UNIT (LENGTH_MEASURE( 1.000000000000000100E-005 ), #3243, 'distance_accuracy_value', 'NONE');
#7118 = CARTESIAN_POINT ( 'NONE',  ( 0.1150000000000000700, 0.009999999999999753900, -0.2819175359259424300 ) ) ;
#7119 = DIRECTION ( 'NONE',  ( -0.0000000000000000000, -7.193223902257864100E-015, -1.000000000000000000 ) ) ;
#7120 = CARTESIAN_POINT ( 'NONE',  ( -0.2150000000000000000, 0.1024999999999999900, 0.2536897542844667700 ) ) ;
#7121 = ORIENTED_EDGE ( 'NONE', *, *, #4434, .T. ) ;
#7122 = ORIENTED_EDGE ( 'NONE', *, *, #3591, .F. ) ;
#7123 = DIMENSIONAL_EXPONENTS ( 1.000000000000000000, 0.0000000000000000000, 0.0000000000000000000, 0.0000000000000000000, 0.0000000000000000000, 0.0000000000000000000, 0.0000000000000000000 ) ;
#7124 = VECTOR ( 'NONE', #836, 39.37007874015748100 ) ;
#7125 = EDGE_LOOP ( 'NONE', ( #2935, #2395, #5086, #4033 ) ) ;
#7126 = PLANE ( 'NONE',  #2485 ) ;
#7127 = EDGE_CURVE ( 'NONE', #10135, #7828, #9261, .T. ) ;
#7128 = FACE_OUTER_BOUND ( 'NONE', #4074, .T. ) ;
#7129 = ORIENTED_EDGE ( 'NONE', *, *, #3833, .T. ) ;
#7130 = AXIS2_PLACEMENT_3D ( 'NONE', #7591, #5062, #5021 ) ;
#7131 = CARTESIAN_POINT ( 'NONE',  ( 0.2850000000000000900, 0.009999999999999759100, -0.2819175359259424300 ) ) ;
#7132 = SURFACE_STYLE_USAGE ( .BOTH. , #8836 ) ;
#7133 = CARTESIAN_POINT ( 'NONE',  ( 0.1150000000000000700, 0.1024999999999999900, 0.2536897542844667700 ) ) ;
#7134 = ORIENTED_EDGE ( 'NONE', *, *, #4759, .T. ) ;
#7135 = PLANE ( 'NONE',  #11040 ) ;
#7136 = ORIENTED_EDGE ( 'NONE', *, *, #1283, .T. ) ;
#7137 = VERTEX_POINT ( 'NONE', #1903 ) ;
#7138 = VECTOR ( 'NONE', #6802, 39.37007874015748100 ) ;
#7139 = ADVANCED_FACE ( 'NONE', ( #5875 ), #11083, .F. ) ;
#7140 = EDGE_LOOP ( 'NONE', ( #9461, #3596, #9500, #10647 ) ) ;
#7141 = LINE ( 'NONE', #7818, #7013 ) ;
#7142 = DIRECTION ( 'NONE',  ( -1.000000000000000000, -0.0000000000000000000, -0.0000000000000000000 ) ) ;
#7143 = DIRECTION ( 'NONE',  ( -0.0000000000000000000, 1.000000000000000000, 6.829619984160684300E-015 ) ) ;
#7144 = EDGE_CURVE ( 'NONE', #4847, #8837, #2666, .T. ) ;
#7145 = ORIENTED_EDGE ( 'NONE', *, *, #3476, .F. ) ;
#7146 = ORIENTED_EDGE ( 'NONE', *, *, #6603, .F. ) ;
#7147 = AXIS2_PLACEMENT_3D ( 'NONE', #1926, #256, #7974 ) ;
#7148 = ORIENTED_EDGE ( 'NONE', *, *, #10594, .F. ) ;
#7149 = EDGE_CURVE ( 'NONE', #4326, #8815, #9937, .T. ) ;
#7150 = CARTESIAN_POINT ( 'NONE',  ( 0.1350000000000000600, 0.009999999999999956800, -0.3150000000000000000 ) ) ;
#7151 = FILL_AREA_STYLE ('',( #2902 ) ) ;
#7152 = DIRECTION ( 'NONE',  ( -1.000000000000000000, -0.0000000000000000000, -0.0000000000000000000 ) ) ;
#7153 = VECTOR ( 'NONE', #10307, 39.37007874015748100 ) ;
#7154 = DIRECTION ( 'NONE',  ( 1.000000000000000000, 0.0000000000000000000, 0.0000000000000000000 ) ) ;
#7155 = CYLINDRICAL_SURFACE ( 'NONE', #8920, 0.002101383127306358700 ) ;
#7156 = DIRECTION ( 'NONE',  ( -0.0000000000000000000, 1.000000000000000000, 0.0000000000000000000 ) ) ;
#7157 = DIRECTION ( 'NONE',  ( -1.000000000000000000, -0.0000000000000000000, -0.0000000000000000000 ) ) ;
#7158 = ORIENTED_EDGE ( 'NONE', *, *, #5318, .F. ) ;
#7159 = CARTESIAN_POINT ( 'NONE',  ( -0.1849999999999999700, -2.411709556906732200E-016, 0.2819175359259424900 ) ) ;
#7160 = VECTOR ( 'NONE', #5410, 39.37007874015748100 ) ;
#7161 = CARTESIAN_POINT ( 'NONE',  ( -0.1349999999999999500, 0.09249999999999974900, -0.2656072902104091300 ) ) ;
#7162 = AXIS2_PLACEMENT_3D ( 'NONE', #1154, #8097, #5453 ) ;
#7163 = CIRCLE ( 'NONE', #5514, 0.01210138312730632000 ) ;
#7164 = EDGE_CURVE ( 'NONE', #1814, #6889, #4672, .T. ) ;
#7165 =( NAMED_UNIT ( * ) SI_UNIT ( $, .STERADIAN. ) SOLID_ANGLE_UNIT ( ) );
#7166 = CARTESIAN_POINT ( 'NONE',  ( -0.1649999999999999800, -2.411709556906732200E-016, -0.2819175359259424900 ) ) ;
#7167 = PLANE ( 'NONE',  #6380 ) ;
#7168 = VECTOR ( 'NONE', #7223, 39.37007874015748100 ) ;
#7169 = DIRECTION ( 'NONE',  ( -2.845674993400276900E-016, -0.0000000000000000000, -1.000000000000000000 ) ) ;
#7170 = ORIENTED_EDGE ( 'NONE', *, *, #9403, .T. ) ;
#7171 = CIRCLE ( 'NONE', #4585, 0.01210138312730635500 ) ;
#7172 = CARTESIAN_POINT ( 'NONE',  ( 0.1650000000000000900, 0.009999999999999753900, -0.2819175359259424300 ) ) ;
#7173 = LINE ( 'NONE', #8766, #5962 ) ;
#7174 = AXIS2_PLACEMENT_3D ( 'NONE', #5027, #5070, #4960 ) ;
#7175 = DIRECTION ( 'NONE',  ( 0.0000000000000000000, 0.0000000000000000000, 1.000000000000000000 ) ) ;
#7176 = EDGE_CURVE ( 'NONE', #3901, #503, #7637, .T. ) ;
#7177 = CARTESIAN_POINT ( 'NONE',  ( -0.3449999999999998600, 0.1024999999999999800, -0.2399999999999996300 ) ) ;
#7178 = ORIENTED_EDGE ( 'NONE', *, *, #8461, .T. ) ;
#7179 = EDGE_LOOP ( 'NONE', ( #5424, #5886, #5894, #5330 ) ) ;
#7180 = VECTOR ( 'NONE', #60, 39.37007874015748100 ) ;
#7181 = VECTOR ( 'NONE', #8701, 39.37007874015748100 ) ;
#7182 = DIRECTION ( 'NONE',  ( 0.0000000000000000000, 0.0000000000000000000, -1.000000000000000000 ) ) ;
#7183 = DIRECTION ( 'NONE',  ( 1.000000000000000000, 0.0000000000000000000, 0.0000000000000000000 ) ) ;
#7184 = ORIENTED_EDGE ( 'NONE', *, *, #780, .T. ) ;
#7185 = CARTESIAN_POINT ( 'NONE',  ( 0.1150000000000000700, 0.09039861687269366800, 0.2536897542844667700 ) ) ;
#7186 = EDGE_CURVE ( 'NONE', #6843, #7672, #5331, .T. ) ;
#7187 = AXIS2_PLACEMENT_3D ( 'NONE', #1177, #8113, #7287 ) ;
#7188 = CARTESIAN_POINT ( 'NONE',  ( 0.03500000000000003800, 0.01210138312730608600, 0.2819175359259424300 ) ) ;
#7189 = VERTEX_POINT ( 'NONE', #6216 ) ;
#7190 = DIRECTION ( 'NONE',  ( -1.000000000000000000, -0.0000000000000000000, -0.0000000000000000000 ) ) ;
#7191 = EDGE_CURVE ( 'NONE', #3058, #8585, #10215, .T. ) ;
#7192 = ADVANCED_FACE ( 'NONE', ( #6831 ), #8736, .F. ) ;
#7193 = AXIS2_PLACEMENT_3D ( 'NONE', #8591, #1808, #4364 ) ;
#7194 = VECTOR ( 'NONE', #9774, 39.37007874015748900 ) ;
#7195 = DIRECTION ( 'NONE',  ( 0.0000000000000000000, 5.999729353452748200E-015, -1.000000000000000000 ) ) ;
#7196 = ORIENTED_EDGE ( 'NONE', *, *, #396, .F. ) ;
#7197 = SURFACE_STYLE_USAGE ( .BOTH. , #8027 ) ;
#7198 = VERTEX_POINT ( 'NONE', #9549 ) ;
#7199 = FACE_OUTER_BOUND ( 'NONE', #873, .T. ) ;
#7200 = CARTESIAN_POINT ( 'NONE',  ( -0.06499999999999996100, 0.09076351822333045300, 0.2557592126802871200 ) ) ;
#7201 = VECTOR ( 'NONE', #1657, 39.37007874015748100 ) ;
#7202 = LINE ( 'NONE', #5929, #1827 ) ;
#7203 = ADVANCED_FACE ( 'NONE', ( #1324 ), #88, .F. ) ;
#7204 = DIRECTION ( 'NONE',  ( 0.0000000000000000000, 0.0000000000000000000, 1.000000000000000000 ) ) ;
#7205 = EDGE_CURVE ( 'NONE', #9202, #8168, #1199, .T. ) ;
#7206 = AXIS2_PLACEMENT_3D ( 'NONE', #3551, #8076, #10404 ) ;
#7207 = ORIENTED_EDGE ( 'NONE', *, *, #10689, .T. ) ;
#7208 = ORIENTED_EDGE ( 'NONE', *, *, #2535, .F. ) ;
#7209 = LINE ( 'NONE', #1597, #9241 ) ;
#7210 = CARTESIAN_POINT ( 'NONE',  ( -0.01499999999999994200, 0.09249999999999977700, 0.2656072902104091900 ) ) ;
#7211 = LINE ( 'NONE', #10893, #2367 ) ;
#7212 = CARTESIAN_POINT ( 'NONE',  ( 0.1650000000000000900, 0.09249999999999998500, -0.2399999999999999100 ) ) ;
#7213 = DIRECTION ( 'NONE',  ( -1.000000000000000000, -0.0000000000000000000, -0.0000000000000000000 ) ) ;
#7214 = DIRECTION ( 'NONE',  ( -1.000000000000000000, -0.0000000000000000000, -0.0000000000000000000 ) ) ;
#7215 = ORIENTED_EDGE ( 'NONE', *, *, #6639, .T. ) ;
#7216 = EDGE_LOOP ( 'NONE', ( #5725, #6079, #4010, #8086 ) ) ;
#7217 = LINE ( 'NONE', #4692, #4784 ) ;
#7218 = ORIENTED_EDGE ( 'NONE', *, *, #4913, .T. ) ;
#7219 = ORIENTED_EDGE ( 'NONE', *, *, #10903, .F. ) ;
#7220 = VECTOR ( 'NONE', #10889, 39.37007874015748100 ) ;
#7221 = EDGE_CURVE ( 'NONE', #389, #9147, #10075, .T. ) ;
#7222 = LINE ( 'NONE', #4884, #6544 ) ;
#7223 = DIRECTION ( 'NONE',  ( -1.000000000000000000, -0.0000000000000000000, -0.0000000000000000000 ) ) ;
#7224 = EDGE_CURVE ( 'NONE', #6583, #10188, #5602, .T. ) ;
#7225 = DIRECTION ( 'NONE',  ( -0.0000000000000000000, 0.1736481776669296100, 0.9848077530122082400 ) ) ;
#7226 = DIRECTION ( 'NONE',  ( 0.0000000000000000000, -1.000000000000000000, 6.829619984160659800E-015 ) ) ;
#7227 = DIRECTION ( 'NONE',  ( 0.0000000000000000000, 0.0000000000000000000, 1.000000000000000000 ) ) ;
#7228 = PLANE ( 'NONE',  #7162 ) ;
#7229 = ORIENTED_EDGE ( 'NONE', *, *, #3112, .F. ) ;
#7230 = ORIENTED_EDGE ( 'NONE', *, *, #3676, .F. ) ;
#7231 = FACE_OUTER_BOUND ( 'NONE', #4937, .T. ) ;
#7232 = DIRECTION ( 'NONE',  ( -1.000000000000000000, -0.0000000000000000000, -0.0000000000000000000 ) ) ;
#7233 = ORIENTED_EDGE ( 'NONE', *, *, #7186, .F. ) ;
#7234 = LINE ( 'NONE', #3696, #10486 ) ;
#7235 = CARTESIAN_POINT ( 'NONE',  ( -0.2150000000000000000, 0.01210138312730608600, -0.2819175359259424300 ) ) ;
#7236 = FILL_AREA_STYLE_COLOUR ( '', #862 ) ;
#7237 = CARTESIAN_POINT ( 'NONE',  ( 0.2350000000000000400, 0.09249999999999999900, -0.2536897542844667700 ) ) ;
#7238 = AXIS2_PLACEMENT_3D ( 'NONE', #8217, #4031, #2232 ) ;
#7239 = DIRECTION ( 'NONE',  ( 1.000000000000000000, 0.0000000000000000000, 0.0000000000000000000 ) ) ;
#7240 = ORIENTED_EDGE ( 'NONE', *, *, #2049, .T. ) ;
#7241 = EDGE_LOOP ( 'NONE', ( #10677, #10533, #9673, #1357 ) ) ;
#7242 = EDGE_CURVE ( 'NONE', #3731, #694, #10484, .T. ) ;
#7243 = VECTOR ( 'NONE', #3421, 39.37007874015748100 ) ;
#7244 = CARTESIAN_POINT ( 'NONE',  ( -0.2650000000000000100, 0.01000000000000000400, -0.2700000000000000200 ) ) ;
#7245 = CIRCLE ( 'NONE', #2145, 0.01210138312730635500 ) ;
#7246 = ADVANCED_FACE ( 'NONE', ( #8991 ), #6112, .F. ) ;
#7247 = DIRECTION ( 'NONE',  ( -0.0000000000000000000, 1.000000000000000000, 6.829619984160684300E-015 ) ) ;
#7248 = ORIENTED_EDGE ( 'NONE', *, *, #4195, .T. ) ;
#7249 = ORIENTED_EDGE ( 'NONE', *, *, #3959, .F. ) ;
#7250 = ORIENTED_EDGE ( 'NONE', *, *, #8731, .F. ) ;
#7251 = LINE ( 'NONE', #1428, #6714 ) ;
#7252 = VECTOR ( 'NONE', #9256, 39.37007874015748100 ) ;
#7253 = ORIENTED_EDGE ( 'NONE', *, *, #6147, .F. ) ;
#7254 = UNCERTAINTY_MEASURE_WITH_UNIT (LENGTH_MEASURE( 1.000000000000000100E-005 ), #5683, 'distance_accuracy_value', 'NONE');
#7255 = EDGE_CURVE ( 'NONE', #10998, #5197, #9676, .T. ) ;
#7256 = AXIS2_PLACEMENT_3D ( 'NONE', #6265, #3782, #7089 ) ;
#7257 = ORIENTED_EDGE ( 'NONE', *, *, #428, .F. ) ;
#7258 = ADVANCED_FACE ( 'NONE', ( #9808 ), #6691, .F. ) ;
#7259 = CARTESIAN_POINT ( 'NONE',  ( -0.2349999999999999900, -3.201384367575308500E-018, -0.3150000000000000600 ) ) ;
#7260 = CARTESIAN_POINT ( 'NONE',  ( 0.1150000000000000700, 0.009999999999999993300, 0.3150000000000000000 ) ) ;
#7261 = ORIENTED_EDGE ( 'NONE', *, *, #878, .T. ) ;
#7262 = VERTEX_POINT ( 'NONE', #5381 ) ;
#7263 = CARTESIAN_POINT ( 'NONE',  ( -0.06499999999999996100, 0.09076351822333045300, 0.2557592126802871200 ) ) ;
#7264 = ORIENTED_EDGE ( 'NONE', *, *, #2893, .F. ) ;
#7265 = CARTESIAN_POINT ( 'NONE',  ( -0.1349999999999999500, 0.01210138312730608600, 0.2819175359259424300 ) ) ;
#7266 = LENGTH_MEASURE_WITH_UNIT ( LENGTH_MEASURE( 0.02539999999999999900 ), #9495 );
#7267 = DIRECTION ( 'NONE',  ( 0.0000000000000000000, -0.9848077530122080200, -0.1736481776669304400 ) ) ;
#7268 = VECTOR ( 'NONE', #8145, 39.37007874015748100 ) ;
#7269 = ORIENTED_EDGE ( 'NONE', *, *, #1360, .F. ) ;
#7270 = ORIENTED_EDGE ( 'NONE', *, *, #1742, .F. ) ;
#7271 = ORIENTED_EDGE ( 'NONE', *, *, #9338, .F. ) ;
#7272 = DIRECTION ( 'NONE',  ( 0.0000000000000000000, 0.0000000000000000000, -1.000000000000000000 ) ) ;
#7273 = ORIENTED_EDGE ( 'NONE', *, *, #1681, .F. ) ;
#7274 = EDGE_CURVE ( 'NONE', #10188, #389, #6418, .T. ) ;
#7275 = AXIS2_PLACEMENT_3D ( 'NONE', #9626, #979, #10499 ) ;
#7276 = DIRECTION ( 'NONE',  ( -0.03487826274237470400, 0.9987827659587182900, -0.03487826274237467600 ) ) ;
#7277 = LINE ( 'NONE', #6894, #8367 ) ;
#7278 = ORIENTED_EDGE ( 'NONE', *, *, #2865, .T. ) ;
#7279 = DIRECTION ( 'NONE',  ( -1.000000000000000000, -0.0000000000000000000, -0.0000000000000000000 ) ) ;
#7280 = VECTOR ( 'NONE', #714, 39.37007874015748100 ) ;
#7281 = CARTESIAN_POINT ( 'NONE',  ( -0.2857222057372608100, 0.1749999999999998500, 0.2082222057372607700 ) ) ;
#7282 = ORIENTED_EDGE ( 'NONE', *, *, #8985, .T. ) ;
#7283 = VECTOR ( 'NONE', #10599, 39.37007874015748100 ) ;
#7284 = VERTEX_POINT ( 'NONE', #7986 ) ;
#7285 = VERTEX_POINT ( 'NONE', #339 ) ;
#7286 = VERTEX_POINT ( 'NONE', #6337 ) ;
#7287 = DIRECTION ( 'NONE',  ( 0.0000000000000000000, 1.000000000000000000, -6.829619984160661400E-015 ) ) ;
#7288 = CARTESIAN_POINT ( 'NONE',  ( 0.2850000000000000900, -2.411709556906732200E-016, 0.2819175359259424900 ) ) ;
#7289 = EDGE_CURVE ( 'NONE', #422, #8634, #4130, .T. ) ;
#7290 = AXIS2_PLACEMENT_3D ( 'NONE', #1152, #8093, #1232 ) ;
#7291 = VECTOR ( 'NONE', #8178, 39.37007874015748100 ) ;
#7292 = EDGE_CURVE ( 'NONE', #3059, #2118, #6160, .T. ) ;
#7293 = FILL_AREA_STYLE ('',( #2078 ) ) ;
#7294 = CIRCLE ( 'NONE', #3141, 0.002101383127306358700 ) ;
#7295 = DIRECTION ( 'NONE',  ( -1.000000000000000000, -0.0000000000000000000, -0.0000000000000000000 ) ) ;
#7296 = DIRECTION ( 'NONE',  ( 0.0000000000000000000, 0.0000000000000000000, 1.000000000000000000 ) ) ;
#7297 = VERTEX_POINT ( 'NONE', #1121 ) ;
#7298 = CIRCLE ( 'NONE', #10384, 0.01210138312730635500 ) ;
#7299 = CARTESIAN_POINT ( 'NONE',  ( 0.01500000000000004500, 0.009999999999999956800, -0.3150000000000000000 ) ) ;
#7300 = CIRCLE ( 'NONE', #7933, 0.01210138312730635500 ) ;
#7301 = ADVANCED_FACE ( 'NONE', ( #8456 ), #1238, .T. ) ;
#7302 = DIRECTION ( 'NONE',  ( 0.0000000000000000000, 0.0000000000000000000, -1.000000000000000000 ) ) ;
#7303 = ORIENTED_EDGE ( 'NONE', *, *, #7435, .T. ) ;
#7304 = EDGE_CURVE ( 'NONE', #8743, #684, #5067, .T. ) ;
#7305 = VERTEX_POINT ( 'NONE', #1196 ) ;
#7306 = CARTESIAN_POINT ( 'NONE',  ( 0.2650000000000000700, 0.009999999999999753900, 0.2819175359259424300 ) ) ;
#7307 = LINE ( 'NONE', #5607, #8117 ) ;
#7308 = CARTESIAN_POINT ( 'NONE',  ( 0.2150000000000000500, 0.09249999999999977700, 0.2656072902104091900 ) ) ;
#7309 = FACE_OUTER_BOUND ( 'NONE', #2007, .T. ) ;
#7310 = DIRECTION ( 'NONE',  ( 0.0000000000000000000, 0.9848077530122082400, 0.1736481776669296100 ) ) ;
#7311 = ADVANCED_FACE ( 'NONE', ( #7350 ), #7228, .T. ) ;
#7312 = CARTESIAN_POINT ( 'NONE',  ( 0.03500000000000003800, 0.09249999999999998500, 0.2536897542844667700 ) ) ;
#7313 = DIRECTION ( 'NONE',  ( -1.000000000000000000, -0.0000000000000000000, -0.0000000000000000000 ) ) ;
#7314 = VERTEX_POINT ( 'NONE', #8865 ) ;
#7315 = ORIENTED_EDGE ( 'NONE', *, *, #7364, .T. ) ;
#7316 = AXIS2_PLACEMENT_3D ( 'NONE', #2861, #9756, #5438 ) ;
#7317 = FACE_OUTER_BOUND ( 'NONE', #5585, .T. ) ;
#7318 = EDGE_CURVE ( 'NONE', #8431, #6304, #3607, .T. ) ;
#7319 = ORIENTED_EDGE ( 'NONE', *, *, #7645, .F. ) ;
#7320 = ORIENTED_EDGE ( 'NONE', *, *, #4780, .F. ) ;
#7321 = DIRECTION ( 'NONE',  ( -1.000000000000000000, -0.0000000000000000000, 0.0000000000000000000 ) ) ;
#7322 = DIRECTION ( 'NONE',  ( -0.0000000000000000000, 1.000000000000000000, 6.829619984160684300E-015 ) ) ;
#7323 = VERTEX_POINT ( 'NONE', #8022 ) ;
#7324 = LINE ( 'NONE', #3468, #6388 ) ;
#7325 = LINE ( 'NONE', #6768, #3306 ) ;
#7326 = VECTOR ( 'NONE', #9701, 39.37007874015748100 ) ;
#7327 = EDGE_LOOP ( 'NONE', ( #555, #9958, #2031, #1845 ) ) ;
#7328 = DIRECTION ( 'NONE',  ( 0.0000000000000000000, 7.225480511685028100E-015, 1.000000000000000000 ) ) ;
#7329 = CARTESIAN_POINT ( 'NONE',  ( 0.1150000000000000700, 0.09039861687269366800, -0.2536897542844667700 ) ) ;
#7330 = EDGE_LOOP ( 'NONE', ( #2830, #8197, #9450, #10994 ) ) ;
#7331 = EDGE_CURVE ( 'NONE', #3044, #3293, #2788, .T. ) ;
#7332 = DIRECTION ( 'NONE',  ( 0.0000000000000000000, 0.0000000000000000000, -1.000000000000000000 ) ) ;
#7333 = ORIENTED_EDGE ( 'NONE', *, *, #2982, .T. ) ;
#7334 = CIRCLE ( 'NONE', #10070, 0.002101383127306358700 ) ;
#7335 = CIRCLE ( 'NONE', #8282, 0.01210138312730632000 ) ;
#7336 = DIRECTION ( 'NONE',  ( -1.000000000000000000, -0.0000000000000000000, 0.0000000000000000000 ) ) ;
#7337 = LINE ( 'NONE', #301, #8717 ) ;
#7338 = DIRECTION ( 'NONE',  ( 0.0000000000000000000, 0.0000000000000000000, 1.000000000000000000 ) ) ;
#7339 = VERTEX_POINT ( 'NONE', #1980 ) ;
#7340 = VECTOR ( 'NONE', #1683, 39.37007874015748100 ) ;
#7341 = ORIENTED_EDGE ( 'NONE', *, *, #3040, .T. ) ;
#7342 = FILL_AREA_STYLE ('',( #519 ) ) ;
#7343 = ORIENTED_EDGE ( 'NONE', *, *, #9473, .F. ) ;
#7344 = LINE ( 'NONE', #7969, #2120 ) ;
#7345 = DIRECTION ( 'NONE',  ( 0.0000000000000000000, 0.0000000000000000000, 1.000000000000000000 ) ) ;
#7346 = EDGE_CURVE ( 'NONE', #5197, #137, #9400, .T. ) ;
#7347 = ADVANCED_FACE ( 'NONE', ( #10726 ), #5418, .F. ) ;
#7348 = ORIENTED_EDGE ( 'NONE', *, *, #6426, .F. ) ;
#7349 = VERTEX_POINT ( 'NONE', #4562 ) ;
#7350 = FACE_OUTER_BOUND ( 'NONE', #9580, .T. ) ;
#7351 = FILL_AREA_STYLE_COLOUR ( '', #10265 ) ;
#7352 = DIRECTION ( 'NONE',  ( 0.0000000000000000000, 0.9848077530122082400, -0.1736481776669296100 ) ) ;
#7353 = ORIENTED_EDGE ( 'NONE', *, *, #4845, .F. ) ;
#7354 = FACE_OUTER_BOUND ( 'NONE', #9498, .T. ) ;
#7355 = DIRECTION ( 'NONE',  ( 0.0000000000000000000, 0.0000000000000000000, 1.000000000000000000 ) ) ;
#7356 = ORIENTED_EDGE ( 'NONE', *, *, #6356, .T. ) ;
#7357 = ORIENTED_EDGE ( 'NONE', *, *, #10852, .T. ) ;
#7358 = EDGE_CURVE ( 'NONE', #5708, #10352, #512, .T. ) ;
#7359 = ADVANCED_FACE ( 'NONE', ( #9251 ), #10570, .F. ) ;
#7360 = LINE ( 'NONE', #625, #8192 ) ;
#7361 = ORIENTED_EDGE ( 'NONE', *, *, #4212, .T. ) ;
#7362 = AXIS2_PLACEMENT_3D ( 'NONE', #10039, #7541, #4041 ) ;
#7363 = DIRECTION ( 'NONE',  ( -1.000000000000000000, -0.0000000000000000000, 0.0000000000000000000 ) ) ;
#7364 = EDGE_CURVE ( 'NONE', #7874, #4958, #1570, .T. ) ;
#7365 = FACE_OUTER_BOUND ( 'NONE', #9424, .T. ) ;
#7366 = CARTESIAN_POINT ( 'NONE',  ( 0.1850000000000000800, 0.1024999999999999800, -0.2399999999999999100 ) ) ;
#7367 = CARTESIAN_POINT ( 'NONE',  ( -0.01499999999999994200, 0.09039861687269366800, -0.2536897542844667700 ) ) ;
#7368 = FILL_AREA_STYLE_COLOUR ( '', #4373 ) ;
#7369 = EDGE_LOOP ( 'NONE', ( #230, #5807, #430, #2742 ) ) ;
#7370 = ORIENTED_EDGE ( 'NONE', *, *, #3231, .T. ) ;
#7371 = VECTOR ( 'NONE', #9680, 39.37007874015748100 ) ;
#7372 = ORIENTED_EDGE ( 'NONE', *, *, #10108, .T. ) ;
#7373 = DIRECTION ( 'NONE',  ( 0.0000000000000000000, -0.9848077530122082400, 0.1736481776669295800 ) ) ;
#7374 = LINE ( 'NONE', #1799, #9142 ) ;
#7375 = DIRECTION ( 'NONE',  ( 0.0000000000000000000, -0.9848077530122082400, -0.1736481776669296100 ) ) ;
#7376 = CARTESIAN_POINT ( 'NONE',  ( 0.1350000000000000600, 0.01210138312730608600, -0.2819175359259424300 ) ) ;
#7377 = CARTESIAN_POINT ( 'NONE',  ( 0.1350000000000000600, 0.01210138312730608600, -0.2819175359259424300 ) ) ;
#7378 = AXIS2_PLACEMENT_3D ( 'NONE', #4303, #2839, #8862 ) ;
#7379 = CARTESIAN_POINT ( 'NONE',  ( -0.2857222057372608100, 0.1749999999999998500, 0.1532222057372607800 ) ) ;
#7380 = EDGE_CURVE ( 'NONE', #2842, #10105, #2918, .T. ) ;
#7381 = DIRECTION ( 'NONE',  ( -1.000000000000000000, -0.0000000000000000000, -0.0000000000000000000 ) ) ;
#7382 = DIRECTION ( 'NONE',  ( -0.0000000000000000000, 0.9848077530122082400, -0.1736481776669296100 ) ) ;
#7383 = ORIENTED_EDGE ( 'NONE', *, *, #9980, .T. ) ;
#7384 = ORIENTED_EDGE ( 'NONE', *, *, #10074, .T. ) ;
#7385 = VECTOR ( 'NONE', #4201, 39.37007874015748100 ) ;
#7386 = DIRECTION ( 'NONE',  ( -0.0000000000000000000, -5.999729353452747400E-015, 1.000000000000000000 ) ) ;
#7387 = CARTESIAN_POINT ( 'NONE',  ( -0.2849999999999999800, -2.411709556906732200E-016, -0.2819175359259424900 ) ) ;
#7388 = VERTEX_POINT ( 'NONE', #9152 ) ;
#7389 = CARTESIAN_POINT ( 'NONE',  ( 0.06500000000000005800, 0.09249999999999999900, -0.2536897542844667700 ) ) ;
#7390 = ORIENTED_EDGE ( 'NONE', *, *, #5273, .T. ) ;
#7391 = VERTEX_POINT ( 'NONE', #3016 ) ;
#7392 =( NAMED_UNIT ( * ) SI_UNIT ( $, .STERADIAN. ) SOLID_ANGLE_UNIT ( ) );
#7393 = EDGE_CURVE ( 'NONE', #8894, #1237, #1847, .T. ) ;
#7394 = AXIS2_PLACEMENT_3D ( 'NONE', #748, #711, #1568 ) ;
#7395 = DIRECTION ( 'NONE',  ( 0.0000000000000000000, 0.0000000000000000000, 1.000000000000000000 ) ) ;
#7396 = DIRECTION ( 'NONE',  ( -1.000000000000000000, -0.0000000000000000000, 0.0000000000000000000 ) ) ;
#7397 = EDGE_CURVE ( 'NONE', #1731, #2115, #8306, .T. ) ;
#7398 = VECTOR ( 'NONE', #3543, 39.37007874015748100 ) ;
#7399 = AXIS2_PLACEMENT_3D ( 'NONE', #9950, #7363, #5937 ) ;
#7400 = CYLINDRICAL_SURFACE ( 'NONE', #1230, 0.002101383127306324400 ) ;
#7401 = DIRECTION ( 'NONE',  ( -1.000000000000000000, -0.0000000000000000000, -0.0000000000000000000 ) ) ;
#7402 = EDGE_LOOP ( 'NONE', ( #7829, #3578, #8982, #7215 ) ) ;
#7403 = PLANE ( 'NONE',  #6590 ) ;
#7404 = ORIENTED_EDGE ( 'NONE', *, *, #660, .F. ) ;
#7405 = ADVANCED_FACE ( 'NONE', ( #1713 ), #5598, .F. ) ;
#7406 = DIRECTION ( 'NONE',  ( 1.000000000000000000, 0.0000000000000000000, 0.0000000000000000000 ) ) ;
#7407 = DIRECTION ( 'NONE',  ( 0.0000000000000000000, 0.1736481776669296100, -0.9848077530122082400 ) ) ;
#7408 = CYLINDRICAL_SURFACE ( 'NONE', #7555, 0.002101383127306358700 ) ;
#7409 = EDGE_CURVE ( 'NONE', #6311, #8521, #10993, .T. ) ;
#7410 = FACE_OUTER_BOUND ( 'NONE', #8771, .T. ) ;
#7411 = CARTESIAN_POINT ( 'NONE',  ( 0.2650000000000000700, 0.09076351822333045300, -0.2557592126802871200 ) ) ;
#7412 = EDGE_CURVE ( 'NONE', #10641, #4691, #10613, .T. ) ;
#7413 = LINE ( 'NONE', #4171, #3919 ) ;
#7414 = AXIS2_PLACEMENT_3D ( 'NONE', #1007, #10356, #6114 ) ;
#7415 = CARTESIAN_POINT ( 'NONE',  ( -0.03499999999999993400, 0.1024999999999999800, 0.2399999999999999100 ) ) ;
#7416 = CARTESIAN_POINT ( 'NONE',  ( -0.1149999999999999600, 0.009999999999999759100, -0.2819175359259424300 ) ) ;
#7417 = ORIENTED_EDGE ( 'NONE', *, *, #9266, .F. ) ;
#7418 = CARTESIAN_POINT ( 'NONE',  ( -0.03499999999999993400, -3.201384367575308500E-018, 0.3150000000000000600 ) ) ;
#7419 = CYLINDRICAL_SURFACE ( 'NONE', #2201, 0.01210138312730635500 ) ;
#7420 = ADVANCED_FACE ( 'NONE', ( #3177 ), #9084, .T. ) ;
#7421 = CARTESIAN_POINT ( 'NONE',  ( 0.1350000000000000600, 0.01000000000000000400, -0.2700000000000000200 ) ) ;
#7422 = DIRECTION ( 'NONE',  ( -0.0000000000000000000, -0.0000000000000000000, 1.000000000000000000 ) ) ;
#7423 = VECTOR ( 'NONE', #6361, 39.37007874015748100 ) ;
#7424 = ORIENTED_EDGE ( 'NONE', *, *, #3616, .F. ) ;
#7425 = FACE_OUTER_BOUND ( 'NONE', #7699, .T. ) ;
#7426 = DIRECTION ( 'NONE',  ( 0.0000000000000000000, 0.0000000000000000000, 1.000000000000000000 ) ) ;
#7427 = CARTESIAN_POINT ( 'NONE',  ( 0.08500000000000004800, 0.09249999999999999900, -0.2536897542844667700 ) ) ;
#7428 = CARTESIAN_POINT ( 'NONE',  ( -0.1849999999999999700, 0.01210138312730608600, -0.2819175359259424300 ) ) ;
#7429 = CIRCLE ( 'NONE', #1009, 0.01210138312730632000 ) ;
#7430 = EDGE_CURVE ( 'NONE', #5101, #7305, #10860, .T. ) ;
#7431 = CARTESIAN_POINT ( 'NONE',  ( -0.08499999999999995100, -2.411709556906732200E-016, -0.2819175359259424900 ) ) ;
#7432 = AXIS2_PLACEMENT_3D ( 'NONE', #3795, #4694, #9827 ) ;
#7433 = EDGE_LOOP ( 'NONE', ( #10522, #7348, #2819, #10862 ) ) ;
#7434 = CYLINDRICAL_SURFACE ( 'NONE', #5224, 0.002101383127306324400 ) ;
#7435 = EDGE_CURVE ( 'NONE', #105, #7486, #3852, .T. ) ;
#7436 = CARTESIAN_POINT ( 'NONE',  ( -0.2857222057372608100, 0.1749999999999998500, 0.2082222057372607700 ) ) ;
#7437 = VECTOR ( 'NONE', #6957, 39.37007874015748100 ) ;
#7438 = ORIENTED_EDGE ( 'NONE', *, *, #5389, .F. ) ;
#7439 = CARTESIAN_POINT ( 'NONE',  ( -0.1849999999999999700, 0.009999999999999956800, -0.3150000000000000000 ) ) ;
#7440 = VERTEX_POINT ( 'NONE', #5707 ) ;
#7441 = CARTESIAN_POINT ( 'NONE',  ( 0.2850000000000000900, 0.1024999999999999900, 0.2536897542844667700 ) ) ;
#7442 = VECTOR ( 'NONE', #10861, 39.37007874015748100 ) ;
#7443 = PLANE ( 'NONE',  #2262 ) ;
#7444 = CIRCLE ( 'NONE', #6785, 0.01210138312730635500 ) ;
#7445 = STYLED_ITEM ( 'NONE', ( #3723 ), #8289 ) ;
#7446 = EDGE_CURVE ( 'NONE', #295, #1557, #8164, .T. ) ;
#7447 = ORIENTED_EDGE ( 'NONE', *, *, #10818, .F. ) ;
#7448 = CARTESIAN_POINT ( 'NONE',  ( -0.2650000000000000100, 0.09039861687269366800, 0.2536897542844667700 ) ) ;
#7449 = CARTESIAN_POINT ( 'NONE',  ( -0.01499999999999994200, 0.1024999999999999800, 0.2399999999999999100 ) ) ;
#7450 = VERTEX_POINT ( 'NONE', #2261 ) ;
#7451 = UNCERTAINTY_MEASURE_WITH_UNIT (LENGTH_MEASURE( 1.000000000000000100E-005 ), #6512, 'distance_accuracy_value', 'NONE');
#7452 = VECTOR ( 'NONE', #3179, 39.37007874015748100 ) ;
#7453 = CARTESIAN_POINT ( 'NONE',  ( 0.1850000000000000800, 0.009999999999999993300, 0.3150000000000000000 ) ) ;
#7454 = CARTESIAN_POINT ( 'NONE',  ( -0.03499999999999993400, 0.1024999999999999800, -0.2399999999999999100 ) ) ;
#7455 = DIRECTION ( 'NONE',  ( -1.000000000000000000, -0.0000000000000000000, -0.0000000000000000000 ) ) ;
#7456 = DIRECTION ( 'NONE',  ( -1.000000000000000000, -0.0000000000000000000, -0.0000000000000000000 ) ) ;
#7457 = VECTOR ( 'NONE', #9050, 39.37007874015748100 ) ;
#7458 = CARTESIAN_POINT ( 'NONE',  ( -0.01499999999999994200, 0.09039861687269366800, 0.2536897542844667700 ) ) ;
#7459 = CARTESIAN_POINT ( 'NONE',  ( 0.1350000000000000600, 0.09076351822333045300, 0.2557592126802870600 ) ) ;
#7460 = VERTEX_POINT ( 'NONE', #1274 ) ;
#7461 = ADVANCED_FACE ( 'NONE', ( #1990 ), #6472, .F. ) ;
#7462 = AXIS2_PLACEMENT_3D ( 'NONE', #461, #3899, #3759 ) ;
#7463 = ORIENTED_EDGE ( 'NONE', *, *, #8203, .F. ) ;
#7464 = SURFACE_SIDE_STYLE ('',( #5260 ) ) ;
#7465 = FACE_OUTER_BOUND ( 'NONE', #5038, .T. ) ;
#7466 = CARTESIAN_POINT ( 'NONE',  ( 0.1350000000000000600, 0.09039861687269366800, -0.2536897542844667700 ) ) ;
#7467 = EDGE_CURVE ( 'NONE', #1854, #9447, #5586, .T. ) ;
#7468 = VECTOR ( 'NONE', #11065, 39.37007874015748100 ) ;
#7469 = AXIS2_PLACEMENT_3D ( 'NONE', #10813, #1315, #3089 ) ;
#7470 = CARTESIAN_POINT ( 'NONE',  ( -0.01499999999999994200, 0.009999999999999993300, 0.3150000000000000000 ) ) ;
#7471 = DIRECTION ( 'NONE',  ( 0.0000000000000000000, 0.0000000000000000000, 1.000000000000000000 ) ) ;
#7472 = LINE ( 'NONE', #4202, #10459 ) ;
#7473 = DIRECTION ( 'NONE',  ( 0.0000000000000000000, 0.0000000000000000000, 1.000000000000000000 ) ) ;
#7474 = ORIENTED_EDGE ( 'NONE', *, *, #4178, .F. ) ;
#7475 = ORIENTED_EDGE ( 'NONE', *, *, #9685, .F. ) ;
#7476 = FACE_OUTER_BOUND ( 'NONE', #2197, .T. ) ;
#7477 = LINE ( 'NONE', #705, #8155 ) ;
#7478 = ADVANCED_FACE ( 'NONE', ( #5862 ), #9117, .F. ) ;
#7479 = CARTESIAN_POINT ( 'NONE',  ( 0.2150000000000000500, 0.01210138312730608600, 0.2819175359259424300 ) ) ;
#7480 = DIRECTION ( 'NONE',  ( -1.000000000000000000, -0.0000000000000000000, -0.0000000000000000000 ) ) ;
#7481 = CARTESIAN_POINT ( 'NONE',  ( -0.3449999999999997500, 0.2249999999999998700, 0.2357222057372608000 ) ) ;
#7482 = CARTESIAN_POINT ( 'NONE',  ( -0.1649999999999999800, 0.09249999999999999900, -0.2536897542844667700 ) ) ;
#7483 = EDGE_CURVE ( 'NONE', #4958, #808, #3593, .T. ) ;
#7484 = CARTESIAN_POINT ( 'NONE',  ( -0.2650000000000000100, 0.009999999999999993300, 0.3150000000000000000 ) ) ;
#7485 = AXIS2_PLACEMENT_3D ( 'NONE', #638, #6960, #950 ) ;
#7486 = VERTEX_POINT ( 'NONE', #10767 ) ;
#7487 = ORIENTED_EDGE ( 'NONE', *, *, #9620, .T. ) ;
#7488 = LINE ( 'NONE', #1593, #5198 ) ;
#7489 = EDGE_LOOP ( 'NONE', ( #24, #5371, #344, #2066 ) ) ;
#7490 = LINE ( 'NONE', #1553, #3315 ) ;
#7491 = VECTOR ( 'NONE', #10171, 39.37007874015748100 ) ;
#7492 = CARTESIAN_POINT ( 'NONE',  ( -0.2849999999999999800, 0.09249999999999998500, -0.2399999999999999100 ) ) ;
#7493 = CARTESIAN_POINT ( 'NONE',  ( -0.2650000000000000100, 0.01210138312730608600, -0.2819175359259424300 ) ) ;
#7494 = EDGE_LOOP ( 'NONE', ( #1923, #7417, #10061, #8181 ) ) ;
#7495 = ORIENTED_EDGE ( 'NONE', *, *, #6478, .F. ) ;
#7496 =( NAMED_UNIT ( * ) PLANE_ANGLE_UNIT ( ) SI_UNIT ( $, .RADIAN. ) );
#7497 = VERTEX_POINT ( 'NONE', #10839 ) ;
#7498 = CARTESIAN_POINT ( 'NONE',  ( -0.08499999999999995100, 0.09039861687269366800, 0.2536897542844667700 ) ) ;
#7499 = VERTEX_POINT ( 'NONE', #8281 ) ;
#7500 = EDGE_CURVE ( 'NONE', #9691, #2563, #5727, .T. ) ;
#7501 = FACE_BOUND ( 'NONE', #1898, .T. ) ;
#7502 = AXIS2_PLACEMENT_3D ( 'NONE', #612, #3048, #5670 ) ;
#7503 = EDGE_CURVE ( 'NONE', #8953, #7284, #2116, .T. ) ;
#7504 = CARTESIAN_POINT ( 'NONE',  ( -0.2150000000000000000, 0.009999999999999753900, -0.2819175359259424300 ) ) ;
#7505 = CARTESIAN_POINT ( 'NONE',  ( 0.2350000000000000400, -2.411709556906732200E-016, 0.2819175359259424900 ) ) ;
#7506 = ORIENTED_EDGE ( 'NONE', *, *, #5238, .T. ) ;
#7507 = VERTEX_POINT ( 'NONE', #4812 ) ;
#7508 = DIRECTION ( 'NONE',  ( -1.000000000000000000, -0.0000000000000000000, -0.0000000000000000000 ) ) ;
#7509 = LINE ( 'NONE', #8770, #3350 ) ;
#7510 = FACE_OUTER_BOUND ( 'NONE', #3485, .T. ) ;
#7511 = CARTESIAN_POINT ( 'NONE',  ( -0.2349999999999999900, 0.01210138312730608600, 0.2819175359259424300 ) ) ;
#7512 = FILL_AREA_STYLE_COLOUR ( '', #1217 ) ;
#7513 = AXIS2_PLACEMENT_3D ( 'NONE', #6299, #3777, #10639 ) ;
#7514 = ORIENTED_EDGE ( 'NONE', *, *, #1080, .T. ) ;
#7515 = ORIENTED_EDGE ( 'NONE', *, *, #8541, .T. ) ;
#7516 = CARTESIAN_POINT ( 'NONE',  ( -0.03499999999999993400, 0.009999999999999993300, 0.3150000000000000000 ) ) ;
#7517 = EDGE_CURVE ( 'NONE', #5508, #7780, #7767, .T. ) ;
#7518 = VECTOR ( 'NONE', #6806, 39.37007874015748100 ) ;
#7519 = ORIENTED_EDGE ( 'NONE', *, *, #6784, .T. ) ;
#7520 =( LENGTH_UNIT ( ) NAMED_UNIT ( * ) SI_UNIT ( $, .METRE. ) );
#7521 = CARTESIAN_POINT ( 'NONE',  ( -0.08499999999999995100, 0.01210138312730608600, -0.2819175359259424300 ) ) ;
#7522 = LINE ( 'NONE', #4081, #1219 ) ;
#7523 = ADVANCED_FACE ( 'NONE', ( #5463 ), #10991, .F. ) ;
#7524 = CARTESIAN_POINT ( 'NONE',  ( -0.1649999999999999800, 0.009999999999999753900, 0.2819175359259424300 ) ) ;
#7525 = ORIENTED_EDGE ( 'NONE', *, *, #6270, .T. ) ;
#7526 = ORIENTED_EDGE ( 'NONE', *, *, #2671, .F. ) ;
#7527 = ORIENTED_EDGE ( 'NONE', *, *, #6383, .T. ) ;
#7528 = PLANE ( 'NONE',  #8404 ) ;
#7529 = ORIENTED_EDGE ( 'NONE', *, *, #132, .T. ) ;
#7530 = LENGTH_MEASURE_WITH_UNIT ( LENGTH_MEASURE( 0.02539999999999999900 ), #3206 );
#7531 = DIRECTION ( 'NONE',  ( -0.0000000000000000000, 1.000000000000000000, 6.829619984160684300E-015 ) ) ;
#7532 = CARTESIAN_POINT ( 'NONE',  ( 0.08500000000000004800, 0.01210138312730608600, -0.2819175359259424300 ) ) ;
#7533 = AXIS2_PLACEMENT_3D ( 'NONE', #6954, #10429, #3606 ) ;
#7534 = CARTESIAN_POINT ( 'NONE',  ( 0.1350000000000000600, 0.01210138312730608600, -0.2819175359259424300 ) ) ;
#7535 = VECTOR ( 'NONE', #8018, 39.37007874015748100 ) ;
#7536 = ORIENTED_EDGE ( 'NONE', *, *, #2233, .F. ) ;
#7537 = CARTESIAN_POINT ( 'NONE',  ( -0.03499999999999993400, 0.09249999999999977700, 0.2656072902104091900 ) ) ;
#7538 = LINE ( 'NONE', #7131, #7268 ) ;
#7539 = EDGE_CURVE ( 'NONE', #6410, #9185, #6963, .T. ) ;
#7540 = ADVANCED_FACE ( 'NONE', ( #6541 ), #8440, .F. ) ;
#7541 = DIRECTION ( 'NONE',  ( 1.000000000000000000, 0.0000000000000000000, 0.0000000000000000000 ) ) ;
#7542 = VERTEX_POINT ( 'NONE', #10060 ) ;
#7543 = ORIENTED_EDGE ( 'NONE', *, *, #8320, .T. ) ;
#7544 = ORIENTED_EDGE ( 'NONE', *, *, #1679, .T. ) ;
#7545 = CARTESIAN_POINT ( 'NONE',  ( 0.01500000000000004500, 0.09039861687269366800, -0.2536897542844667700 ) ) ;
#7546 = DIRECTION ( 'NONE',  ( -1.000000000000000000, -0.0000000000000000000, -0.0000000000000000000 ) ) ;
#7547 = FACE_OUTER_BOUND ( 'NONE', #7433, .T. ) ;
#7548 = ORIENTED_EDGE ( 'NONE', *, *, #4647, .T. ) ;
#7549 = DIRECTION ( 'NONE',  ( -1.000000000000000000, -0.0000000000000000000, -0.0000000000000000000 ) ) ;
#7550 = DIRECTION ( 'NONE',  ( 0.0000000000000000000, -1.000000000000000000, -6.829619984160684300E-015 ) ) ;
#7551 = EDGE_LOOP ( 'NONE', ( #2349, #5056, #10693, #1073 ) ) ;
#7552 =( LENGTH_UNIT ( ) NAMED_UNIT ( * ) SI_UNIT ( $, .METRE. ) );
#7553 = FACE_OUTER_BOUND ( 'NONE', #5874, .T. ) ;
#7554 = VECTOR ( 'NONE', #6927, 39.37007874015748100 ) ;
#7555 = AXIS2_PLACEMENT_3D ( 'NONE', #10747, #8044, #8923 ) ;
#7556 = SURFACE_STYLE_USAGE ( .BOTH. , #1536 ) ;
#7557 = VERTEX_POINT ( 'NONE', #10141 ) ;
#7558 = EDGE_CURVE ( 'NONE', #1148, #4326, #631, .T. ) ;
#7559 = CARTESIAN_POINT ( 'NONE',  ( -0.2849999999999999800, 0.1024999999999999800, -0.2399999999999999100 ) ) ;
#7560 = FACE_OUTER_BOUND ( 'NONE', #8693, .T. ) ;
#7561 = DIRECTION ( 'NONE',  ( -1.000000000000000000, -0.0000000000000000000, 0.0000000000000000000 ) ) ;
#7562 = CARTESIAN_POINT ( 'NONE',  ( 0.1350000000000000600, 0.009999999999999753900, 0.2819175359259424300 ) ) ;
#7563 = CARTESIAN_POINT ( 'NONE',  ( -0.01499999999999994200, 0.009999999999999956800, -0.3150000000000000000 ) ) ;
#7564 = FACE_OUTER_BOUND ( 'NONE', #904, .T. ) ;
#7565 = CARTESIAN_POINT ( 'NONE',  ( 0.2350000000000000400, -2.411709556906732200E-016, -0.2819175359259424900 ) ) ;
#7566 = DIRECTION ( 'NONE',  ( 0.0000000000000000000, -6.829619984160684300E-015, 1.000000000000000000 ) ) ;
#7567 = FACE_OUTER_BOUND ( 'NONE', #9598, .T. ) ;
#7568 = ORIENTED_EDGE ( 'NONE', *, *, #7916, .F. ) ;
#7569 = DIRECTION ( 'NONE',  ( 0.0000000000000000000, 0.0000000000000000000, -1.000000000000000000 ) ) ;
#7570 = LINE ( 'NONE', #6901, #1656 ) ;
#7571 = EDGE_CURVE ( 'NONE', #10422, #3903, #10349, .T. ) ;
#7572 = DIRECTION ( 'NONE',  ( 1.000000000000000000, 0.0000000000000000000, -0.0000000000000000000 ) ) ;
#7573 = PLANE ( 'NONE',  #710 ) ;
#7574 = DIRECTION ( 'NONE',  ( -1.000000000000000000, -0.0000000000000000000, -0.0000000000000000000 ) ) ;
#7575 = CIRCLE ( 'NONE', #8373, 0.002101383127306358700 ) ;
#7576 = CARTESIAN_POINT ( 'NONE',  ( 0.1350000000000000600, 0.009999999999999753900, 0.2819175359259424300 ) ) ;
#7577 = PLANE ( 'NONE',  #5547 ) ;
#7578 = DIRECTION ( 'NONE',  ( -1.000000000000000000, -0.0000000000000000000, -0.0000000000000000000 ) ) ;
#7579 = VERTEX_POINT ( 'NONE', #7524 ) ;
#7580 = ORIENTED_EDGE ( 'NONE', *, *, #7970, .T. ) ;
#7581 = ADVANCED_FACE ( 'NONE', ( #4268 ), #1476, .T. ) ;
#7582 = VERTEX_POINT ( 'NONE', #5858 ) ;
#7583 = FACE_OUTER_BOUND ( 'NONE', #44, .T. ) ;
#7584 = DIRECTION ( 'NONE',  ( -0.0000000000000000000, -0.0000000000000000000, 1.000000000000000000 ) ) ;
#7585 = EDGE_CURVE ( 'NONE', #241, #8743, #10200, .T. ) ;
#7586 = CARTESIAN_POINT ( 'NONE',  ( 0.1850000000000000800, -2.603792618961250900E-016, 0.2819175359259424900 ) ) ;
#7587 = PLANE ( 'NONE',  #8773 ) ;
#7588 = AXIS2_PLACEMENT_3D ( 'NONE', #4325, #9607, #3502 ) ;
#7589 = EDGE_LOOP ( 'NONE', ( #9736, #10970, #165, #1449, #3511, #10719, #10625, #9306, #5104, #4112, #6164, #10837 ) ) ;
#7590 = EDGE_CURVE ( 'NONE', #7979, #2545, #10063, .T. ) ;
#7591 = CARTESIAN_POINT ( 'NONE',  ( -0.2650000000000000100, 0.009999999999999753900, 0.2819175359259424300 ) ) ;
#7592 = DIRECTION ( 'NONE',  ( 0.0000000000000000000, 0.0000000000000000000, 1.000000000000000000 ) ) ;
#7593 = ORIENTED_EDGE ( 'NONE', *, *, #901, .T. ) ;
#7594 = VECTOR ( 'NONE', #5327, 39.37007874015748100 ) ;
#7595 = VECTOR ( 'NONE', #4252, 39.37007874015748100 ) ;
#7596 = ADVANCED_FACE ( 'NONE', ( #6677 ), #7443, .F. ) ;
#7597 = DIRECTION ( 'NONE',  ( 0.0000000000000000000, -0.03489949670250104600, 0.9993908270190957600 ) ) ;
#7598 = ORIENTED_EDGE ( 'NONE', *, *, #2520, .T. ) ;
#7599 = DIRECTION ( 'NONE',  ( 0.0000000000000000000, -1.000000000000000000, 6.829619984160659800E-015 ) ) ;
#7600 = ORIENTED_EDGE ( 'NONE', *, *, #2976, .T. ) ;
#7601 = UNCERTAINTY_MEASURE_WITH_UNIT (LENGTH_MEASURE( 1.000000000000000100E-005 ), #8522, 'distance_accuracy_value', 'NONE');
#7602 = AXIS2_PLACEMENT_3D ( 'NONE', #470, #6466, #9111 ) ;
#7603 = CIRCLE ( 'NONE', #3123, 0.01210138312730632000 ) ;
#7604 = VECTOR ( 'NONE', #9903, 39.37007874015748100 ) ;
#7605 = AXIS2_PLACEMENT_3D ( 'NONE', #577, #4885, #5781 ) ;
#7606 = LINE ( 'NONE', #9837, #7745 ) ;
#7607 = EDGE_CURVE ( 'NONE', #11132, #445, #9795, .T. ) ;
#7608 = ORIENTED_EDGE ( 'NONE', *, *, #6461, .F. ) ;
#7609 = CARTESIAN_POINT ( 'NONE',  ( 0.06500000000000005800, -2.411709556906732200E-016, -0.2819175359259424900 ) ) ;
#7610 = DIRECTION ( 'NONE',  ( 1.000000000000000000, 0.0000000000000000000, 0.0000000000000000000 ) ) ;
#7611 = ORIENTED_EDGE ( 'NONE', *, *, #3830, .T. ) ;
#7612 = CARTESIAN_POINT ( 'NONE',  ( 0.03500000000000003800, -2.411709556906732200E-016, -0.2819175359259424900 ) ) ;
#7613 = CARTESIAN_POINT ( 'NONE',  ( 0.1650000000000000900, 0.01210138312730608600, -0.2819175359259424300 ) ) ;
#7614 = ORIENTED_EDGE ( 'NONE', *, *, #1203, .F. ) ;
#7615 = CARTESIAN_POINT ( 'NONE',  ( 0.2650000000000000700, 0.09249999999999974900, -0.2656072902104091300 ) ) ;
#7616 = LINE ( 'NONE', #5913, #623 ) ;
#7617 = CARTESIAN_POINT ( 'NONE',  ( -0.01499999999999994200, 0.1024999999999999800, 0.2399999999999999100 ) ) ;
#7618 = AXIS2_PLACEMENT_3D ( 'NONE', #4621, #329, #9911 ) ;
#7619 = ORIENTED_EDGE ( 'NONE', *, *, #4042, .F. ) ;
#7620 = DIRECTION ( 'NONE',  ( 0.0000000000000000000, 0.0000000000000000000, -1.000000000000000000 ) ) ;
#7621 = DIRECTION ( 'NONE',  ( -1.000000000000000000, -0.0000000000000000000, -0.0000000000000000000 ) ) ;
#7622 = EDGE_CURVE ( 'NONE', #2115, #8144, #1316, .T. ) ;
#7623 = FACE_OUTER_BOUND ( 'NONE', #5280, .T. ) ;
#7624 = AXIS2_PLACEMENT_3D ( 'NONE', #9589, #1113, #2725 ) ;
#7625 = CARTESIAN_POINT ( 'NONE',  ( 0.01500000000000004500, 0.1024999999999999800, 0.2399999999999999100 ) ) ;
#7626 = ORIENTED_EDGE ( 'NONE', *, *, #9521, .T. ) ;
#7627 = LINE ( 'NONE', #9316, #2781 ) ;
#7628 = CARTESIAN_POINT ( 'NONE',  ( -0.2857222057372608100, 0.2249999999999998700, 0.1807222057372607800 ) ) ;
#7629 = ORIENTED_EDGE ( 'NONE', *, *, #7663, .T. ) ;
#7630 = VECTOR ( 'NONE', #4869, 39.37007874015748100 ) ;
#7631 = DIRECTION ( 'NONE',  ( -0.0000000000000000000, 0.1736481776669296100, 0.9848077530122082400 ) ) ;
#7632 = DIRECTION ( 'NONE',  ( 0.0000000000000000000, -7.225480511685028100E-015, -1.000000000000000000 ) ) ;
#7633 = DIRECTION ( 'NONE',  ( 1.000000000000000000, 0.0000000000000000000, -0.0000000000000000000 ) ) ;
#7634 = DIRECTION ( 'NONE',  ( -0.0000000000000000000, -0.0000000000000000000, -1.000000000000000000 ) ) ;
#7635 = ORIENTED_EDGE ( 'NONE', *, *, #1879, .F. ) ;
#7636 = VERTEX_POINT ( 'NONE', #6656 ) ;
#7637 = LINE ( 'NONE', #2692, #2388 ) ;
#7638 = ORIENTED_EDGE ( 'NONE', *, *, #3246, .T. ) ;
#7639 = CARTESIAN_POINT ( 'NONE',  ( -0.01499999999999994200, 0.009999999999999956800, -0.3150000000000000000 ) ) ;
#7640 = ORIENTED_EDGE ( 'NONE', *, *, #10868, .F. ) ;
#7641 = PLANE ( 'NONE',  #6992 ) ;
#7642 = LINE ( 'NONE', #9305, #785 ) ;
#7643 = EDGE_CURVE ( 'NONE', #10517, #1244, #7488, .T. ) ;
#7644 = DIRECTION ( 'NONE',  ( -0.0000000000000000000, -7.193223902257864100E-015, -1.000000000000000000 ) ) ;
#7645 = EDGE_CURVE ( 'NONE', #7286, #2483, #911, .T. ) ;
#7646 = ADVANCED_FACE ( 'NONE', ( #6282 ), #381, .F. ) ;
#7647 = AXIS2_PLACEMENT_3D ( 'NONE', #3382, #8583, #4236 ) ;
#7648 = EDGE_LOOP ( 'NONE', ( #6302, #745, #481, #7928 ) ) ;
#7649 = VERTEX_POINT ( 'NONE', #8948 ) ;
#7650 = FACE_OUTER_BOUND ( 'NONE', #10650, .T. ) ;
#7651 = SURFACE_SIDE_STYLE ('',( #9787 ) ) ;
#7652 = LINE ( 'NONE', #5609, #4143 ) ;
#7653 = CARTESIAN_POINT ( 'NONE',  ( 0.2650000000000000700, 0.01210138312730608600, -0.2819175359259424300 ) ) ;
#7654 = DIRECTION ( 'NONE',  ( -0.0000000000000000000, -0.0000000000000000000, -1.000000000000000000 ) ) ;
#7655 = CARTESIAN_POINT ( 'NONE',  ( 0.06500000000000005800, 0.09249999999999998500, 0.2536897542844667700 ) ) ;
#7656 = DIRECTION ( 'NONE',  ( 2.845674993400276900E-016, -0.0000000000000000000, 1.000000000000000000 ) ) ;
#7657 = ADVANCED_FACE ( 'NONE', ( #8723 ), #4115, .T. ) ;
#7658 = ORIENTED_EDGE ( 'NONE', *, *, #238, .F. ) ;
#7659 = ORIENTED_EDGE ( 'NONE', *, *, #10219, .F. ) ;
#7660 = EDGE_CURVE ( 'NONE', #6171, #5674, #4654, .T. ) ;
#7661 = VECTOR ( 'NONE', #1843, 39.37007874015748100 ) ;
#7662 = ORIENTED_EDGE ( 'NONE', *, *, #10700, .F. ) ;
#7663 = EDGE_CURVE ( 'NONE', #6570, #9226, #7217, .T. ) ;
#7664 = FACE_OUTER_BOUND ( 'NONE', #2886, .T. ) ;
#7665 = DIRECTION ( 'NONE',  ( 0.0000000000000000000, 0.0000000000000000000, 1.000000000000000000 ) ) ;
#7666 = DIRECTION ( 'NONE',  ( 0.0000000000000000000, 0.0000000000000000000, 1.000000000000000000 ) ) ;
#7667 = DIRECTION ( 'NONE',  ( -1.000000000000000000, -0.0000000000000000000, -0.0000000000000000000 ) ) ;
#7668 = PLANE ( 'NONE',  #6519 ) ;
#7669 = DIRECTION ( 'NONE',  ( 0.0000000000000000000, 7.225480511685028100E-015, 1.000000000000000000 ) ) ;
#7670 = DIRECTION ( 'NONE',  ( -1.000000000000000000, -0.0000000000000000000, -0.0000000000000000000 ) ) ;
#7671 = ORIENTED_EDGE ( 'NONE', *, *, #9145, .F. ) ;
#7672 = VERTEX_POINT ( 'NONE', #9436 ) ;
#7673 = CARTESIAN_POINT ( 'NONE',  ( 0.3450000000000001400, 0.09249999999999998500, 0.2399999999999999100 ) ) ;
#7674 = VECTOR ( 'NONE', #11059, 39.37007874015748100 ) ;
#7675 = ORIENTED_EDGE ( 'NONE', *, *, #4023, .T. ) ;
#7676 = CARTESIAN_POINT ( 'NONE',  ( -0.1149999999999999600, 0.01000000000000000000, 0.2699999999999999600 ) ) ;
#7677 = EDGE_CURVE ( 'NONE', #5601, #2667, #7750, .T. ) ;
#7678 = ORIENTED_EDGE ( 'NONE', *, *, #6836, .F. ) ;
#7679 = CARTESIAN_POINT ( 'NONE',  ( 0.2150000000000000500, -2.411709556906732200E-016, -0.2819175359259424900 ) ) ;
#7680 = ORIENTED_EDGE ( 'NONE', *, *, #5407, .F. ) ;
#7681 = ORIENTED_EDGE ( 'NONE', *, *, #3126, .T. ) ;
#7682 = VECTOR ( 'NONE', #5857, 39.37007874015748100 ) ;
#7683 = DIRECTION ( 'NONE',  ( -0.0000000000000000000, 0.9848077530122080200, 0.1736481776669304100 ) ) ;
#7684 = LINE ( 'NONE', #10427, #5251 ) ;
#7685 = DIRECTION ( 'NONE',  ( 1.000000000000000000, 0.0000000000000000000, 0.0000000000000000000 ) ) ;
#7686 = ORIENTED_EDGE ( 'NONE', *, *, #8279, .F. ) ;
#7687 = ORIENTED_EDGE ( 'NONE', *, *, #4720, .F. ) ;
#7688 = DIRECTION ( 'NONE',  ( 0.0000000000000000000, -6.829619984160684300E-015, 1.000000000000000000 ) ) ;
#7689 = VERTEX_POINT ( 'NONE', #1647 ) ;
#7690 = CARTESIAN_POINT ( 'NONE',  ( -0.2150000000000000000, 0.1024999999999999800, -0.2536897542844667700 ) ) ;
#7691 = AXIS2_PLACEMENT_3D ( 'NONE', #8114, #8231, #3067 ) ;
#7692 = DIRECTION ( 'NONE',  ( 0.0000000000000000000, 0.0000000000000000000, 1.000000000000000000 ) ) ;
#7693 = EDGE_CURVE ( 'NONE', #11027, #8214, #1173, .T. ) ;
#7694 = FACE_OUTER_BOUND ( 'NONE', #4094, .T. ) ;
#7695 = VECTOR ( 'NONE', #3776, 39.37007874015748100 ) ;
#7696 = ADVANCED_FACE ( 'NONE', ( #1041 ), #6797, .F. ) ;
#7697 = CARTESIAN_POINT ( 'NONE',  ( 0.03500000000000003800, 0.09249999999999998500, 0.2536897542844667700 ) ) ;
#7698 = DIRECTION ( 'NONE',  ( 1.000000000000000000, 0.0000000000000000000, -0.0000000000000000000 ) ) ;
#7699 = EDGE_LOOP ( 'NONE', ( #1107, #9309, #5196, #2152 ) ) ;
#7700 = CARTESIAN_POINT ( 'NONE',  ( 0.2850000000000000900, 0.009999999999999956800, -0.3150000000000000000 ) ) ;
#7701 = CARTESIAN_POINT ( 'NONE',  ( -0.2150000000000000000, 0.1024999999999999800, -0.2399999999999999100 ) ) ;
#7702 = VECTOR ( 'NONE', #5805, 39.37007874015748900 ) ;
#7703 = VECTOR ( 'NONE', #7152, 39.37007874015748100 ) ;
#7704 = CARTESIAN_POINT ( 'NONE',  ( 0.1350000000000000600, 0.01000000000000000400, -0.2700000000000000200 ) ) ;
#7705 = FACE_OUTER_BOUND ( 'NONE', #3913, .T. ) ;
#7706 = EDGE_CURVE ( 'NONE', #788, #10035, #1701, .T. ) ;
#7707 = AXIS2_PLACEMENT_3D ( 'NONE', #4224, #10306, #857 ) ;
#7708 = ADVANCED_FACE ( 'NONE', ( #249 ), #5092, .F. ) ;
#7709 = DIRECTION ( 'NONE',  ( -1.000000000000000000, -0.0000000000000000000, -0.0000000000000000000 ) ) ;
#7710 = DIRECTION ( 'NONE',  ( -0.0000000000000000000, -5.999729353452747400E-015, 1.000000000000000000 ) ) ;
#7711 = ORIENTED_EDGE ( 'NONE', *, *, #6717, .F. ) ;
#7712 = VECTOR ( 'NONE', #2235, 39.37007874015748100 ) ;
#7713 = FACE_OUTER_BOUND ( 'NONE', #1693, .T. ) ;
#7714 = PLANE ( 'NONE',  #113 ) ;
#7715 = CARTESIAN_POINT ( 'NONE',  ( -0.1649999999999999800, 0.01210138312730608600, 0.2819175359259424300 ) ) ;
#7716 = ORIENTED_EDGE ( 'NONE', *, *, #3818, .F. ) ;
#7717 = DIRECTION ( 'NONE',  ( -1.000000000000000000, -0.0000000000000000000, -0.0000000000000000000 ) ) ;
#7718 = EDGE_CURVE ( 'NONE', #11027, #7757, #7079, .T. ) ;
#7719 = AXIS2_PLACEMENT_3D ( 'NONE', #3517, #6791, #777 ) ;
#7720 = DIRECTION ( 'NONE',  ( 0.0000000000000000000, -0.0000000000000000000, 1.000000000000000000 ) ) ;
#7721 = DIRECTION ( 'NONE',  ( 0.0000000000000000000, -0.1736481776669296100, -0.9848077530122082400 ) ) ;
#7722 = ORIENTED_EDGE ( 'NONE', *, *, #7072, .F. ) ;
#7723 = VECTOR ( 'NONE', #10394, 39.37007874015748100 ) ;
#7724 = EDGE_CURVE ( 'NONE', #1221, #4545, #6950, .T. ) ;
#7725 = CARTESIAN_POINT ( 'NONE',  ( 0.1850000000000000800, 0.09249999999999998500, 0.2399999999999999100 ) ) ;
#7726 = CIRCLE ( 'NONE', #10819, 0.01210138312730632000 ) ;
#7727 = DIRECTION ( 'NONE',  ( -0.0000000000000000000, 0.1736481776669296100, 0.9848077530122082400 ) ) ;
#7728 = ORIENTED_EDGE ( 'NONE', *, *, #3054, .T. ) ;
#7729 = VERTEX_POINT ( 'NONE', #5963 ) ;
#7730 = CARTESIAN_POINT ( 'NONE',  ( 0.03500000000000003800, 0.09249999999999998500, 0.2399999999999999100 ) ) ;
#7731 = VECTOR ( 'NONE', #1501, 39.37007874015748100 ) ;
#7732 = CARTESIAN_POINT ( 'NONE',  ( -0.2650000000000000100, 0.01210138312730608600, -0.2819175359259424300 ) ) ;
#7733 = DIRECTION ( 'NONE',  ( -0.0000000000000000000, -0.0000000000000000000, -1.000000000000000000 ) ) ;
#7734 = CARTESIAN_POINT ( 'NONE',  ( 0.03500000000000003800, 0.009999999999999753900, -0.2819175359259424300 ) ) ;
#7735 = FACE_OUTER_BOUND ( 'NONE', #11130, .T. ) ;
#7736 = CARTESIAN_POINT ( 'NONE',  ( 0.1850000000000000800, 0.1024999999999999900, 0.2536897542844667700 ) ) ;
#7737 = CARTESIAN_POINT ( 'NONE',  ( -0.3407222057372608100, 0.2249999999999998700, -0.2357222057372605200 ) ) ;
#7738 = AXIS2_PLACEMENT_3D ( 'NONE', #1342, #2226, #7332 ) ;
#7739 = EDGE_CURVE ( 'NONE', #11006, #2422, #8292, .T. ) ;
#7740 = CARTESIAN_POINT ( 'NONE',  ( -0.1149999999999999600, 0.01210138312730608600, -0.2819175359259424300 ) ) ;
#7741 = DIRECTION ( 'NONE',  ( 0.0000000000000000000, 1.000000000000000000, 0.0000000000000000000 ) ) ;
#7742 = ORIENTED_EDGE ( 'NONE', *, *, #6923, .F. ) ;
#7743 = ORIENTED_EDGE ( 'NONE', *, *, #517, .F. ) ;
#7744 = DIRECTION ( 'NONE',  ( 1.000000000000000000, 0.0000000000000000000, 0.0000000000000000000 ) ) ;
#7745 = VECTOR ( 'NONE', #5528, 39.37007874015748100 ) ;
#7746 = CARTESIAN_POINT ( 'NONE',  ( 0.03500000000000003800, 0.01173648177666930000, -0.2798480775301220900 ) ) ;
#7747 = ADVANCED_FACE ( 'NONE', ( #2364 ), #370, .T. ) ;
#7748 = AXIS2_PLACEMENT_3D ( 'NONE', #10050, #3217, #4122 ) ;
#7749 = ORIENTED_EDGE ( 'NONE', *, *, #2748, .T. ) ;
#7750 = LINE ( 'NONE', #2585, #10602 ) ;
#7751 = CARTESIAN_POINT ( 'NONE',  ( 0.01500000000000004500, 0.09076351822333045300, -0.2557592126802871200 ) ) ;
#7752 = AXIS2_PLACEMENT_3D ( 'NONE', #8480, #4174, #3391 ) ;
#7753 = EDGE_LOOP ( 'NONE', ( #4420, #2121, #8046, #2138 ) ) ;
#7754 = VECTOR ( 'NONE', #9471, 39.37007874015748100 ) ;
#7755 = EDGE_CURVE ( 'NONE', #4311, #2285, #2778, .T. ) ;
#7756 = FACE_OUTER_BOUND ( 'NONE', #5052, .T. ) ;
#7757 = VERTEX_POINT ( 'NONE', #5204 ) ;
#7758 = PLANE ( 'NONE',  #6019 ) ;
#7759 = CARTESIAN_POINT ( 'NONE',  ( -0.08499999999999995100, 0.09249999999999977700, 0.2656072902104091900 ) ) ;
#7760 = DIRECTION ( 'NONE',  ( 0.0000000000000000000, 0.9993908270190957600, 0.03489949670250104600 ) ) ;
#7761 = DIRECTION ( 'NONE',  ( -0.0000000000000000000, 1.000000000000000000, 6.829619984160684300E-015 ) ) ;
#7762 = DIRECTION ( 'NONE',  ( 0.0000000000000000000, 0.0000000000000000000, 1.000000000000000000 ) ) ;
#7763 = CARTESIAN_POINT ( 'NONE',  ( 0.2350000000000000400, 0.09249999999999998500, -0.2399999999999999100 ) ) ;
#7764 = ORIENTED_EDGE ( 'NONE', *, *, #8967, .T. ) ;
#7765 = EDGE_LOOP ( 'NONE', ( #5686, #1672, #10348, #186 ) ) ;
#7766 = ADVANCED_FACE ( 'NONE', ( #4917 ), #10359, .F. ) ;
#7767 = LINE ( 'NONE', #580, #2373 ) ;
#7768 = DIRECTION ( 'NONE',  ( 0.0000000000000000000, -6.829619984160661400E-015, -1.000000000000000000 ) ) ;
#7769 = ORIENTED_EDGE ( 'NONE', *, *, #7813, .T. ) ;
#7770 = FACE_OUTER_BOUND ( 'NONE', #2753, .T. ) ;
#7771 = VECTOR ( 'NONE', #9766, 39.37007874015748100 ) ;
#7772 = EDGE_CURVE ( 'NONE', #2213, #3472, #3720, .T. ) ;
#7773 = AXIS2_PLACEMENT_3D ( 'NONE', #2040, #2968, #6419 ) ;
#7774 = DIRECTION ( 'NONE',  ( -1.000000000000000000, -0.0000000000000000000, -0.0000000000000000000 ) ) ;
#7775 = EDGE_CURVE ( 'NONE', #2633, #2034, #502, .T. ) ;
#7776 = AXIS2_PLACEMENT_3D ( 'NONE', #1961, #7927, #322 ) ;
#7777 = CARTESIAN_POINT ( 'NONE',  ( 0.2850000000000000900, 0.01210138312730608600, -0.2819175359259424300 ) ) ;
#7778 = CARTESIAN_POINT ( 'NONE',  ( 0.1650000000000000900, 0.009999999999999956800, -0.3150000000000000000 ) ) ;
#7779 = ORIENTED_EDGE ( 'NONE', *, *, #1963, .F. ) ;
#7780 = VERTEX_POINT ( 'NONE', #10426 ) ;
#7781 = CARTESIAN_POINT ( 'NONE',  ( 0.2350000000000000400, 0.009999999999999753900, 0.2819175359259424300 ) ) ;
#7782 = VECTOR ( 'NONE', #10494, 39.37007874015748100 ) ;
#7783 = ORIENTED_EDGE ( 'NONE', *, *, #10741, .F. ) ;
#7784 = DIRECTION ( 'NONE',  ( -1.000000000000000000, -0.0000000000000000000, -0.0000000000000000000 ) ) ;
#7785 = LINE ( 'NONE', #4593, #3183 ) ;
#7786 = CARTESIAN_POINT ( 'NONE',  ( 0.2150000000000000500, -2.411709556906732200E-016, 0.2819175359259424900 ) ) ;
#7787 = CARTESIAN_POINT ( 'NONE',  ( 0.1850000000000000800, 0.1024999999999999800, -0.2399999999999999100 ) ) ;
#7788 = DIRECTION ( 'NONE',  ( 0.0000000000000000000, 0.0000000000000000000, 1.000000000000000000 ) ) ;
#7789 = EDGE_LOOP ( 'NONE', ( #10559, #6416, #9428, #2327 ) ) ;
#7790 = ORIENTED_EDGE ( 'NONE', *, *, #328, .F. ) ;
#7791 = CARTESIAN_POINT ( 'NONE',  ( -0.01499999999999994200, 0.009999999999999753900, 0.2819175359259424300 ) ) ;
#7792 = FACE_OUTER_BOUND ( 'NONE', #2583, .T. ) ;
#7793 = CARTESIAN_POINT ( 'NONE',  ( -0.2150000000000000000, 0.1024999999999999800, -0.2536897542844667700 ) ) ;
#7794 = EDGE_CURVE ( 'NONE', #153, #5815, #3043, .T. ) ;
#7795 = FACE_OUTER_BOUND ( 'NONE', #8356, .T. ) ;
#7796 = AXIS2_PLACEMENT_3D ( 'NONE', #1913, #7023, #946 ) ;
#7797 = ORIENTED_EDGE ( 'NONE', *, *, #10011, .T. ) ;
#7798 = ORIENTED_EDGE ( 'NONE', *, *, #5673, .T. ) ;
#7799 = ORIENTED_EDGE ( 'NONE', *, *, #4382, .F. ) ;
#7800 = CARTESIAN_POINT ( 'NONE',  ( -0.03499999999999993400, 0.1024999999999999800, -0.2399999999999999100 ) ) ;
#7801 = CARTESIAN_POINT ( 'NONE',  ( 0.1350000000000000600, 0.1024999999999999800, -0.2399999999999999100 ) ) ;
#7802 = CARTESIAN_POINT ( 'NONE',  ( 0.03500000000000003800, -3.201384367575308500E-018, -0.3150000000000000600 ) ) ;
#7803 = FACE_OUTER_BOUND ( 'NONE', #10642, .T. ) ;
#7804 = CARTESIAN_POINT ( 'NONE',  ( 0.03500000000000003800, 0.09039861687269366800, 0.2536897542844667700 ) ) ;
#7805 = CARTESIAN_POINT ( 'NONE',  ( -0.1149999999999999600, 0.09076351822333045300, -0.2557592126802871200 ) ) ;
#7806 = CARTESIAN_POINT ( 'NONE',  ( 0.1350000000000000600, 0.09249999999999998500, -0.2399999999999999100 ) ) ;
#7807 = EDGE_CURVE ( 'NONE', #6921, #153, #2643, .T. ) ;
#7808 = VERTEX_POINT ( 'NONE', #1753 ) ;
#7809 = CARTESIAN_POINT ( 'NONE',  ( -0.1649999999999999800, -2.411709556906732200E-016, -0.2819175359259424900 ) ) ;
#7810 = AXIS2_PLACEMENT_3D ( 'NONE', #4135, #2529, #5819 ) ;
#7811 = ORIENTED_EDGE ( 'NONE', *, *, #5273, .F. ) ;
#7812 = ORIENTED_EDGE ( 'NONE', *, *, #193, .T. ) ;
#7813 = EDGE_CURVE ( 'NONE', #2522, #3790, #10053, .T. ) ;
#7814 = ADVANCED_FACE ( 'NONE', ( #8847 ), #903, .F. ) ;
#7815 = ORIENTED_EDGE ( 'NONE', *, *, #9862, .F. ) ;
#7816 = UNCERTAINTY_MEASURE_WITH_UNIT (LENGTH_MEASURE( 1.000000000000000100E-005 ), #4839, 'distance_accuracy_value', 'NONE');
#7817 = DIRECTION ( 'NONE',  ( 0.0000000000000000000, 7.193223902257864100E-015, -1.000000000000000000 ) ) ;
#7818 = CARTESIAN_POINT ( 'NONE',  ( -0.2150000000000000000, 0.09076351822333045300, 0.2557592126802871200 ) ) ;
#7819 = DIRECTION ( 'NONE',  ( -1.000000000000000000, 0.0000000000000000000, -0.0000000000000000000 ) ) ;
#7820 = VECTOR ( 'NONE', #4900, 39.37007874015748100 ) ;
#7821 = DIRECTION ( 'NONE',  ( 0.0000000000000000000, 0.0000000000000000000, 1.000000000000000000 ) ) ;
#7822 = DIRECTION ( 'NONE',  ( 0.0000000000000000000, 1.000000000000000000, -6.829619984160661400E-015 ) ) ;
#7823 = ORIENTED_EDGE ( 'NONE', *, *, #5615, .T. ) ;
#7824 = CARTESIAN_POINT ( 'NONE',  ( 0.1850000000000000800, 0.009999999999999993300, 0.3150000000000000000 ) ) ;
#7825 = ORIENTED_EDGE ( 'NONE', *, *, #4891, .T. ) ;
#7826 = CARTESIAN_POINT ( 'NONE',  ( -0.1149999999999999600, -2.411709556906732200E-016, -0.2819175359259424900 ) ) ;
#7827 = CARTESIAN_POINT ( 'NONE',  ( -0.1649999999999999800, 0.01173648177666930000, -0.2798480775301220900 ) ) ;
#7828 = VERTEX_POINT ( 'NONE', #10608 ) ;
#7829 = ORIENTED_EDGE ( 'NONE', *, *, #7346, .T. ) ;
#7830 = CIRCLE ( 'NONE', #2833, 0.01210138312730635500 ) ;
#7831 = ADVANCED_FACE ( 'NONE', ( #7623 ), #9785, .T. ) ;
#7832 = FACE_OUTER_BOUND ( 'NONE', #9969, .T. ) ;
#7833 = EDGE_CURVE ( 'NONE', #7087, #1854, #8971, .T. ) ;
#7834 = DIRECTION ( 'NONE',  ( -1.000000000000000000, -0.0000000000000000000, -0.0000000000000000000 ) ) ;
#7835 = DIRECTION ( 'NONE',  ( -1.000000000000000000, -0.0000000000000000000, -0.0000000000000000000 ) ) ;
#7836 = LINE ( 'NONE', #2453, #2981 ) ;
#7837 = CIRCLE ( 'NONE', #9718, 0.01210138312730635500 ) ;
#7838 = EDGE_LOOP ( 'NONE', ( #9153, #3076, #6848, #2523 ) ) ;
#7839 = ORIENTED_EDGE ( 'NONE', *, *, #1114, .T. ) ;
#7840 = VECTOR ( 'NONE', #10733, 39.37007874015748100 ) ;
#7841 = CARTESIAN_POINT ( 'NONE',  ( 0.1850000000000000800, 0.09076351822333045300, -0.2557592126802871200 ) ) ;
#7842 = LINE ( 'NONE', #9442, #3102 ) ;
#7843 = CARTESIAN_POINT ( 'NONE',  ( 0.2150000000000000500, 0.009999999999999956800, -0.3150000000000000000 ) ) ;
#7844 = AXIS2_PLACEMENT_3D ( 'NONE', #10416, #5952, #813 ) ;
#7845 = CARTESIAN_POINT ( 'NONE',  ( -0.2150000000000000000, 0.01000000000000000000, 0.2699999999999999600 ) ) ;
#7846 = EDGE_CURVE ( 'NONE', #2264, #7081, #769, .T. ) ;
#7847 = DIRECTION ( 'NONE',  ( -0.0000000000000000000, 0.9848077530122080200, 0.1736481776669304100 ) ) ;
#7848 = LINE ( 'NONE', #2082, #5538 ) ;
#7849 = PLANE ( 'NONE',  #7275 ) ;
#7850 = VERTEX_POINT ( 'NONE', #10503 ) ;
#7851 = LINE ( 'NONE', #4416, #10688 ) ;
#7852 = DIRECTION ( 'NONE',  ( -0.0000000000000000000, 0.0000000000000000000, 1.000000000000000000 ) ) ;
#7853 = DIRECTION ( 'NONE',  ( 0.0000000000000000000, 0.0000000000000000000, -1.000000000000000000 ) ) ;
#7854 = DIRECTION ( 'NONE',  ( 0.0000000000000000000, 0.0000000000000000000, -1.000000000000000000 ) ) ;
#7855 = PLANE ( 'NONE',  #3595 ) ;
#7856 = ORIENTED_EDGE ( 'NONE', *, *, #2111, .F. ) ;
#7857 = CARTESIAN_POINT ( 'NONE',  ( -0.08499999999999995100, 0.009999999999999956800, -0.3150000000000000000 ) ) ;
#7858 = CARTESIAN_POINT ( 'NONE',  ( 0.2650000000000000700, 0.09249999999999977700, 0.2656072902104091900 ) ) ;
#7859 = ORIENTED_EDGE ( 'NONE', *, *, #1402, .F. ) ;
#7860 = FACE_OUTER_BOUND ( 'NONE', #4736, .T. ) ;
#7861 = EDGE_CURVE ( 'NONE', #10649, #9821, #10338, .T. ) ;
#7862 = AXIS2_PLACEMENT_3D ( 'NONE', #6844, #10164, #9375 ) ;
#7863 = VECTOR ( 'NONE', #8050, 39.37007874015748900 ) ;
#7864 = CARTESIAN_POINT ( 'NONE',  ( 0.08500000000000004800, 0.09249999999999974900, -0.2656072902104091300 ) ) ;
#7865 = DIRECTION ( 'NONE',  ( 0.0000000000000000000, 0.0000000000000000000, 1.000000000000000000 ) ) ;
#7866 = VERTEX_POINT ( 'NONE', #7990 ) ;
#7867 = ADVANCED_FACE ( 'NONE', ( #5997 ), #5323, .F. ) ;
#7868 = EDGE_LOOP ( 'NONE', ( #1322, #6400, #5611, #2097 ) ) ;
#7869 = EDGE_CURVE ( 'NONE', #9445, #768, #9661, .T. ) ;
#7870 =( GEOMETRIC_REPRESENTATION_CONTEXT ( 3 ) GLOBAL_UNCERTAINTY_ASSIGNED_CONTEXT ( ( #4626 ) ) GLOBAL_UNIT_ASSIGNED_CONTEXT ( ( #6535, #5742, #9954 ) ) REPRESENTATION_CONTEXT ( 'NONE', 'WORKASPACE' ) );
#7871 = VERTEX_POINT ( 'NONE', #5275 ) ;
#7872 = VERTEX_POINT ( 'NONE', #8870 ) ;
#7873 = EDGE_CURVE ( 'NONE', #4622, #2522, #5049, .T. ) ;
#7874 = VERTEX_POINT ( 'NONE', #4529 ) ;
#7875 = CARTESIAN_POINT ( 'NONE',  ( -0.1649999999999999800, 0.1024999999999999800, 0.2399999999999999100 ) ) ;
#7876 = LINE ( 'NONE', #9496, #5180 ) ;
#7877 = PRESENTATION_STYLE_ASSIGNMENT (( #8237 ) ) ;
#7878 = ADVANCED_FACE ( 'NONE', ( #4522 ), #8761, .F. ) ;
#7879 = CARTESIAN_POINT ( 'NONE',  ( 0.1350000000000000600, 0.009999999999999759100, -0.2819175359259424300 ) ) ;
#7880 = CIRCLE ( 'NONE', #5114, 0.002101383127306358700 ) ;
#7881 = CARTESIAN_POINT ( 'NONE',  ( 0.08500000000000004800, -2.411709556906732200E-016, 0.2819175359259424900 ) ) ;
#7882 = VERTEX_POINT ( 'NONE', #4567 ) ;
#7883 = DIRECTION ( 'NONE',  ( 0.0000000000000000000, 0.0000000000000000000, 1.000000000000000000 ) ) ;
#7884 = VERTEX_POINT ( 'NONE', #10573 ) ;
#7885 = FACE_OUTER_BOUND ( 'NONE', #3980, .T. ) ;
#7886 = CYLINDRICAL_SURFACE ( 'NONE', #1584, 0.002101383127306358700 ) ;
#7887 = AXIS2_PLACEMENT_3D ( 'NONE', #7958, #6435, #1220 ) ;
#7888 = DIRECTION ( 'NONE',  ( -1.000000000000000000, -0.0000000000000000000, -0.0000000000000000000 ) ) ;
#7889 = CIRCLE ( 'NONE', #1729, 0.002101383127306358700 ) ;
#7890 = EDGE_CURVE ( 'NONE', #3199, #6647, #1431, .T. ) ;
#7891 = CARTESIAN_POINT ( 'NONE',  ( 0.01500000000000004500, -2.411709556906732200E-016, -0.2819175359259424900 ) ) ;
#7892 = DIRECTION ( 'NONE',  ( -1.000000000000000000, -0.0000000000000000000, -0.0000000000000000000 ) ) ;
#7893 = CARTESIAN_POINT ( 'NONE',  ( -0.2849999999999999800, 0.01210138312730608600, 0.2819175359259424300 ) ) ;
#7894 = EDGE_LOOP ( 'NONE', ( #7611, #6730, #1093, #6581 ) ) ;
#7895 = VECTOR ( 'NONE', #4093, 39.37007874015748100 ) ;
#7896 = ORIENTED_EDGE ( 'NONE', *, *, #764, .T. ) ;
#7897 = CIRCLE ( 'NONE', #9193, 0.01210138312730632000 ) ;
#7898 = CARTESIAN_POINT ( 'NONE',  ( -0.2650000000000000100, 0.1024999999999999800, -0.2399999999999999100 ) ) ;
#7899 = EDGE_LOOP ( 'NONE', ( #778, #9968, #10201, #1715 ) ) ;
#7900 = LINE ( 'NONE', #675, #3854 ) ;
#7901 = AXIS2_PLACEMENT_3D ( 'NONE', #8382, #9253, #10125 ) ;
#7902 = ORIENTED_EDGE ( 'NONE', *, *, #10418, .F. ) ;
#7903 = VERTEX_POINT ( 'NONE', #5387 ) ;
#7904 = EDGE_CURVE ( 'NONE', #11132, #5470, #115, .T. ) ;
#7905 = FACE_OUTER_BOUND ( 'NONE', #9758, .T. ) ;
#7906 = ORIENTED_EDGE ( 'NONE', *, *, #4331, .F. ) ;
#7907 = VECTOR ( 'NONE', #2191, 39.37007874015748100 ) ;
#7908 = VERTEX_POINT ( 'NONE', #1086 ) ;
#7909 = CARTESIAN_POINT ( 'NONE',  ( -0.1649999999999999800, 0.01000000000000000000, 0.2699999999999999600 ) ) ;
#7910 = CARTESIAN_POINT ( 'NONE',  ( -0.2150000000000000000, 0.01210138312730608600, 0.2819175359259424300 ) ) ;
#7911 = EDGE_LOOP ( 'NONE', ( #6777, #2469, #6807, #114 ) ) ;
#7912 = ORIENTED_EDGE ( 'NONE', *, *, #746, .F. ) ;
#7913 = VECTOR ( 'NONE', #9481, 39.37007874015748900 ) ;
#7914 = PLANE ( 'NONE',  #6699 ) ;
#7915 = CARTESIAN_POINT ( 'NONE',  ( 0.08500000000000004800, 0.1024999999999999800, 0.2399999999999999100 ) ) ;
#7916 = EDGE_CURVE ( 'NONE', #2375, #1866, #2238, .T. ) ;
#7917 = DIRECTION ( 'NONE',  ( -0.0000000000000000000, 1.000000000000000000, -0.0000000000000000000 ) ) ;
#7918 = CARTESIAN_POINT ( 'NONE',  ( -0.01499999999999994200, -2.411709556906732200E-016, -0.2819175359259424900 ) ) ;
#7919 = DIRECTION ( 'NONE',  ( -1.000000000000000000, -0.0000000000000000000, -0.0000000000000000000 ) ) ;
#7920 = CARTESIAN_POINT ( 'NONE',  ( -0.2849999999999999800, 0.009999999999999753900, 0.2819175359259424300 ) ) ;
#7921 = ORIENTED_EDGE ( 'NONE', *, *, #6804, .F. ) ;
#7922 = ORIENTED_EDGE ( 'NONE', *, *, #7951, .T. ) ;
#7923 = VECTOR ( 'NONE', #4502, 39.37007874015748100 ) ;
#7924 = CARTESIAN_POINT ( 'NONE',  ( -0.1849999999999999700, -2.411709556906732200E-016, -0.2819175359259424900 ) ) ;
#7925 = FACE_OUTER_BOUND ( 'NONE', #701, .T. ) ;
#7926 = ADVANCED_FACE ( 'NONE', ( #8020 ), #7126, .F. ) ;
#7927 = DIRECTION ( 'NONE',  ( 1.000000000000000000, 0.0000000000000000000, -0.0000000000000000000 ) ) ;
#7928 = ORIENTED_EDGE ( 'NONE', *, *, #9553, .T. ) ;
#7929 =( CONVERSION_BASED_UNIT ( 'INCH', #11106 ) LENGTH_UNIT ( ) NAMED_UNIT ( #5256 ) );
#7930 = ORIENTED_EDGE ( 'NONE', *, *, #9159, .T. ) ;
#7931 = ORIENTED_EDGE ( 'NONE', *, *, #2380, .F. ) ;
#7932 = EDGE_CURVE ( 'NONE', #9063, #9581, #6819, .T. ) ;
#7933 = AXIS2_PLACEMENT_3D ( 'NONE', #10615, #6267, #1992 ) ;
#7934 = VECTOR ( 'NONE', #10049, 39.37007874015748100 ) ;
#7935 = VERTEX_POINT ( 'NONE', #1158 ) ;
#7936 = CARTESIAN_POINT ( 'NONE',  ( -0.01499999999999994200, 0.09039861687269366800, 0.2536897542844667700 ) ) ;
#7937 = ORIENTED_EDGE ( 'NONE', *, *, #9478, .T. ) ;
#7938 = ORIENTED_EDGE ( 'NONE', *, *, #8594, .T. ) ;
#7939 = DIRECTION ( 'NONE',  ( 0.0000000000000000000, 7.193223902257864100E-015, -1.000000000000000000 ) ) ;
#7940 = CARTESIAN_POINT ( 'NONE',  ( -0.03499999999999993400, 0.09076351822333045300, -0.2557592126802871200 ) ) ;
#7941 = DIRECTION ( 'NONE',  ( 0.0000000000000000000, -1.000000000000000000, -6.829619984160684300E-015 ) ) ;
#7942 = MANIFOLD_SOLID_BREP ( 'Pin 15', #8188 ) ;
#7943 = CARTESIAN_POINT ( 'NONE',  ( -0.01499999999999994200, 0.09076351822333045300, 0.2557592126802870600 ) ) ;
#7944 = PRESENTATION_STYLE_ASSIGNMENT (( #766 ) ) ;
#7945 = ORIENTED_EDGE ( 'NONE', *, *, #9553, .F. ) ;
#7946 = DIRECTION ( 'NONE',  ( 0.0000000000000000000, 0.0000000000000000000, 1.000000000000000000 ) ) ;
#7947 = FACE_OUTER_BOUND ( 'NONE', #2695, .T. ) ;
#7948 = EDGE_CURVE ( 'NONE', #6275, #4009, #2119, .T. ) ;
#7949 = ORIENTED_EDGE ( 'NONE', *, *, #7517, .T. ) ;
#7950 = CARTESIAN_POINT ( 'NONE',  ( 0.1650000000000000900, 0.09076351822333045300, -0.2557592126802871200 ) ) ;
#7951 = EDGE_CURVE ( 'NONE', #670, #9063, #8309, .T. ) ;
#7952 = VERTEX_POINT ( 'NONE', #4603 ) ;
#7953 = EDGE_LOOP ( 'NONE', ( #5687, #5029, #2278, #5628 ) ) ;
#7954 = DIRECTION ( 'NONE',  ( -1.000000000000000000, -0.0000000000000000000, 0.0000000000000000000 ) ) ;
#7955 = ORIENTED_EDGE ( 'NONE', *, *, #1270, .F. ) ;
#7956 = DIRECTION ( 'NONE',  ( 0.0000000000000000000, 7.193223902257864100E-015, 1.000000000000000000 ) ) ;
#7957 = DIRECTION ( 'NONE',  ( 0.0000000000000000000, 0.0000000000000000000, -1.000000000000000000 ) ) ;
#7958 = CARTESIAN_POINT ( 'NONE',  ( -0.01499999999999994200, 0.01210138312730608600, -0.2819175359259424300 ) ) ;
#7959 = VECTOR ( 'NONE', #8196, 39.37007874015748900 ) ;
#7960 = PLANE ( 'NONE',  #6479 ) ;
#7961 = CARTESIAN_POINT ( 'NONE',  ( 0.06500000000000005800, -2.411709556906732200E-016, 0.2819175359259424900 ) ) ;
#7962 = FILL_AREA_STYLE ('',( #4541 ) ) ;
#7963 = CYLINDRICAL_SURFACE ( 'NONE', #3831, 0.002101383127306358700 ) ;
#7964 = FACE_OUTER_BOUND ( 'NONE', #7899, .T. ) ;
#7965 = AXIS2_PLACEMENT_3D ( 'NONE', #2630, #5927, #4430 ) ;
#7966 = ORIENTED_EDGE ( 'NONE', *, *, #10872, .T. ) ;
#7967 = PRESENTATION_LAYER_ASSIGNMENT (  '', '', ( #10143 ) ) ;
#7968 = FACE_OUTER_BOUND ( 'NONE', #4762, .T. ) ;
#7969 = CARTESIAN_POINT ( 'NONE',  ( -0.01499999999999994200, -2.411709556906732200E-016, -0.2819175359259424900 ) ) ;
#7970 = EDGE_CURVE ( 'NONE', #10120, #8909, #10980, .T. ) ;
#7971 = FACE_OUTER_BOUND ( 'NONE', #10905, .T. ) ;
#7972 = DIMENSIONAL_EXPONENTS ( 1.000000000000000000, 0.0000000000000000000, 0.0000000000000000000, 0.0000000000000000000, 0.0000000000000000000, 0.0000000000000000000, 0.0000000000000000000 ) ;
#7973 = VECTOR ( 'NONE', #9240, 39.37007874015748100 ) ;
#7974 = DIRECTION ( 'NONE',  ( -1.000000000000000000, 0.0000000000000000000, -0.0000000000000000000 ) ) ;
#7975 = PRODUCT_DEFINITION_CONTEXT ( 'detailed design', #522, 'design' ) ;
#7976 = CYLINDRICAL_SURFACE ( 'NONE', #2359, 0.002101383127306324400 ) ;
#7977 = CARTESIAN_POINT ( 'NONE',  ( 0.2850000000000000900, 0.01173648177666930000, -0.2798480775301220900 ) ) ;
#7978 = SURFACE_STYLE_USAGE ( .BOTH. , #7113 ) ;
#7979 = VERTEX_POINT ( 'NONE', #8943 ) ;
#7980 = LINE ( 'NONE', #5828, #10810 ) ;
#7981 = DIRECTION ( 'NONE',  ( 0.0000000000000000000, -0.9848077530122082400, 0.1736481776669296100 ) ) ;
#7982 = EDGE_CURVE ( 'NONE', #3383, #9581, #4656, .T. ) ;
#7983 = DIRECTION ( 'NONE',  ( 0.0000000000000000000, 0.0000000000000000000, 1.000000000000000000 ) ) ;
#7984 = EDGE_CURVE ( 'NONE', #1095, #8894, #6285, .T. ) ;
#7985 = ADVANCED_FACE ( 'NONE', ( #2920 ), #6015, .F. ) ;
#7986 = CARTESIAN_POINT ( 'NONE',  ( 0.03500000000000003800, 0.09249999999999974900, -0.2656072902104091300 ) ) ;
#7987 = AXIS2_PLACEMENT_3D ( 'NONE', #7329, #2369, #691 ) ;
#7988 = ORIENTED_EDGE ( 'NONE', *, *, #9488, .F. ) ;
#7989 = EDGE_LOOP ( 'NONE', ( #9647, #2206, #10537, #9531 ) ) ;
#7990 = CARTESIAN_POINT ( 'NONE',  ( 0.06500000000000005800, 0.009999999999999753900, -0.2819175359259424300 ) ) ;
#7991 = CIRCLE ( 'NONE', #7, 0.002101383127306324400 ) ;
#7992 = VERTEX_POINT ( 'NONE', #8136 ) ;
#7993 = CARTESIAN_POINT ( 'NONE',  ( 0.03500000000000003800, 0.1024999999999999900, 0.2536897542844667700 ) ) ;
#7994 = VECTOR ( 'NONE', #9606, 39.37007874015748100 ) ;
#7995 = DIRECTION ( 'NONE',  ( -0.0000000000000000000, -7.193223902257864100E-015, -1.000000000000000000 ) ) ;
#7996 = CARTESIAN_POINT ( 'NONE',  ( 0.2350000000000000400, -2.603792618961250900E-016, 0.2819175359259424900 ) ) ;
#7997 = DIRECTION ( 'NONE',  ( -0.0000000000000000000, -5.999729353452747400E-015, 1.000000000000000000 ) ) ;
#7998 = ORIENTED_EDGE ( 'NONE', *, *, #2017, .F. ) ;
#7999 = EDGE_CURVE ( 'NONE', #3790, #9564, #6153, .T. ) ;
#8000 = AXIS2_PLACEMENT_3D ( 'NONE', #9809, #2875, #7195 ) ;
#8001 = ORIENTED_EDGE ( 'NONE', *, *, #9591, .T. ) ;
#8002 = LINE ( 'NONE', #10013, #10316 ) ;
#8003 = FACE_OUTER_BOUND ( 'NONE', #3373, .T. ) ;
#8004 = CARTESIAN_POINT ( 'NONE',  ( -0.1349999999999999500, 0.1024999999999999800, -0.2536897542844667700 ) ) ;
#8005 = ORIENTED_EDGE ( 'NONE', *, *, #8574, .T. ) ;
#8006 = ORIENTED_EDGE ( 'NONE', *, *, #9862, .T. ) ;
#8007 = CARTESIAN_POINT ( 'NONE',  ( 0.1150000000000000700, 0.009999999999999759100, -0.2819175359259424300 ) ) ;
#8008 = VERTEX_POINT ( 'NONE', #8102 ) ;
#8009 = CIRCLE ( 'NONE', #10849, 0.01210138312730635500 ) ;
#8010 = CIRCLE ( 'NONE', #5025, 0.01210138312730632000 ) ;
#8011 = EDGE_CURVE ( 'NONE', #6643, #2264, #1186, .T. ) ;
#8012 = AXIS2_PLACEMENT_3D ( 'NONE', #7893, #1059, #7204 ) ;
#8013 = CARTESIAN_POINT ( 'NONE',  ( 0.03500000000000003800, 0.009999999999999759100, -0.2819175359259424300 ) ) ;
#8014 = DIRECTION ( 'NONE',  ( 0.0000000000000000000, -6.829619984160661400E-015, -1.000000000000000000 ) ) ;
#8015 = FILL_AREA_STYLE ('',( #5295 ) ) ;
#8016 = EDGE_CURVE ( 'NONE', #6049, #10224, #3732, .T. ) ;
#8017 = DIRECTION ( 'NONE',  ( -1.000000000000000000, -0.0000000000000000000, -0.0000000000000000000 ) ) ;
#8018 = DIRECTION ( 'NONE',  ( -1.000000000000000000, -0.0000000000000000000, -0.0000000000000000000 ) ) ;
#8019 = ORIENTED_EDGE ( 'NONE', *, *, #8951, .F. ) ;
#8020 = FACE_OUTER_BOUND ( 'NONE', #10223, .T. ) ;
#8021 =( NAMED_UNIT ( * ) SI_UNIT ( $, .STERADIAN. ) SOLID_ANGLE_UNIT ( ) );
#8022 = CARTESIAN_POINT ( 'NONE',  ( 0.2350000000000000400, 0.009999999999999753900, -0.2819175359259424300 ) ) ;
#8023 = ORIENTED_EDGE ( 'NONE', *, *, #5035, .F. ) ;
#8024 = VECTOR ( 'NONE', #10657, 39.37007874015748900 ) ;
#8025 = DIRECTION ( 'NONE',  ( 0.0000000000000000000, -1.000000000000000000, 0.0000000000000000000 ) ) ;
#8026 = ORIENTED_EDGE ( 'NONE', *, *, #6488, .T. ) ;
#8027 = SURFACE_SIDE_STYLE ('',( #6668 ) ) ;
#8028 = DIRECTION ( 'NONE',  ( -0.0000000000000000000, 1.000000000000000000, 7.193223902257864100E-015 ) ) ;
#8029 = ORIENTED_EDGE ( 'NONE', *, *, #163, .F. ) ;
#8030 = ORIENTED_EDGE ( 'NONE', *, *, #1966, .T. ) ;
#8031 = DIRECTION ( 'NONE',  ( -0.0000000000000000000, -0.0000000000000000000, 1.000000000000000000 ) ) ;
#8032 = VECTOR ( 'NONE', #3952, 39.37007874015748100 ) ;
#8033 = AXIS2_PLACEMENT_3D ( 'NONE', #736, #4933, #1635 ) ;
#8034 = EDGE_LOOP ( 'NONE', ( #9583, #593, #8496, #728 ) ) ;
#8035 = DIRECTION ( 'NONE',  ( -1.000000000000000000, -0.0000000000000000000, -0.0000000000000000000 ) ) ;
#8036 = LINE ( 'NONE', #10773, #1849 ) ;
#8037 = EDGE_CURVE ( 'NONE', #8785, #5513, #10353, .T. ) ;
#8038 = CYLINDRICAL_SURFACE ( 'NONE', #5665, 0.002101383127306324400 ) ;
#8039 = CARTESIAN_POINT ( 'NONE',  ( 0.2150000000000000500, 0.01173648177666930900, 0.2798480775301220900 ) ) ;
#8040 = CARTESIAN_POINT ( 'NONE',  ( -0.1849999999999999700, 0.01000000000000000000, 0.2699999999999999600 ) ) ;
#8041 = ADVANCED_FACE ( 'NONE', ( #3464 ), #6965, .F. ) ;
#8042 = ORIENTED_EDGE ( 'NONE', *, *, #7380, .T. ) ;
#8043 = ORIENTED_EDGE ( 'NONE', *, *, #2822, .F. ) ;
#8044 = DIRECTION ( 'NONE',  ( -1.000000000000000000, -0.0000000000000000000, -0.0000000000000000000 ) ) ;
#8045 = CARTESIAN_POINT ( 'NONE',  ( 0.2650000000000000700, 0.09249999999999998500, 0.2399999999999999100 ) ) ;
#8046 = ORIENTED_EDGE ( 'NONE', *, *, #7242, .F. ) ;
#8047 = DIRECTION ( 'NONE',  ( 0.0000000000000000000, 0.0000000000000000000, -1.000000000000000000 ) ) ;
#8048 = PRESENTATION_LAYER_ASSIGNMENT (  '', '', ( #5091 ) ) ;
#8049 = CARTESIAN_POINT ( 'NONE',  ( -0.1649999999999999800, 0.09249999999999998500, 0.2399999999999999100 ) ) ;
#8050 = DIRECTION ( 'NONE',  ( -0.0000000000000000000, 0.9848077530122082400, -0.1736481776669296100 ) ) ;
#8051 = EDGE_CURVE ( 'NONE', #6818, #2827, #8726, .T. ) ;
#8052 = ORIENTED_EDGE ( 'NONE', *, *, #3944, .T. ) ;
#8053 = EDGE_LOOP ( 'NONE', ( #7178, #8290, #4250, #8365 ) ) ;
#8054 = ORIENTED_EDGE ( 'NONE', *, *, #8084, .F. ) ;
#8055 = CARTESIAN_POINT ( 'NONE',  ( -0.08499999999999995100, 0.1024999999999999800, 0.2399999999999999100 ) ) ;
#8056 = CARTESIAN_POINT ( 'NONE',  ( -0.2857222057372608100, 0.1749999999999998500, 0.1807222057372607800 ) ) ;
#8057 = LENGTH_MEASURE_WITH_UNIT ( LENGTH_MEASURE( 0.02539999999999999900 ), #2994 );
#8058 = CARTESIAN_POINT ( 'NONE',  ( -0.06499999999999996100, -3.201384367575308500E-018, -0.3150000000000000600 ) ) ;
#8059 = CARTESIAN_POINT ( 'NONE',  ( -0.01499999999999994200, 0.01210138312730608600, -0.2819175359259424300 ) ) ;
#8060 = DIRECTION ( 'NONE',  ( 1.000000000000000000, 0.0000000000000000000, -0.0000000000000000000 ) ) ;
#8061 = EDGE_LOOP ( 'NONE', ( #8990, #7271, #7998, #3083 ) ) ;
#8062 = VERTEX_POINT ( 'NONE', #2951 ) ;
#8063 = LINE ( 'NONE', #3143, #10752 ) ;
#8064 = EDGE_CURVE ( 'NONE', #2459, #3431, #1574, .T. ) ;
#8065 = VECTOR ( 'NONE', #8863, 39.37007874015748100 ) ;
#8066 = ORIENTED_EDGE ( 'NONE', *, *, #8203, .T. ) ;
#8067 =( NAMED_UNIT ( * ) SI_UNIT ( $, .STERADIAN. ) SOLID_ANGLE_UNIT ( ) );
#8068 = CARTESIAN_POINT ( 'NONE',  ( 0.1150000000000000700, 0.1024999999999999800, -0.2399999999999999100 ) ) ;
#8069 = CARTESIAN_POINT ( 'NONE',  ( -0.2150000000000000000, 0.09249999999999998500, -0.2399999999999999100 ) ) ;
#8070 = CARTESIAN_POINT ( 'NONE',  ( 0.2350000000000000400, 0.09249999999999974900, -0.2656072902104091300 ) ) ;
#8071 = ORIENTED_EDGE ( 'NONE', *, *, #6201, .T. ) ;
#8072 = CARTESIAN_POINT ( 'NONE',  ( -0.01499999999999994200, 0.09076351822333045300, -0.2557592126802871200 ) ) ;
#8073 = ORIENTED_EDGE ( 'NONE', *, *, #5849, .F. ) ;
#8074 = ORIENTED_EDGE ( 'NONE', *, *, #10594, .T. ) ;
#8075 = VECTOR ( 'NONE', #667, 39.37007874015748900 ) ;
#8076 = DIRECTION ( 'NONE',  ( 0.0000000000000000000, -1.000000000000000000, 7.225480511685028100E-015 ) ) ;
#8077 = CARTESIAN_POINT ( 'NONE',  ( 0.1850000000000000800, 0.09076351822333045300, -0.2557592126802871200 ) ) ;
#8078 = CARTESIAN_POINT ( 'NONE',  ( -0.06499999999999996100, 0.009999999999999956800, -0.3150000000000000000 ) ) ;
#8079 = EDGE_CURVE ( 'NONE', #6584, #1461, #1043, .T. ) ;
#8080 = ORIENTED_EDGE ( 'NONE', *, *, #5760, .T. ) ;
#8081 = ORIENTED_EDGE ( 'NONE', *, *, #7397, .F. ) ;
#8082 = AXIS2_PLACEMENT_3D ( 'NONE', #7367, #9115, #3950 ) ;
#8083 = EDGE_LOOP ( 'NONE', ( #1435, #5651, #9458, #9645 ) ) ;
#8084 = EDGE_CURVE ( 'NONE', #2934, #6747, #10066, .T. ) ;
#8085 = DIRECTION ( 'NONE',  ( -1.000000000000000000, -0.0000000000000000000, -0.0000000000000000000 ) ) ;
#8086 = ORIENTED_EDGE ( 'NONE', *, *, #967, .T. ) ;
#8087 = DIRECTION ( 'NONE',  ( -1.000000000000000000, -0.0000000000000000000, -0.0000000000000000000 ) ) ;
#8088 = DIRECTION ( 'NONE',  ( -1.000000000000000000, -0.0000000000000000000, -0.0000000000000000000 ) ) ;
#8089 = LINE ( 'NONE', #9735, #7283 ) ;
#8090 =( NAMED_UNIT ( * ) PLANE_ANGLE_UNIT ( ) SI_UNIT ( $, .RADIAN. ) );
#8091 = LINE ( 'NONE', #9341, #8372 ) ;
#8092 = CARTESIAN_POINT ( 'NONE',  ( 0.08500000000000004800, 0.01173648177666930900, 0.2798480775301220900 ) ) ;
#8093 = DIRECTION ( 'NONE',  ( 1.000000000000000000, 0.0000000000000000000, -0.0000000000000000000 ) ) ;
#8094 = VERTEX_POINT ( 'NONE', #7306 ) ;
#8095 = ADVANCED_FACE ( 'NONE', ( #7770 ), #1993, .F. ) ;
#8096 = CARTESIAN_POINT ( 'NONE',  ( 0.01500000000000004500, 0.09039861687269366800, -0.2536897542844667700 ) ) ;
#8097 = DIRECTION ( 'NONE',  ( 1.000000000000000000, 0.0000000000000000000, 0.0000000000000000000 ) ) ;
#8098 = ORIENTED_EDGE ( 'NONE', *, *, #4539, .F. ) ;
#8099 = AXIS2_PLACEMENT_3D ( 'NONE', #4773, #509, #9009 ) ;
#8100 = EDGE_CURVE ( 'NONE', #8159, #3814, #5866, .T. ) ;
#8101 = PRESENTATION_STYLE_ASSIGNMENT (( #3205 ) ) ;
#8102 = CARTESIAN_POINT ( 'NONE',  ( -0.01499999999999994200, 0.01173648177666930000, -0.2798480775301220900 ) ) ;
#8103 = DIRECTION ( 'NONE',  ( 0.0000000000000000000, 0.9848077530122082400, 0.1736481776669296100 ) ) ;
#8104 = DIRECTION ( 'NONE',  ( 0.0000000000000000000, 0.0000000000000000000, 1.000000000000000000 ) ) ;
#8105 = ADVANCED_FACE ( 'NONE', ( #2376 ), #915, .F. ) ;
#8106 = CARTESIAN_POINT ( 'NONE',  ( 0.3450000000000000300, 0.09249999999999998500, -0.2400000000000000500 ) ) ;
#8107 = VERTEX_POINT ( 'NONE', #2302 ) ;
#8108 = LINE ( 'NONE', #2792, #6484 ) ;
#8109 = AXIS2_PLACEMENT_3D ( 'NONE', #2629, #5208, #1839 ) ;
#8110 = FACE_OUTER_BOUND ( 'NONE', #1040, .T. ) ;
#8111 = AXIS2_PLACEMENT_3D ( 'NONE', #4796, #9288, #7471 ) ;
#8112 = EDGE_CURVE ( 'NONE', #6238, #7780, #8166, .T. ) ;
#8113 = DIRECTION ( 'NONE',  ( 0.0000000000000000000, -6.829619984160661400E-015, -1.000000000000000000 ) ) ;
#8114 = CARTESIAN_POINT ( 'NONE',  ( -0.1149999999999999600, -2.411709556906732200E-016, -0.2819175359259424900 ) ) ;
#8115 = ORIENTED_EDGE ( 'NONE', *, *, #2671, .T. ) ;
#8116 = ORIENTED_EDGE ( 'NONE', *, *, #2471, .T. ) ;
#8117 = VECTOR ( 'NONE', #3994, 39.37007874015748100 ) ;
#8118 = CARTESIAN_POINT ( 'NONE',  ( -0.01499999999999994200, 0.09249999999999998500, -0.2399999999999999100 ) ) ;
#8119 = CIRCLE ( 'NONE', #3546, 0.01210138312730635500 ) ;
#8120 = CARTESIAN_POINT ( 'NONE',  ( 0.08500000000000004800, -2.411709556906732200E-016, -0.2819175359259424900 ) ) ;
#8121 = DIRECTION ( 'NONE',  ( 0.0000000000000000000, -1.000000000000000000, 0.0000000000000000000 ) ) ;
#8122 = ORIENTED_EDGE ( 'NONE', *, *, #3559, .T. ) ;
#8123 = PLANE ( 'NONE',  #5240 ) ;
#8124 = AXIS2_PLACEMENT_3D ( 'NONE', #10957, #8408, #5951 ) ;
#8125 = AXIS2_PLACEMENT_3D ( 'NONE', #5134, #5998, #868 ) ;
#8126 = CARTESIAN_POINT ( 'NONE',  ( 0.06500000000000005800, 0.09039861687269366800, 0.2536897542844667700 ) ) ;
#8127 = ORIENTED_EDGE ( 'NONE', *, *, #10233, .F. ) ;
#8128 = CARTESIAN_POINT ( 'NONE',  ( 0.2350000000000000400, 0.009999999999999753900, -0.2819175359259424300 ) ) ;
#8129 = VECTOR ( 'NONE', #5509, 39.37007874015748100 ) ;
#8130 = EDGE_CURVE ( 'NONE', #6183, #2104, #3597, .T. ) ;
#8131 = CARTESIAN_POINT ( 'NONE',  ( 0.08500000000000004800, 0.1024999999999999800, 0.2399999999999999100 ) ) ;
#8132 = AXIS2_PLACEMENT_3D ( 'NONE', #10515, #6276, #8883 ) ;
#8133 = LINE ( 'NONE', #3535, #5834 ) ;
#8134 = CARTESIAN_POINT ( 'NONE',  ( -0.1849999999999999700, 0.009999999999999993300, 0.3150000000000000000 ) ) ;
#8135 = ORIENTED_EDGE ( 'NONE', *, *, #1311, .T. ) ;
#8136 = CARTESIAN_POINT ( 'NONE',  ( -0.06499999999999996100, -2.603792618961250900E-016, 0.2819175359259424900 ) ) ;
#8137 = ORIENTED_EDGE ( 'NONE', *, *, #8812, .F. ) ;
#8138 = ORIENTED_EDGE ( 'NONE', *, *, #10251, .T. ) ;
#8139 = VECTOR ( 'NONE', #4213, 39.37007874015748100 ) ;
#8140 = CARTESIAN_POINT ( 'NONE',  ( 0.3450000000000000300, 0.1024999999999999800, -0.2400000000000000500 ) ) ;
#8141 = VECTOR ( 'NONE', #9889, 39.37007874015748900 ) ;
#8142 = CARTESIAN_POINT ( 'NONE',  ( -0.1149999999999999600, 0.1024999999999999800, -0.2399999999999999100 ) ) ;
#8143 = FACE_OUTER_BOUND ( 'NONE', #2117, .T. ) ;
#8144 = VERTEX_POINT ( 'NONE', #1379 ) ;
#8145 = DIRECTION ( 'NONE',  ( -0.0000000000000000000, -5.999729353452747400E-015, 1.000000000000000000 ) ) ;
#8146 = ORIENTED_EDGE ( 'NONE', *, *, #7191, .T. ) ;
#8147 = DIRECTION ( 'NONE',  ( 0.0000000000000000000, 0.0000000000000000000, 1.000000000000000000 ) ) ;
#8148 = EDGE_CURVE ( 'NONE', #2633, #6503, #9534, .T. ) ;
#8149 = AXIS2_PLACEMENT_3D ( 'NONE', #1092, #5499, #10648 ) ;
#8150 = UNCERTAINTY_MEASURE_WITH_UNIT (LENGTH_MEASURE( 1.000000000000000100E-005 ), #9933, 'distance_accuracy_value', 'NONE');
#8151 = ORIENTED_EDGE ( 'NONE', *, *, #5562, .T. ) ;
#8152 = ADVANCED_FACE ( 'NONE', ( #9255 ), #6477, .F. ) ;
#8153 = ORIENTED_EDGE ( 'NONE', *, *, #5647, .T. ) ;
#8154 = FACE_OUTER_BOUND ( 'NONE', #8475, .T. ) ;
#8155 = VECTOR ( 'NONE', #2384, 39.37007874015748100 ) ;
#8156 = CARTESIAN_POINT ( 'NONE',  ( -0.01499999999999994200, 0.09249999999999998500, 0.2399999999999999100 ) ) ;
#8157 = PLANE ( 'NONE',  #11000 ) ;
#8158 = VECTOR ( 'NONE', #3295, 39.37007874015748100 ) ;
#8159 = VERTEX_POINT ( 'NONE', #3158 ) ;
#8160 = CARTESIAN_POINT ( 'NONE',  ( 0.1650000000000000900, 0.01000000000000000000, 0.2699999999999999600 ) ) ;
#8161 = CARTESIAN_POINT ( 'NONE',  ( -0.1649999999999999800, 0.009999999999999956800, -0.3150000000000000000 ) ) ;
#8162 = VERTEX_POINT ( 'NONE', #6582 ) ;
#8163 = DIRECTION ( 'NONE',  ( 0.0000000000000000000, 0.0000000000000000000, 1.000000000000000000 ) ) ;
#8164 = LINE ( 'NONE', #6399, #8587 ) ;
#8165 = VERTEX_POINT ( 'NONE', #1348 ) ;
#8166 = LINE ( 'NONE', #7411, #6682 ) ;
#8167 = EDGE_CURVE ( 'NONE', #2825, #7582, #8036, .T. ) ;
#8168 = VERTEX_POINT ( 'NONE', #9960 ) ;
#8169 = LINE ( 'NONE', #3176, #7630 ) ;
#8170 = ADVANCED_FACE ( 'NONE', ( #8712 ), #4893, .F. ) ;
#8171 = AXIS2_PLACEMENT_3D ( 'NONE', #10051, #9981, #4126 ) ;
#8172 = DIRECTION ( 'NONE',  ( -1.000000000000000000, -0.0000000000000000000, -0.0000000000000000000 ) ) ;
#8173 = CARTESIAN_POINT ( 'NONE',  ( 0.01500000000000004500, 0.009999999999999759100, -0.2819175359259424300 ) ) ;
#8174 = CARTESIAN_POINT ( 'NONE',  ( -0.01499999999999994200, 0.009999999999999753900, -0.2819175359259424300 ) ) ;
#8175 = EDGE_CURVE ( 'NONE', #8767, #3637, #4118, .T. ) ;
#8176 = ORIENTED_EDGE ( 'NONE', *, *, #8215, .T. ) ;
#8177 = DIRECTION ( 'NONE',  ( 0.0000000000000000000, -1.000000000000000000, -6.829619984160684300E-015 ) ) ;
#8178 = DIRECTION ( 'NONE',  ( 0.0000000000000000000, -1.000000000000000000, 6.829619984160659800E-015 ) ) ;
#8179 = CARTESIAN_POINT ( 'NONE',  ( -0.1649999999999999800, 0.1024999999999999900, 0.2536897542844667700 ) ) ;
#8180 = VERTEX_POINT ( 'NONE', #9197 ) ;
#8181 = ORIENTED_EDGE ( 'NONE', *, *, #2606, .T. ) ;
#8182 = VECTOR ( 'NONE', #4193, 39.37007874015748100 ) ;
#8183 = ORIENTED_EDGE ( 'NONE', *, *, #2944, .T. ) ;
#8184 = CARTESIAN_POINT ( 'NONE',  ( -0.2849999999999999800, 0.01000000000000000000, 0.2699999999999999600 ) ) ;
#8185 = AXIS2_PLACEMENT_3D ( 'NONE', #11067, #7709, #6890 ) ;
#8186 = DIRECTION ( 'NONE',  ( 0.0000000000000000000, -0.1736481776669304400, 0.9848077530122080200 ) ) ;
#8187 = DIRECTION ( 'NONE',  ( 0.0000000000000000000, 0.0000000000000000000, 1.000000000000000000 ) ) ;
#8188 = CLOSED_SHELL ( 'NONE', ( #6567, #822, #5044, #182, #558, #956, #167, #4643, #4384, #3114, #8902, #10093, #8846, #10376 ) ) ;
#8189 = ORIENTED_EDGE ( 'NONE', *, *, #5010, .F. ) ;
#8190 = EDGE_CURVE ( 'NONE', #1335, #4754, #10205, .T. ) ;
#8192 = VECTOR ( 'NONE', #2348, 39.37007874015748100 ) ;
#8191 = PLANE ( 'NONE',  #11018 ) ;
#8193 = ORIENTED_EDGE ( 'NONE', *, *, #8130, .T. ) ;
#8194 = CARTESIAN_POINT ( 'NONE',  ( 0.1150000000000000700, 0.009999999999999956800, -0.3150000000000000000 ) ) ;
#8195 = VECTOR ( 'NONE', #2577, 39.37007874015748100 ) ;
#8196 = DIRECTION ( 'NONE',  ( 0.0000000000000000000, -0.9848077530122082400, -0.1736481776669296100 ) ) ;
#8197 = ORIENTED_EDGE ( 'NONE', *, *, #2831, .F. ) ;
#8198 = ORIENTED_EDGE ( 'NONE', *, *, #4827, .T. ) ;
#8199 = ORIENTED_EDGE ( 'NONE', *, *, #729, .T. ) ;
#8200 = LINE ( 'NONE', #9524, #6037 ) ;
#8201 = CARTESIAN_POINT ( 'NONE',  ( -0.01499999999999994200, -3.201384367575308500E-018, -0.3150000000000000600 ) ) ;
#8202 = AXIS2_PLACEMENT_3D ( 'NONE', #10488, #1000, #5370 ) ;
#8203 = EDGE_CURVE ( 'NONE', #7780, #7689, #10730, .T. ) ;
#8204 = AXIS2_PLACEMENT_3D ( 'NONE', #5777, #11101, #648 ) ;
#8205 = ORIENTED_EDGE ( 'NONE', *, *, #6292, .F. ) ;
#8206 = ORIENTED_EDGE ( 'NONE', *, *, #11037, .F. ) ;
#8207 = ORIENTED_EDGE ( 'NONE', *, *, #4793, .T. ) ;
#8208 = LENGTH_MEASURE_WITH_UNIT ( LENGTH_MEASURE( 0.02539999999999999900 ), #10854 );
#8209 = DIRECTION ( 'NONE',  ( 0.0000000000000000000, 0.0000000000000000000, -1.000000000000000000 ) ) ;
#8210 = LINE ( 'NONE', #8092, #8065 ) ;
#8211 = ADVANCED_FACE ( 'NONE', ( #1318 ), #7528, .T. ) ;
#8212 = ORIENTED_EDGE ( 'NONE', *, *, #2467, .F. ) ;
#8213 = CARTESIAN_POINT ( 'NONE',  ( 0.2850000000000000900, -3.201384367575308500E-018, 0.3150000000000000600 ) ) ;
#8214 = VERTEX_POINT ( 'NONE', #2336 ) ;
#8215 = EDGE_CURVE ( 'NONE', #4682, #3658, #7897, .T. ) ;
#8216 = ORIENTED_EDGE ( 'NONE', *, *, #2998, .T. ) ;
#8217 = CARTESIAN_POINT ( 'NONE',  ( -0.06499999999999996100, 0.09249999999999998500, -0.2399999999999999100 ) ) ;
#8218 = ORIENTED_EDGE ( 'NONE', *, *, #878, .F. ) ;
#8219 = EDGE_CURVE ( 'NONE', #2563, #9716, #5589, .T. ) ;
#8220 = AXIS2_PLACEMENT_3D ( 'NONE', #6766, #7631, #11135 ) ;
#8221 = DIRECTION ( 'NONE',  ( 0.0000000000000000000, 0.0000000000000000000, 1.000000000000000000 ) ) ;
#8222 = CARTESIAN_POINT ( 'NONE',  ( -0.01499999999999994200, 0.09076351822333045300, -0.2557592126802871200 ) ) ;
#8223 = VECTOR ( 'NONE', #5222, 39.37007874015748100 ) ;
#8224 = LENGTH_MEASURE_WITH_UNIT ( LENGTH_MEASURE( 0.02539999999999999900 ), #9175 );
#8225 = ADVANCED_FACE ( 'NONE', ( #5465 ), #6749, .F. ) ;
#8226 = CARTESIAN_POINT ( 'NONE',  ( 0.1850000000000000800, 0.1024999999999999800, 0.2399999999999999100 ) ) ;
#8227 = ORIENTED_EDGE ( 'NONE', *, *, #4667, .T. ) ;
#8228 = ORIENTED_EDGE ( 'NONE', *, *, #7031, .T. ) ;
#8229 = ORIENTED_EDGE ( 'NONE', *, *, #7706, .T. ) ;
#8230 = CARTESIAN_POINT ( 'NONE',  ( -0.1149999999999999600, 0.009999999999999753900, 0.2819175359259424300 ) ) ;
#8231 = DIRECTION ( 'NONE',  ( -0.0000000000000000000, 1.000000000000000000, 7.193223902257864100E-015 ) ) ;
#8232 = FACE_OUTER_BOUND ( 'NONE', #6578, .T. ) ;
#8233 = EDGE_CURVE ( 'NONE', #8349, #4992, #2658, .T. ) ;
#8234 = LINE ( 'NONE', #7875, #8788 ) ;
#8235 = EDGE_CURVE ( 'NONE', #2147, #520, #7490, .T. ) ;
#8236 = FACE_OUTER_BOUND ( 'NONE', #8994, .T. ) ;
#8237 = SURFACE_STYLE_USAGE ( .BOTH. , #10018 ) ;
#8238 = DIRECTION ( 'NONE',  ( -1.000000000000000000, -0.0000000000000000000, 0.0000000000000000000 ) ) ;
#8239 = ORIENTED_EDGE ( 'NONE', *, *, #1891, .T. ) ;
#8240 = CYLINDRICAL_SURFACE ( 'NONE', #9571, 0.01210138312730635500 ) ;
#8241 = CARTESIAN_POINT ( 'NONE',  ( -0.2849999999999999800, 0.009999999999999993300, 0.3150000000000000000 ) ) ;
#8242 = VECTOR ( 'NONE', #1931, 39.37007874015748100 ) ;
#8243 = DIRECTION ( 'NONE',  ( 0.0000000000000000000, -6.829619984160684300E-015, 1.000000000000000000 ) ) ;
#8244 = ORIENTED_EDGE ( 'NONE', *, *, #9505, .F. ) ;
#8245 = PLANE ( 'NONE',  #10561 ) ;
#8246 = VECTOR ( 'NONE', #9168, 39.37007874015748100 ) ;
#8247 = DIRECTION ( 'NONE',  ( 0.0000000000000000000, -1.000000000000000000, 6.829619984160659800E-015 ) ) ;
#8248 = DIRECTION ( 'NONE',  ( -1.000000000000000000, 0.0000000000000000000, -0.0000000000000000000 ) ) ;
#8249 = AXIS2_PLACEMENT_3D ( 'NONE', #8695, #3526, #1910 ) ;
#8250 = FACE_OUTER_BOUND ( 'NONE', #4892, .T. ) ;
#8251 = EDGE_CURVE ( 'NONE', #8268, #7286, #4271, .T. ) ;
#8252 = EDGE_LOOP ( 'NONE', ( #7487, #10591, #9281, #4443 ) ) ;
#8253 = LINE ( 'NONE', #553, #8811 ) ;
#8254 = DIRECTION ( 'NONE',  ( -1.000000000000000000, -0.0000000000000000000, -0.0000000000000000000 ) ) ;
#8255 = LINE ( 'NONE', #9635, #5152 ) ;
#8256 = DIRECTION ( 'NONE',  ( -1.000000000000000000, -0.0000000000000000000, -0.0000000000000000000 ) ) ;
#8257 = ORIENTED_EDGE ( 'NONE', *, *, #6974, .T. ) ;
#8258 = ORIENTED_EDGE ( 'NONE', *, *, #4557, .T. ) ;
#8259 = LINE ( 'NONE', #5170, #7180 ) ;
#8260 = ADVANCED_FACE ( 'NONE', ( #8984 ), #3271, .F. ) ;
#8261 = AXIS2_PLACEMENT_3D ( 'NONE', #9211, #3254, #4984 ) ;
#8262 = FACE_OUTER_BOUND ( 'NONE', #6005, .T. ) ;
#8263 = CARTESIAN_POINT ( 'NONE',  ( 0.1350000000000000600, 0.09249999999999977700, 0.2656072902104091900 ) ) ;
#8264 = EDGE_CURVE ( 'NONE', #6782, #7507, #1716, .T. ) ;
#8265 = DIRECTION ( 'NONE',  ( 0.0000000000000000000, 0.0000000000000000000, 1.000000000000000000 ) ) ;
#8266 = DIRECTION ( 'NONE',  ( -1.000000000000000000, -0.0000000000000000000, -0.0000000000000000000 ) ) ;
#8267 = DIRECTION ( 'NONE',  ( 0.0000000000000000000, -0.0000000000000000000, 1.000000000000000000 ) ) ;
#8268 = VERTEX_POINT ( 'NONE', #5004 ) ;
#8269 = CARTESIAN_POINT ( 'NONE',  ( -0.2150000000000000000, 0.09076351822333045300, -0.2557592126802871200 ) ) ;
#8270 = CARTESIAN_POINT ( 'NONE',  ( -0.2349999999999999900, -3.201384367575308500E-018, 0.3150000000000000600 ) ) ;
#8271 = ORIENTED_EDGE ( 'NONE', *, *, #10402, .F. ) ;
#8272 = VECTOR ( 'NONE', #2109, 39.37007874015748100 ) ;
#8273 = VECTOR ( 'NONE', #1869, 39.37007874015748100 ) ;
#8274 = ADVANCED_FACE ( 'NONE', ( #10982 ), #5870, .F. ) ;
#8275 = DIRECTION ( 'NONE',  ( 0.0000000000000000000, 7.193223902257864100E-015, -1.000000000000000000 ) ) ;
#8276 = CARTESIAN_POINT ( 'NONE',  ( 0.03500000000000003800, 0.1024999999999999800, 0.2399999999999999100 ) ) ;
#8277 = PLANE ( 'NONE',  #5644 ) ;
#8278 = VERTEX_POINT ( 'NONE', #8407 ) ;
#8279 = EDGE_CURVE ( 'NONE', #520, #2586, #9927, .T. ) ;
#8280 = ORIENTED_EDGE ( 'NONE', *, *, #6170, .T. ) ;
#8281 = CARTESIAN_POINT ( 'NONE',  ( -0.2650000000000000100, 0.1024999999999999800, -0.2536897542844667700 ) ) ;
#8282 = AXIS2_PLACEMENT_3D ( 'NONE', #11082, #5040, #5008 ) ;
#8283 = ORIENTED_EDGE ( 'NONE', *, *, #9783, .T. ) ;
#8284 = VECTOR ( 'NONE', #4706, 39.37007874015748100 ) ;
#8285 = LINE ( 'NONE', #4838, #9907 ) ;
#8286 = VECTOR ( 'NONE', #1236, 39.37007874015748100 ) ;
#8287 = CARTESIAN_POINT ( 'NONE',  ( 0.2650000000000000700, 0.1024999999999999800, -0.2399999999999999100 ) ) ;
#8288 = DIRECTION ( 'NONE',  ( -1.000000000000000000, -0.0000000000000000000, 0.0000000000000000000 ) ) ;
#8289 = MANIFOLD_SOLID_BREP ( 'Pin 10', #669 ) ;
#8290 = ORIENTED_EDGE ( 'NONE', *, *, #3833, .F. ) ;
#8291 = DIRECTION ( 'NONE',  ( -0.0000000000000000000, -1.000000000000000000, -0.0000000000000000000 ) ) ;
#8292 = LINE ( 'NONE', #4231, #9924 ) ;
#8293 = ORIENTED_EDGE ( 'NONE', *, *, #361, .F. ) ;
#8294 = DIRECTION ( 'NONE',  ( 0.0000000000000000000, 0.0000000000000000000, 1.000000000000000000 ) ) ;
#8295 = DIRECTION ( 'NONE',  ( -1.000000000000000000, -0.0000000000000000000, -0.0000000000000000000 ) ) ;
#8296 = LINE ( 'NONE', #7864, #5869 ) ;
#8297 = FILL_AREA_STYLE_COLOUR ( '', #11038 ) ;
#8298 = DIRECTION ( 'NONE',  ( -1.000000000000000000, -0.0000000000000000000, -0.0000000000000000000 ) ) ;
#8299 = ORIENTED_EDGE ( 'NONE', *, *, #3300, .T. ) ;
#8300 = EDGE_CURVE ( 'NONE', #2212, #5101, #7627, .T. ) ;
#8301 = AXIS2_PLACEMENT_3D ( 'NONE', #2652, #1675, #4342 ) ;
#8302 = EDGE_CURVE ( 'NONE', #4270, #7871, #10341, .T. ) ;
#8303 = ORIENTED_EDGE ( 'NONE', *, *, #2397, .F. ) ;
#8304 = ORIENTED_EDGE ( 'NONE', *, *, #1699, .T. ) ;
#8305 = CARTESIAN_POINT ( 'NONE',  ( 0.2350000000000000400, 0.1024999999999999800, -0.2399999999999999100 ) ) ;
#8306 = LINE ( 'NONE', #3915, #3989 ) ;
#8307 = DIRECTION ( 'NONE',  ( 1.000000000000000000, 0.0000000000000000000, -0.0000000000000000000 ) ) ;
#8308 = VERTEX_POINT ( 'NONE', #6249 ) ;
#8309 = CIRCLE ( 'NONE', #4209, 0.01210138312730635500 ) ;
#8310 = DIRECTION ( 'NONE',  ( 0.0000000000000000000, 0.0000000000000000000, -1.000000000000000000 ) ) ;
#8311 = FACE_OUTER_BOUND ( 'NONE', #150, .T. ) ;
#8312 = CARTESIAN_POINT ( 'NONE',  ( 0.1850000000000000800, 0.1024999999999999800, 0.2399999999999999100 ) ) ;
#8313 = ORIENTED_EDGE ( 'NONE', *, *, #4140, .F. ) ;
#8314 = ORIENTED_EDGE ( 'NONE', *, *, #7794, .F. ) ;
#8315 = ORIENTED_EDGE ( 'NONE', *, *, #7045, .F. ) ;
#8316 = VECTOR ( 'NONE', #7382, 39.37007874015748900 ) ;
#8317 = DIRECTION ( 'NONE',  ( 0.0000000000000000000, -0.9848077530122082400, -0.1736481776669296100 ) ) ;
#8318 = ORIENTED_EDGE ( 'NONE', *, *, #2436, .F. ) ;
#8319 = CARTESIAN_POINT ( 'NONE',  ( -0.2650000000000000100, 0.01173648177666930000, -0.2798480775301220900 ) ) ;
#8320 = EDGE_CURVE ( 'NONE', #5233, #9447, #7209, .T. ) ;
#8321 = PRESENTATION_STYLE_ASSIGNMENT (( #9912 ) ) ;
#8322 = DIRECTION ( 'NONE',  ( -0.03487826274237470400, -0.9987827659587182900, -0.03487826274237467600 ) ) ;
#8323 = ADVANCED_FACE ( 'NONE', ( #10605 ), #7758, .F. ) ;
#8324 = ORIENTED_EDGE ( 'NONE', *, *, #4731, .T. ) ;
#8325 = ORIENTED_EDGE ( 'NONE', *, *, #1203, .T. ) ;
#8326 = VECTOR ( 'NONE', #3754, 39.37007874015748100 ) ;
#8327 = EDGE_LOOP ( 'NONE', ( #11049, #7068, #1906, #1285 ) ) ;
#8328 = CARTESIAN_POINT ( 'NONE',  ( 0.3450000000000000300, 0.1024999999999999800, -0.2400000000000000500 ) ) ;
#8329 = VECTOR ( 'NONE', #7919, 39.37007874015748100 ) ;
#8330 = CARTESIAN_POINT ( 'NONE',  ( -0.2349999999999999900, 0.09249999999999998500, -0.2399999999999999100 ) ) ;
#8331 = AXIS2_PLACEMENT_3D ( 'NONE', #2449, #3191, #10878 ) ;
#8332 = CARTESIAN_POINT ( 'NONE',  ( -0.1849999999999999700, 0.09249999999999998500, 0.2536897542844667700 ) ) ;
#8333 = DIRECTION ( 'NONE',  ( 0.0000000000000000000, -1.000000000000000000, 0.0000000000000000000 ) ) ;
#8334 = AXIS2_PLACEMENT_3D ( 'NONE', #7001, #9536, #2716 ) ;
#8335 = DIRECTION ( 'NONE',  ( 0.0000000000000000000, 7.193223902257864100E-015, 1.000000000000000000 ) ) ;
#8336 = EDGE_CURVE ( 'NONE', #673, #6782, #4393, .T. ) ;
#8337 = ADVANCED_FACE ( 'NONE', ( #7476 ), #10568, .F. ) ;
#8338 = DIRECTION ( 'NONE',  ( 0.0000000000000000000, 0.1736481776669296100, -0.9848077530122082400 ) ) ;
#8339 = DIRECTION ( 'NONE',  ( -0.0000000000000000000, 1.000000000000000000, -0.0000000000000000000 ) ) ;
#8340 = ORIENTED_EDGE ( 'NONE', *, *, #6006, .T. ) ;
#8341 = VERTEX_POINT ( 'NONE', #7940 ) ;
#8342 = CIRCLE ( 'NONE', #8710, 0.01210138312730635500 ) ;
#8343 = ORIENTED_EDGE ( 'NONE', *, *, #1512, .T. ) ;
#8344 = CARTESIAN_POINT ( 'NONE',  ( -0.01499999999999994200, -3.201384367575308500E-018, -0.3150000000000000600 ) ) ;
#8345 = DIRECTION ( 'NONE',  ( -1.000000000000000000, -0.0000000000000000000, -0.0000000000000000000 ) ) ;
#8346 = DIRECTION ( 'NONE',  ( 0.0000000000000000000, 0.0000000000000000000, -1.000000000000000000 ) ) ;
#8347 = ORIENTED_EDGE ( 'NONE', *, *, #9615, .F. ) ;
#8348 = CARTESIAN_POINT ( 'NONE',  ( -0.2650000000000000100, 0.09039861687269366800, -0.2536897542844667700 ) ) ;
#8349 = VERTEX_POINT ( 'NONE', #7115 ) ;
#8350 = ORIENTED_EDGE ( 'NONE', *, *, #7932, .F. ) ;
#8351 = CARTESIAN_POINT ( 'NONE',  ( -0.06499999999999996100, 0.009999999999999753900, 0.2819175359259424300 ) ) ;
#8352 = EDGE_CURVE ( 'NONE', #4916, #2816, #5053, .T. ) ;
#8353 = MECHANICAL_DESIGN_GEOMETRIC_PRESENTATION_REPRESENTATION (  '', ( #9078 ), #9297 ) ;
#8354 = EDGE_CURVE ( 'NONE', #6948, #10914, #9392, .T. ) ;
#8355 = PRESENTATION_STYLE_ASSIGNMENT (( #3467 ) ) ;
#8356 = EDGE_LOOP ( 'NONE', ( #6068, #7783, #1617, #10083 ) ) ;
#8357 = AXIS2_PLACEMENT_3D ( 'NONE', #9657, #3666, #9619 ) ;
#8358 = CYLINDRICAL_SURFACE ( 'NONE', #864, 0.02750000000000001400 ) ;
#8359 = EDGE_LOOP ( 'NONE', ( #7218, #4636, #4029, #5793 ) ) ;
#8360 = DIRECTION ( 'NONE',  ( 0.0000000000000000000, -0.0000000000000000000, -1.000000000000000000 ) ) ;
#8361 = CARTESIAN_POINT ( 'NONE',  ( 0.06500000000000005800, 0.009999999999999993300, 0.3150000000000000000 ) ) ;
#8362 = ORIENTED_EDGE ( 'NONE', *, *, #9144, .F. ) ;
#8363 = ORIENTED_EDGE ( 'NONE', *, *, #7718, .F. ) ;
#8364 = CARTESIAN_POINT ( 'NONE',  ( -0.1849999999999999700, 0.09076351822333045300, -0.2557592126802871200 ) ) ;
#8365 = ORIENTED_EDGE ( 'NONE', *, *, #815, .T. ) ;
#8366 = CARTESIAN_POINT ( 'NONE',  ( -0.2650000000000000100, 0.09249999999999977700, 0.2656072902104091900 ) ) ;
#8367 = VECTOR ( 'NONE', #5408, 39.37007874015748900 ) ;
#8368 = VECTOR ( 'NONE', #429, 39.37007874015748100 ) ;
#8369 = VECTOR ( 'NONE', #3876, 39.37007874015748900 ) ;
#8370 = DIRECTION ( 'NONE',  ( 0.0000000000000000000, 1.000000000000000000, 0.0000000000000000000 ) ) ;
#8371 = EDGE_CURVE ( 'NONE', #2747, #6497, #4787, .T. ) ;
#8372 = VECTOR ( 'NONE', #6650, 39.37007874015748100 ) ;
#8373 = AXIS2_PLACEMENT_3D ( 'NONE', #5428, #309, #8915 ) ;
#8374 = ORIENTED_EDGE ( 'NONE', *, *, #3479, .T. ) ;
#8375 = CARTESIAN_POINT ( 'NONE',  ( 0.2850000000000000900, 0.1024999999999999800, -0.2399999999999999100 ) ) ;
#8376 = DIRECTION ( 'NONE',  ( 0.0000000000000000000, 0.0000000000000000000, -1.000000000000000000 ) ) ;
#8377 = FACE_OUTER_BOUND ( 'NONE', #10612, .T. ) ;
#8378 = CYLINDRICAL_SURFACE ( 'NONE', #8301, 0.01210138312730635500 ) ;
#8379 = ADVANCED_FACE ( 'NONE', ( #7082 ), #10529, .F. ) ;
#8380 = DIRECTION ( 'NONE',  ( -1.000000000000000000, -0.0000000000000000000, 0.0000000000000000000 ) ) ;
#8381 = CARTESIAN_POINT ( 'NONE',  ( -0.01499999999999994200, 0.09039861687269366800, -0.2536897542844667700 ) ) ;
#8382 = CARTESIAN_POINT ( 'NONE',  ( 0.08500000000000004800, 0.009999999999999759100, -0.2819175359259424300 ) ) ;
#8383 = LINE ( 'NONE', #3584, #4343 ) ;
#8384 = EDGE_CURVE ( 'NONE', #9986, #5366, #2514, .T. ) ;
#8385 = DIRECTION ( 'NONE',  ( 1.000000000000000000, 0.0000000000000000000, 0.0000000000000000000 ) ) ;
#8386 = PLANE ( 'NONE',  #6232 ) ;
#8387 = AXIS2_PLACEMENT_3D ( 'NONE', #8049, #6460, #2933 ) ;
#8388 = ORIENTED_EDGE ( 'NONE', *, *, #3752, .F. ) ;
#8389 = FACE_OUTER_BOUND ( 'NONE', #7369, .T. ) ;
#8390 = EDGE_CURVE ( 'NONE', #9998, #717, #6532, .T. ) ;
#8391 = DIRECTION ( 'NONE',  ( 0.0000000000000000000, 0.0000000000000000000, -1.000000000000000000 ) ) ;
#8392 = LINE ( 'NONE', #1166, #10149 ) ;
#8393 = ADVANCED_FACE ( 'NONE', ( #3168 ), #1974, .T. ) ;
#8394 = DIRECTION ( 'NONE',  ( -1.000000000000000000, -0.0000000000000000000, -0.0000000000000000000 ) ) ;
#8395 = VECTOR ( 'NONE', #1600, 39.37007874015748100 ) ;
#8396 = DIRECTION ( 'NONE',  ( -1.000000000000000000, -0.0000000000000000000, -0.0000000000000000000 ) ) ;
#8397 = DIRECTION ( 'NONE',  ( 0.0000000000000000000, 0.0000000000000000000, 1.000000000000000000 ) ) ;
#8398 = VERTEX_POINT ( 'NONE', #3668 ) ;
#8399 = CARTESIAN_POINT ( 'NONE',  ( 0.03500000000000003800, 0.09076351822333045300, -0.2557592126802871200 ) ) ;
#8400 = FACE_OUTER_BOUND ( 'NONE', #10736, .T. ) ;
#8401 = DIRECTION ( 'NONE',  ( -1.000000000000000000, 0.0000000000000000000, -0.0000000000000000000 ) ) ;
#8402 = FACE_OUTER_BOUND ( 'NONE', #5555, .T. ) ;
#8403 = CARTESIAN_POINT ( 'NONE',  ( -0.2650000000000000100, 0.009999999999999956800, -0.3150000000000000000 ) ) ;
#8404 = AXIS2_PLACEMENT_3D ( 'NONE', #11109, #7685, #9274 ) ;
#8405 = EDGE_CURVE ( 'NONE', #10743, #1722, #1175, .T. ) ;
#8406 = ORIENTED_EDGE ( 'NONE', *, *, #10418, .T. ) ;
#8407 = CARTESIAN_POINT ( 'NONE',  ( 0.2350000000000000400, 0.09249999999999977700, 0.2656072902104091900 ) ) ;
#8408 = DIRECTION ( 'NONE',  ( 1.000000000000000000, 0.0000000000000000000, -0.0000000000000000000 ) ) ;
#8409 = ORIENTED_EDGE ( 'NONE', *, *, #9338, .T. ) ;
#8410 = FACE_OUTER_BOUND ( 'NONE', #5548, .T. ) ;
#8411 = DIRECTION ( 'NONE',  ( 0.0000000000000000000, -0.0000000000000000000, -1.000000000000000000 ) ) ;
#8412 = DIRECTION ( 'NONE',  ( 0.0000000000000000000, -0.9848077530122082400, -0.1736481776669296100 ) ) ;
#8413 = LINE ( 'NONE', #2720, #2752 ) ;
#8414 = DIRECTION ( 'NONE',  ( -1.000000000000000000, -0.0000000000000000000, -0.0000000000000000000 ) ) ;
#8415 = DIRECTION ( 'NONE',  ( 0.0000000000000000000, 0.0000000000000000000, -1.000000000000000000 ) ) ;
#8416 = VERTEX_POINT ( 'NONE', #6293 ) ;
#8417 = EDGE_LOOP ( 'NONE', ( #3302, #1370, #7018, #4726, #6787, #10165, #10197, #4138, #289, #5783, #549, #10022 ) ) ;
#8418 = AXIS2_PLACEMENT_3D ( 'NONE', #2010, #7183, #9764 ) ;
#8419 = ORIENTED_EDGE ( 'NONE', *, *, #6254, .T. ) ;
#8420 = LINE ( 'NONE', #6928, #9231 ) ;
#8421 = CARTESIAN_POINT ( 'NONE',  ( 0.1150000000000000700, 0.1024999999999999800, 0.2399999999999999100 ) ) ;
#8422 = EDGE_CURVE ( 'NONE', #6171, #9810, #3449, .T. ) ;
#8423 = DIRECTION ( 'NONE',  ( 0.0000000000000000000, 0.0000000000000000000, 1.000000000000000000 ) ) ;
#8424 = DIRECTION ( 'NONE',  ( 0.0000000000000000000, 0.0000000000000000000, 1.000000000000000000 ) ) ;
#8425 = LINE ( 'NONE', #130, #6136 ) ;
#8426 = DIRECTION ( 'NONE',  ( 0.0000000000000000000, 0.0000000000000000000, 1.000000000000000000 ) ) ;
#8427 = CARTESIAN_POINT ( 'NONE',  ( -0.2650000000000000100, -3.201384367575308500E-018, 0.3150000000000000600 ) ) ;
#8428 =( NAMED_UNIT ( * ) PLANE_ANGLE_UNIT ( ) SI_UNIT ( $, .RADIAN. ) );
#8429 = CARTESIAN_POINT ( 'NONE',  ( -0.1149999999999999600, -3.201384367575308500E-018, 0.3150000000000000600 ) ) ;
#8430 = VERTEX_POINT ( 'NONE', #887 ) ;
#8431 = VERTEX_POINT ( 'NONE', #1740 ) ;
#8432 = LINE ( 'NONE', #6815, #1163 ) ;
#8433 = VECTOR ( 'NONE', #4114, 39.37007874015748900 ) ;
#8434 = DIRECTION ( 'NONE',  ( 2.845674993400274400E-016, -0.0000000000000000000, 1.000000000000000000 ) ) ;
#8435 = LINE ( 'NONE', #10580, #9654 ) ;
#8436 = DIRECTION ( 'NONE',  ( 0.0000000000000000000, 0.0000000000000000000, 1.000000000000000000 ) ) ;
#8437 = DIRECTION ( 'NONE',  ( -0.0000000000000000000, -0.0000000000000000000, 1.000000000000000000 ) ) ;
#8438 = EDGE_CURVE ( 'NONE', #10761, #3513, #8849, .T. ) ;
#8439 = ADVANCED_FACE ( 'NONE', ( #5456 ), #852, .F. ) ;
#8440 = PLANE ( 'NONE',  #546 ) ;
#8441 = AXIS2_PLACEMENT_3D ( 'NONE', #5001, #9269, #5824 ) ;
#8442 = MANIFOLD_SOLID_BREP ( 'Pin 16', #2960 ) ;
#8443 = ORIENTED_EDGE ( 'NONE', *, *, #4894, .F. ) ;
#8444 = VECTOR ( 'NONE', #2125, 39.37007874015748100 ) ;
#8445 = ORIENTED_EDGE ( 'NONE', *, *, #8336, .F. ) ;
#8446 = LINE ( 'NONE', #8421, #6002 ) ;
#8447 = DIRECTION ( 'NONE',  ( 0.0000000000000000000, 0.0000000000000000000, -1.000000000000000000 ) ) ;
#8448 = CARTESIAN_POINT ( 'NONE',  ( -0.2150000000000000000, 0.09249999999999998500, 0.2399999999999999100 ) ) ;
#8449 = DIRECTION ( 'NONE',  ( 0.0000000000000000000, -6.829619984160684300E-015, 1.000000000000000000 ) ) ;
#8450 = ORIENTED_EDGE ( 'NONE', *, *, #7807, .F. ) ;
#8451 = DIRECTION ( 'NONE',  ( 0.0000000000000000000, 0.0000000000000000000, 1.000000000000000000 ) ) ;
#8452 = CARTESIAN_POINT ( 'NONE',  ( -0.2650000000000000100, 0.1024999999999999900, 0.2536897542844667700 ) ) ;
#8453 = EDGE_LOOP ( 'NONE', ( #4791, #5832, #3650, #480, #4185, #4503, #8950, #10699, #8646, #6540, #4846, #10113 ) ) ;
#8454 = VERTEX_POINT ( 'NONE', #5447 ) ;
#8455 = ADVANCED_FACE ( 'NONE', ( #2911 ), #5594, .F. ) ;
#8456 = FACE_OUTER_BOUND ( 'NONE', #9011, .T. ) ;
#8457 = ORIENTED_EDGE ( 'NONE', *, *, #9109, .T. ) ;
#8458 = ORIENTED_EDGE ( 'NONE', *, *, #316, .F. ) ;
#8459 = EDGE_CURVE ( 'NONE', #1242, #8398, #1838, .T. ) ;
#8460 = FACE_OUTER_BOUND ( 'NONE', #5876, .T. ) ;
#8461 = EDGE_CURVE ( 'NONE', #5995, #2747, #9651, .T. ) ;
#8462 = DIRECTION ( 'NONE',  ( 0.0000000000000000000, 0.0000000000000000000, -1.000000000000000000 ) ) ;
#8463 = CARTESIAN_POINT ( 'NONE',  ( 0.2850000000000000900, 0.1024999999999999800, 0.2399999999999999100 ) ) ;
#8464 = DIRECTION ( 'NONE',  ( 0.0000000000000000000, 0.0000000000000000000, 1.000000000000000000 ) ) ;
#8465 = ORIENTED_EDGE ( 'NONE', *, *, #1850, .F. ) ;
#8466 = ORIENTED_EDGE ( 'NONE', *, *, #6663, .F. ) ;
#8467 = CARTESIAN_POINT ( 'NONE',  ( -0.06499999999999996100, 0.09249999999999998500, 0.2536897542844667700 ) ) ;
#8468 = DIRECTION ( 'NONE',  ( -0.0000000000000000000, 0.9848077530122082400, -0.1736481776669296100 ) ) ;
#8469 = LINE ( 'NONE', #9853, #9134 ) ;
#8470 = ORIENTED_EDGE ( 'NONE', *, *, #1097, .T. ) ;
#8471 = DIRECTION ( 'NONE',  ( 0.0000000000000000000, 0.0000000000000000000, 1.000000000000000000 ) ) ;
#8472 = AXIS2_PLACEMENT_3D ( 'NONE', #10266, #2379, #807 ) ;
#8473 = CARTESIAN_POINT ( 'NONE',  ( 0.1850000000000000800, 0.1024999999999999800, -0.2399999999999999100 ) ) ;
#8474 = VERTEX_POINT ( 'NONE', #3911 ) ;
#8475 = EDGE_LOOP ( 'NONE', ( #1692, #166, #3488, #3883 ) ) ;
#8476 = DIRECTION ( 'NONE',  ( 0.0000000000000000000, 7.193223902257864100E-015, -1.000000000000000000 ) ) ;
#8477 = EDGE_CURVE ( 'NONE', #155, #7034, #2768, .T. ) ;
#8478 = LINE ( 'NONE', #6646, #5758 ) ;
#8479 = ORIENTED_EDGE ( 'NONE', *, *, #10267, .T. ) ;
#8480 = CARTESIAN_POINT ( 'NONE',  ( 0.2350000000000000400, 0.09039861687269366800, -0.2536897542844667700 ) ) ;
#8481 = VECTOR ( 'NONE', #10470, 39.37007874015748100 ) ;
#8482 = CARTESIAN_POINT ( 'NONE',  ( -0.06499999999999996100, 0.01210138312730608600, -0.2819175359259424300 ) ) ;
#8483 = VERTEX_POINT ( 'NONE', #2193 ) ;
#8484 = ORIENTED_EDGE ( 'NONE', *, *, #5902, .F. ) ;
#8485 = ORIENTED_EDGE ( 'NONE', *, *, #1712, .T. ) ;
#8486 = ORIENTED_EDGE ( 'NONE', *, *, #7951, .F. ) ;
#8487 = CARTESIAN_POINT ( 'NONE',  ( 0.1650000000000000900, 0.09249999999999998500, 0.2536897542844667700 ) ) ;
#8488 = CARTESIAN_POINT ( 'NONE',  ( -0.3449999999999998600, 0.09249999999999998500, -0.2399999999999996300 ) ) ;
#8489 = VECTOR ( 'NONE', #8468, 39.37007874015748900 ) ;
#8490 = AXIS2_PLACEMENT_3D ( 'NONE', #2628, #7021, #5348 ) ;
#8491 = DIRECTION ( 'NONE',  ( 0.0000000000000000000, 0.0000000000000000000, 1.000000000000000000 ) ) ;
#8492 = EDGE_CURVE ( 'NONE', #10897, #1183, #1308, .T. ) ;
#8493 = DIRECTION ( 'NONE',  ( 0.0000000000000000000, 0.0000000000000000000, -1.000000000000000000 ) ) ;
#8494 = ORIENTED_EDGE ( 'NONE', *, *, #5452, .T. ) ;
#8495 = ORIENTED_EDGE ( 'NONE', *, *, #8235, .T. ) ;
#8496 = ORIENTED_EDGE ( 'NONE', *, *, #2455, .F. ) ;
#8497 = ADVANCED_FACE ( 'NONE', ( #3303 ), #9778, .T. ) ;
#8498 =( LENGTH_UNIT ( ) NAMED_UNIT ( * ) SI_UNIT ( $, .METRE. ) );
#8499 = LINE ( 'NONE', #358, #6196 ) ;
#8500 = CARTESIAN_POINT ( 'NONE',  ( 0.01500000000000004500, 0.09249999999999974900, -0.2656072902104091300 ) ) ;
#8501 = DIRECTION ( 'NONE',  ( -1.000000000000000000, -0.0000000000000000000, -0.0000000000000000000 ) ) ;
#8502 = CARTESIAN_POINT ( 'NONE',  ( -0.08499999999999995100, 0.01173648177666930900, 0.2798480775301220900 ) ) ;
#8503 = PLANE ( 'NONE',  #7748 ) ;
#8504 = ORIENTED_EDGE ( 'NONE', *, *, #1080, .F. ) ;
#8505 = ORIENTED_EDGE ( 'NONE', *, *, #4604, .T. ) ;
#8506 = ORIENTED_EDGE ( 'NONE', *, *, #10940, .F. ) ;
#8507 = AXIS2_PLACEMENT_3D ( 'NONE', #20, #2736, #7853 ) ;
#8508 = CARTESIAN_POINT ( 'NONE',  ( -0.3421190365169307100, 0.009999999999999995000, -0.2371190365169304200 ) ) ;
#8509 = CARTESIAN_POINT ( 'NONE',  ( -0.2150000000000000000, 0.09249999999999974900, -0.2656072902104091300 ) ) ;
#8510 = EDGE_LOOP ( 'NONE', ( #2159, #1356, #8705, #3815, #5650, #643, #6161, #9832, #175, #3329, #10874, #2609 ) ) ;
#8511 = EDGE_CURVE ( 'NONE', #6033, #5226, #2504, .T. ) ;
#8512 = ADVANCED_FACE ( 'NONE', ( #492 ), #1420, .T. ) ;
#8513 = CARTESIAN_POINT ( 'NONE',  ( 0.3450000000000001400, 0.1024999999999999800, 0.2399999999999999100 ) ) ;
#8514 = CIRCLE ( 'NONE', #5723, 0.01210138312730635500 ) ;
#8515 = CARTESIAN_POINT ( 'NONE',  ( 0.2850000000000000900, -2.411709556906732200E-016, -0.2819175359259424900 ) ) ;
#8516 = CARTESIAN_POINT ( 'NONE',  ( 0.08500000000000004800, 0.01000000000000000000, 0.2699999999999999600 ) ) ;
#8517 = VECTOR ( 'NONE', #9659, 39.37007874015748900 ) ;
#8518 = CIRCLE ( 'NONE', #9501, 0.002101383127306358700 ) ;
#8519 = VERTEX_POINT ( 'NONE', #2942 ) ;
#8520 = FACE_OUTER_BOUND ( 'NONE', #7648, .T. ) ;
#8521 = VERTEX_POINT ( 'NONE', #8968 ) ;
#8522 =( CONVERSION_BASED_UNIT ( 'INCH', #251 ) LENGTH_UNIT ( ) NAMED_UNIT ( #5307 ) );
#8523 = LINE ( 'NONE', #3478, #6221 ) ;
#8524 = EDGE_CURVE ( 'NONE', #3431, #8214, #7334, .T. ) ;
#8525 = CARTESIAN_POINT ( 'NONE',  ( 0.1850000000000000800, 0.009999999999999956800, -0.3150000000000000000 ) ) ;
#8526 = DIRECTION ( 'NONE',  ( -1.000000000000000000, -0.0000000000000000000, 0.0000000000000000000 ) ) ;
#8527 = LINE ( 'NONE', #4069, #2313 ) ;
#8528 = DIRECTION ( 'NONE',  ( 0.0000000000000000000, -0.0000000000000000000, 1.000000000000000000 ) ) ;
#8529 = DIRECTION ( 'NONE',  ( -1.000000000000000000, -0.0000000000000000000, -0.0000000000000000000 ) ) ;
#8530 = PLANE ( 'NONE',  #3907 ) ;
#8531 = CYLINDRICAL_SURFACE ( 'NONE', #4462, 0.002101383127306324400 ) ;
#8532 = ORIENTED_EDGE ( 'NONE', *, *, #10579, .T. ) ;
#8533 = FACE_OUTER_BOUND ( 'NONE', #9915, .T. ) ;
#8534 = CARTESIAN_POINT ( 'NONE',  ( -0.1649999999999999800, 0.09249999999999998500, 0.2399999999999999100 ) ) ;
#8535 = DIRECTION ( 'NONE',  ( -1.000000000000000000, -0.0000000000000000000, 0.0000000000000000000 ) ) ;
#8536 = EDGE_CURVE ( 'NONE', #6410, #4424, #4775, .T. ) ;
#8537 = CARTESIAN_POINT ( 'NONE',  ( 0.08500000000000004800, 0.1024999999999999800, -0.2399999999999999100 ) ) ;
#8538 = AXIS2_PLACEMENT_3D ( 'NONE', #8106, #2103, #5539 ) ;
#8539 = CARTESIAN_POINT ( 'NONE',  ( 0.1350000000000000600, 0.09249999999999998500, -0.2399999999999999100 ) ) ;
#8540 = ORIENTED_EDGE ( 'NONE', *, *, #3739, .T. ) ;
#8541 = EDGE_CURVE ( 'NONE', #4615, #551, #10721, .T. ) ;
#8542 = DIRECTION ( 'NONE',  ( -0.0000000000000000000, 1.000000000000000000, 0.0000000000000000000 ) ) ;
#8543 = CARTESIAN_POINT ( 'NONE',  ( 0.08500000000000004800, -2.603792618961250900E-016, 0.2819175359259424900 ) ) ;
#8544 = CLOSED_SHELL ( 'NONE', ( #3242, #9592, #1677, #11087, #6233, #3702, #4313, #3305, #2977, #7523, #781, #10746, #882, #3970 ) ) ;
#8545 = LINE ( 'NONE', #1651, #6239 ) ;
#8546 = VECTOR ( 'NONE', #908, 39.37007874015748100 ) ;
#8547 = DIRECTION ( 'NONE',  ( 1.000000000000000000, 0.0000000000000000000, 0.0000000000000000000 ) ) ;
#8548 = CARTESIAN_POINT ( 'NONE',  ( 0.3450000000000001400, 0.09249999999999998500, 0.2399999999999999100 ) ) ;
#8549 = CARTESIAN_POINT ( 'NONE',  ( -0.03499999999999993400, 0.1024999999999999800, -0.2536897542844667700 ) ) ;
#8550 = ORIENTED_EDGE ( 'NONE', *, *, #1447, .T. ) ;
#8551 = ORIENTED_EDGE ( 'NONE', *, *, #2762, .F. ) ;
#8552 = ADVANCED_FACE ( 'NONE', ( #7885 ), #4738, .F. ) ;
#8553 = EDGE_LOOP ( 'NONE', ( #1440, #4131, #10611, #2028, #10072, #2826, #5637, #4874, #4954, #2632, #6543, #4688 ) ) ;
#8554 = PRESENTATION_LAYER_ASSIGNMENT (  '', '', ( #5641 ) ) ;
#8555 = VECTOR ( 'NONE', #5975, 39.37007874015748100 ) ;
#8556 = DIRECTION ( 'NONE',  ( 0.0000000000000000000, -0.9848077530122080200, -0.1736481776669304400 ) ) ;
#8557 = EDGE_CURVE ( 'NONE', #7088, #103, #5042, .T. ) ;
#8558 = DIRECTION ( 'NONE',  ( 1.000000000000000000, 0.0000000000000000000, 0.0000000000000000000 ) ) ;
#8559 = CARTESIAN_POINT ( 'NONE',  ( 0.1850000000000000800, 0.009999999999999956800, -0.3150000000000000000 ) ) ;
#8560 = CARTESIAN_POINT ( 'NONE',  ( 0.3450000000000000300, 0.1024999999999999800, -0.2400000000000000500 ) ) ;
#8561 = ORIENTED_EDGE ( 'NONE', *, *, #8405, .T. ) ;
#8562 = DIRECTION ( 'NONE',  ( 0.0000000000000000000, -0.9848077530122082400, 0.1736481776669295800 ) ) ;
#8563 = ORIENTED_EDGE ( 'NONE', *, *, #5696, .T. ) ;
#8564 = CARTESIAN_POINT ( 'NONE',  ( -0.08499999999999995100, 0.09249999999999998500, -0.2399999999999999100 ) ) ;
#8565 = CARTESIAN_POINT ( 'NONE',  ( -0.1849999999999999700, 0.09249999999999998500, -0.2399999999999999100 ) ) ;
#8566 = COLOUR_RGB ( '',0.7921568627450980000, 0.8196078431372548800, 0.9333333333333333500 ) ;
#8567 = ADVANCED_FACE ( 'NONE', ( #8714 ), #7403, .T. ) ;
#8568 = CARTESIAN_POINT ( 'NONE',  ( 0.2150000000000000500, -2.603792618961250900E-016, 0.2819175359259424900 ) ) ;
#8569 = CYLINDRICAL_SURFACE ( 'NONE', #883, 0.002101383127306358700 ) ;
#8570 = AXIS2_PLACEMENT_3D ( 'NONE', #2423, #7572, #4187 ) ;
#8571 = VERTEX_POINT ( 'NONE', #9991 ) ;
#8572 = DIRECTION ( 'NONE',  ( 0.0000000000000000000, 1.000000000000000000, 0.0000000000000000000 ) ) ;
#8573 = CARTESIAN_POINT ( 'NONE',  ( 0.2350000000000000400, 0.09076351822333045300, -0.2557592126802871200 ) ) ;
#8574 = EDGE_CURVE ( 'NONE', #1174, #5147, #9100, .T. ) ;
#8575 = VECTOR ( 'NONE', #4273, 39.37007874015748100 ) ;
#8576 = AXIS2_PLACEMENT_3D ( 'NONE', #3349, #9383, #841 ) ;
#8577 = CARTESIAN_POINT ( 'NONE',  ( 0.01500000000000004500, 0.1024999999999999800, -0.2399999999999999100 ) ) ;
#8578 = DIRECTION ( 'NONE',  ( 0.0000000000000000000, 0.0000000000000000000, -1.000000000000000000 ) ) ;
#8579 = ORIENTED_EDGE ( 'NONE', *, *, #8264, .T. ) ;
#8580 = DIRECTION ( 'NONE',  ( 0.0000000000000000000, 0.0000000000000000000, 1.000000000000000000 ) ) ;
#8581 = CIRCLE ( 'NONE', #8796, 0.002101383127306358700 ) ;
#8582 = CARTESIAN_POINT ( 'NONE',  ( -0.08499999999999995100, 0.01000000000000000400, -0.2700000000000000200 ) ) ;
#8583 = DIRECTION ( 'NONE',  ( -1.000000000000000000, -0.0000000000000000000, 0.0000000000000000000 ) ) ;
#8584 = DIRECTION ( 'NONE',  ( 0.0000000000000000000, 0.0000000000000000000, 1.000000000000000000 ) ) ;
#8585 = VERTEX_POINT ( 'NONE', #9149 ) ;
#8586 = ORIENTED_EDGE ( 'NONE', *, *, #411, .T. ) ;
#8587 = VECTOR ( 'NONE', #3081, 39.37007874015748100 ) ;
#8588 = CARTESIAN_POINT ( 'NONE',  ( -0.2349999999999999900, 0.01210138312730608600, -0.2819175359259424300 ) ) ;
#8589 = ORIENTED_EDGE ( 'NONE', *, *, #746, .T. ) ;
#8590 = VECTOR ( 'NONE', #9884, 39.37007874015748100 ) ;
#8591 = CARTESIAN_POINT ( 'NONE',  ( 0.1850000000000000800, 0.01210138312730608600, 0.2819175359259424300 ) ) ;
#8592 = CIRCLE ( 'NONE', #7047, 0.002101383127306358700 ) ;
#8593 = FILL_AREA_STYLE_COLOUR ( '', #8763 ) ;
#8594 = EDGE_CURVE ( 'NONE', #1451, #68, #8009, .T. ) ;
#8595 = CARTESIAN_POINT ( 'NONE',  ( 0.2850000000000000900, 0.09249999999999998500, 0.2399999999999999100 ) ) ;
#8596 = PLANE ( 'NONE',  #3768 ) ;
#8597 = EDGE_CURVE ( 'NONE', #6794, #6049, #242, .T. ) ;
#8598 = AXIS2_PLACEMENT_3D ( 'NONE', #6985, #1047, #1829 ) ;
#8599 = DIRECTION ( 'NONE',  ( -1.000000000000000000, -0.0000000000000000000, -0.0000000000000000000 ) ) ;
#8600 = EDGE_LOOP ( 'NONE', ( #5439, #10362, #9377, #8199 ) ) ;
#8601 = ORIENTED_EDGE ( 'NONE', *, *, #6558, .F. ) ;
#8602 = VECTOR ( 'NONE', #2958, 39.37007874015748100 ) ;
#8603 = ORIENTED_EDGE ( 'NONE', *, *, #9037, .F. ) ;
#8604 = ORIENTED_EDGE ( 'NONE', *, *, #7014, .F. ) ;
#8605 = LINE ( 'NONE', #2793, #2932 ) ;
#8606 = CARTESIAN_POINT ( 'NONE',  ( -0.01499999999999994200, 0.009999999999999956800, -0.3150000000000000000 ) ) ;
#8607 = DIRECTION ( 'NONE',  ( -0.0000000000000000000, -0.0000000000000000000, -1.000000000000000000 ) ) ;
#8608 = CARTESIAN_POINT ( 'NONE',  ( 0.2350000000000000400, 0.09249999999999998500, 0.2399999999999999100 ) ) ;
#8609 = ORIENTED_EDGE ( 'NONE', *, *, #10028, .T. ) ;
#8610 = EDGE_LOOP ( 'NONE', ( #1750, #3326, #357, #6062 ) ) ;
#8611 = EDGE_CURVE ( 'NONE', #1045, #3901, #6809, .T. ) ;
#8612 = FACE_OUTER_BOUND ( 'NONE', #8034, .T. ) ;
#8613 = EDGE_CURVE ( 'NONE', #5747, #5297, #1034, .T. ) ;
#8614 = LINE ( 'NONE', #518, #11029 ) ;
#8615 = ADVANCED_FACE ( 'NONE', ( #6401 ), #8277, .F. ) ;
#8616 = DIRECTION ( 'NONE',  ( -1.000000000000000000, -0.0000000000000000000, -0.0000000000000000000 ) ) ;
#8617 = CARTESIAN_POINT ( 'NONE',  ( 0.2850000000000000900, 0.01000000000000000000, 0.2699999999999999600 ) ) ;
#8618 = CARTESIAN_POINT ( 'NONE',  ( 0.3407222057372610900, 0.2249999999999998700, 0.2399999999999999100 ) ) ;
#8619 = CARTESIAN_POINT ( 'NONE',  ( -0.06499999999999996100, -3.201384367575308500E-018, 0.3150000000000000600 ) ) ;
#8620 = DIRECTION ( 'NONE',  ( 1.000000000000000000, 0.0000000000000000000, 0.0000000000000000000 ) ) ;
#8621 = CLOSED_SHELL ( 'NONE', ( #70, #1250, #2578, #5363, #9931, #9132, #5762, #4088, #11, #8152, #5322, #709, #9174, #1507 ) ) ;
#8622 = ORIENTED_EDGE ( 'NONE', *, *, #2280, .T. ) ;
#8623 = LINE ( 'NONE', #6494, #5493 ) ;
#8624 = DIRECTION ( 'NONE',  ( -1.000000000000000000, -0.0000000000000000000, -0.0000000000000000000 ) ) ;
#8625 = ORIENTED_EDGE ( 'NONE', *, *, #866, .F. ) ;
#8626 = CARTESIAN_POINT ( 'NONE',  ( 0.06500000000000005800, 0.09249999999999998500, -0.2399999999999999100 ) ) ;
#8627 = LINE ( 'NONE', #753, #3210 ) ;
#8628 = VERTEX_POINT ( 'NONE', #4022 ) ;
#8629 = DIRECTION ( 'NONE',  ( 0.0000000000000000000, 0.0000000000000000000, 1.000000000000000000 ) ) ;
#8630 = ADVANCED_FACE ( 'NONE', ( #8154 ), #3985, .F. ) ;
#8631 = AXIS2_PLACEMENT_3D ( 'NONE', #7235, #5533, #304 ) ;
#8632 = PLANE ( 'NONE',  #4858 ) ;
#8633 = EDGE_CURVE ( 'NONE', #9929, #5068, #6521, .T. ) ;
#8634 = VERTEX_POINT ( 'NONE', #10918 ) ;
#8635 = SURFACE_SIDE_STYLE ('',( #2569 ) ) ;
#8636 = VERTEX_POINT ( 'NONE', #5741 ) ;
#8637 = EDGE_LOOP ( 'NONE', ( #1856, #40, #2255, #4294 ) ) ;
#8638 = ORIENTED_EDGE ( 'NONE', *, *, #7869, .F. ) ;
#8639 = EDGE_LOOP ( 'NONE', ( #9013, #5989, #2532, #2857 ) ) ;
#8640 = VECTOR ( 'NONE', #1519, 39.37007874015748100 ) ;
#8641 = ORIENTED_EDGE ( 'NONE', *, *, #10890, .T. ) ;
#8642 = ORIENTED_EDGE ( 'NONE', *, *, #5743, .T. ) ;
#8643 = ORIENTED_EDGE ( 'NONE', *, *, #1928, .F. ) ;
#8644 = DIRECTION ( 'NONE',  ( -1.000000000000000000, -0.0000000000000000000, -0.0000000000000000000 ) ) ;
#8645 = CARTESIAN_POINT ( 'NONE',  ( 0.2350000000000000400, 0.09039861687269366800, -0.2536897542844667700 ) ) ;
#8646 = ORIENTED_EDGE ( 'NONE', *, *, #712, .F. ) ;
#8647 = CARTESIAN_POINT ( 'NONE',  ( 0.3450000000000000300, 0.1024999999999999800, -0.2400000000000000500 ) ) ;
#8648 = AXIS2_PLACEMENT_3D ( 'NONE', #9355, #9199, #10958 ) ;
#8649 = DIRECTION ( 'NONE',  ( 0.0000000000000000000, -6.829619984160661400E-015, -1.000000000000000000 ) ) ;
#8650 = CARTESIAN_POINT ( 'NONE',  ( -0.1349999999999999500, 0.09039861687269366800, -0.2536897542844667700 ) ) ;
#8651 = EDGE_CURVE ( 'NONE', #103, #1455, #11117, .T. ) ;
#8652 = ORIENTED_EDGE ( 'NONE', *, *, #9368, .T. ) ;
#8653 = CARTESIAN_POINT ( 'NONE',  ( 0.01500000000000004500, 0.009999999999999753900, 0.2819175359259424300 ) ) ;
#8654 = LINE ( 'NONE', #8077, #7959 ) ;
#8655 = ORIENTED_EDGE ( 'NONE', *, *, #3925, .T. ) ;
#8656 = FACE_OUTER_BOUND ( 'NONE', #9519, .T. ) ;
#8657 = VECTOR ( 'NONE', #2478, 39.37007874015748900 ) ;
#8658 = ORIENTED_EDGE ( 'NONE', *, *, #5632, .F. ) ;
#8659 = MANIFOLD_SOLID_BREP ( 'Pin 22', #4530 ) ;
#8660 = ORIENTED_EDGE ( 'NONE', *, *, #6856, .T. ) ;
#8661 = DIRECTION ( 'NONE',  ( -1.000000000000000000, -0.0000000000000000000, -0.0000000000000000000 ) ) ;
#8662 = CARTESIAN_POINT ( 'NONE',  ( 0.03500000000000003800, 0.09076351822333045300, 0.2557592126802870600 ) ) ;
#8663 = CARTESIAN_POINT ( 'NONE',  ( 0.2850000000000000900, 0.009999999999999993300, 0.3150000000000000000 ) ) ;
#8664 = CARTESIAN_POINT ( 'NONE',  ( -0.1849999999999999700, 0.1024999999999999800, -0.2399999999999999100 ) ) ;
#8665 = VECTOR ( 'NONE', #2392, 39.37007874015748100 ) ;
#8666 = DIRECTION ( 'NONE',  ( -0.0000000000000000000, 1.000000000000000000, 7.193223902257864100E-015 ) ) ;
#8667 = CARTESIAN_POINT ( 'NONE',  ( 0.03500000000000003800, 0.1024999999999999800, -0.2399999999999999100 ) ) ;
#8668 = CARTESIAN_POINT ( 'NONE',  ( -0.1649999999999999800, -3.201384367575308500E-018, -0.3150000000000000600 ) ) ;
#8669 = ORIENTED_EDGE ( 'NONE', *, *, #8687, .T. ) ;
#8670 = EDGE_CURVE ( 'NONE', #7636, #9957, #1694, .T. ) ;
#8671 = AXIS2_PLACEMENT_3D ( 'NONE', #2631, #1690, #6125 ) ;
#8672 = DIRECTION ( 'NONE',  ( 0.0000000000000000000, 0.0000000000000000000, -1.000000000000000000 ) ) ;
#8673 = VECTOR ( 'NONE', #971, 39.37007874015748100 ) ;
#8674 = DIRECTION ( 'NONE',  ( -0.0000000000000000000, 0.9848077530122082400, -0.1736481776669296100 ) ) ;
#8675 = ORIENTED_EDGE ( 'NONE', *, *, #4742, .T. ) ;
#8676 = DIRECTION ( 'NONE',  ( 0.0000000000000000000, -1.000000000000000000, -6.829619984160684300E-015 ) ) ;
#8677 = FACE_OUTER_BOUND ( 'NONE', #11084, .T. ) ;
#8678 = ADVANCED_FACE ( 'NONE', ( #3972 ), #9307, .T. ) ;
#8679 = FACE_OUTER_BOUND ( 'NONE', #3843, .T. ) ;
#8680 = VECTOR ( 'NONE', #7531, 39.37007874015748100 ) ;
#8681 = EDGE_CURVE ( 'NONE', #7649, #5636, #8432, .T. ) ;
#8682 = CARTESIAN_POINT ( 'NONE',  ( 0.2150000000000000500, 0.009999999999999993300, 0.3150000000000000000 ) ) ;
#8683 = CARTESIAN_POINT ( 'NONE',  ( 0.1850000000000000800, 0.09249999999999977700, 0.2656072902104091900 ) ) ;
#8684 = EDGE_LOOP ( 'NONE', ( #353, #6083, #8643, #6549 ) ) ;
#8685 = LINE ( 'NONE', #2954, #6373 ) ;
#8686 = CARTESIAN_POINT ( 'NONE',  ( 0.06500000000000005800, 0.09039861687269366800, -0.2536897542844667700 ) ) ;
#8687 = EDGE_CURVE ( 'NONE', #6657, #9533, #10046, .T. ) ;
#8688 = DIRECTION ( 'NONE',  ( 0.0000000000000000000, 5.999729353452748200E-015, -1.000000000000000000 ) ) ;
#8689 = VECTOR ( 'NONE', #1995, 39.37007874015748100 ) ;
#8690 = ADVANCED_FACE ( 'NONE', ( #4108 ), #9429, .F. ) ;
#8691 = CARTESIAN_POINT ( 'NONE',  ( -0.1349999999999999500, 0.1024999999999999800, 0.2399999999999999100 ) ) ;
#8692 = CARTESIAN_POINT ( 'NONE',  ( -0.2150000000000000000, 0.09039861687269366800, 0.2536897542844667700 ) ) ;
#8693 = EDGE_LOOP ( 'NONE', ( #960, #9165, #9148, #9639 ) ) ;
#8694 = VERTEX_POINT ( 'NONE', #9385 ) ;
#8695 = CARTESIAN_POINT ( 'NONE',  ( 0.1650000000000000900, 0.09039861687269366800, 0.2536897542844667700 ) ) ;
#8696 = VECTOR ( 'NONE', #10902, 39.37007874015748100 ) ;
#8697 = DIRECTION ( 'NONE',  ( -1.000000000000000000, -0.0000000000000000000, -0.0000000000000000000 ) ) ;
#8698 = CARTESIAN_POINT ( 'NONE',  ( -0.1149999999999999600, 0.09076351822333045300, -0.2557592126802871200 ) ) ;
#8699 = EDGE_CURVE ( 'NONE', #6948, #1022, #3440, .T. ) ;
#8700 = CARTESIAN_POINT ( 'NONE',  ( 0.03500000000000003800, 0.09249999999999998500, -0.2399999999999999100 ) ) ;
#8701 = DIRECTION ( 'NONE',  ( -0.0000000000000000000, -7.193223902257864100E-015, -1.000000000000000000 ) ) ;
#8702 = CARTESIAN_POINT ( 'NONE',  ( -0.2349999999999999900, 0.09249999999999998500, -0.2399999999999999100 ) ) ;
#8703 = VERTEX_POINT ( 'NONE', #3429 ) ;
#8704 = VERTEX_POINT ( 'NONE', #10293 ) ;
#8705 = ORIENTED_EDGE ( 'NONE', *, *, #9426, .F. ) ;
#8706 = LINE ( 'NONE', #9344, #10179 ) ;
#8707 = LINE ( 'NONE', #686, #7201 ) ;
#8708 = VECTOR ( 'NONE', #3599, 39.37007874015748100 ) ;
#8709 = CARTESIAN_POINT ( 'NONE',  ( -0.03499999999999993400, 0.1024999999999999800, 0.2399999999999999100 ) ) ;
#8710 = AXIS2_PLACEMENT_3D ( 'NONE', #4910, #5693, #8426 ) ;
#8711 = ORIENTED_EDGE ( 'NONE', *, *, #152, .F. ) ;
#8712 = FACE_OUTER_BOUND ( 'NONE', #3608, .T. ) ;
#8713 = ORIENTED_EDGE ( 'NONE', *, *, #8907, .T. ) ;
#8714 = FACE_OUTER_BOUND ( 'NONE', #6632, .T. ) ;
#8715 = EDGE_CURVE ( 'NONE', #6244, #5470, #8706, .T. ) ;
#8716 = CIRCLE ( 'NONE', #6924, 0.02750000000000001400 ) ;
#8717 = VECTOR ( 'NONE', #9698, 39.37007874015748100 ) ;
#8718 = PLANE ( 'NONE',  #4515 ) ;
#8719 = DIRECTION ( 'NONE',  ( -1.000000000000000000, -0.0000000000000000000, -0.0000000000000000000 ) ) ;
#8720 = DIRECTION ( 'NONE',  ( 0.0000000000000000000, 0.0000000000000000000, -1.000000000000000000 ) ) ;
#8721 = DIRECTION ( 'NONE',  ( -1.000000000000000000, 0.0000000000000000000, 2.845674993400274400E-016 ) ) ;
#8722 = VERTEX_POINT ( 'NONE', #1662 ) ;
#8723 = FACE_OUTER_BOUND ( 'NONE', #2498, .T. ) ;
#8724 = CARTESIAN_POINT ( 'NONE',  ( -0.2857222057372608100, 0.1749999999999998500, 0.1807222057372607800 ) ) ;
#8725 = ORIENTED_EDGE ( 'NONE', *, *, #610, .T. ) ;
#8726 = CIRCLE ( 'NONE', #3426, 0.02750000000000001400 ) ;
#8727 = VECTOR ( 'NONE', #2860, 39.37007874015748900 ) ;
#8728 = DIMENSIONAL_EXPONENTS ( 1.000000000000000000, 0.0000000000000000000, 0.0000000000000000000, 0.0000000000000000000, 0.0000000000000000000, 0.0000000000000000000, 0.0000000000000000000 ) ;
#8729 = AXIS2_PLACEMENT_3D ( 'NONE', #5572, #5311, #3927 ) ;
#8730 = DIRECTION ( 'NONE',  ( 1.000000000000000000, 0.0000000000000000000, 0.0000000000000000000 ) ) ;
#8731 = EDGE_CURVE ( 'NONE', #6328, #9019, #9514, .T. ) ;
#8732 = AXIS2_PLACEMENT_3D ( 'NONE', #2136, #7455, #8294 ) ;
#8733 = DIRECTION ( 'NONE',  ( -1.000000000000000000, -0.0000000000000000000, 0.0000000000000000000 ) ) ;
#8734 = ORIENTED_EDGE ( 'NONE', *, *, #8779, .F. ) ;
#8735 = EDGE_LOOP ( 'NONE', ( #5166, #9118, #8603, #7543 ) ) ;
#8736 = CYLINDRICAL_SURFACE ( 'NONE', #1540, 0.02750000000000001400 ) ;
#8737 = EDGE_LOOP ( 'NONE', ( #6984, #6998, #6057, #4214 ) ) ;
#8738 = CIRCLE ( 'NONE', #2219, 0.01210138312730635500 ) ;
#8739 = ADVANCED_FACE ( 'NONE', ( #1296 ), #5109, .F. ) ;
#8740 = ORIENTED_EDGE ( 'NONE', *, *, #8371, .T. ) ;
#8741 = ORIENTED_EDGE ( 'NONE', *, *, #3830, .F. ) ;
#8742 = CIRCLE ( 'NONE', #63, 0.002101383127306358700 ) ;
#8743 = VERTEX_POINT ( 'NONE', #7679 ) ;
#8744 = EDGE_CURVE ( 'NONE', #7003, #8775, #10456, .T. ) ;
#8745 = AXIS2_PLACEMENT_3D ( 'NONE', #9813, #7239, #2101 ) ;
#8746 = VERTEX_POINT ( 'NONE', #5817 ) ;
#8747 = VERTEX_POINT ( 'NONE', #2452 ) ;
#8748 = ADVANCED_FACE ( 'NONE', ( #2634 ), #8829, .F. ) ;
#8749 = DIRECTION ( 'NONE',  ( 1.000000000000000000, 0.0000000000000000000, -0.0000000000000000000 ) ) ;
#8750 = CARTESIAN_POINT ( 'NONE',  ( 0.2850000000000000900, -2.603792618961250900E-016, 0.2819175359259424900 ) ) ;
#8751 = CARTESIAN_POINT ( 'NONE',  ( 0.1350000000000000600, 0.09039861687269366800, -0.2536897542844667700 ) ) ;
#8752 = VECTOR ( 'NONE', #9373, 39.37007874015748100 ) ;
#8753 = PLANE ( 'NONE',  #5178 ) ;
#8754 = CARTESIAN_POINT ( 'NONE',  ( -0.1849999999999999700, 0.01210138312730608600, -0.2819175359259424300 ) ) ;
#8755 = EDGE_CURVE ( 'NONE', #441, #5368, #6133, .T. ) ;
#8756 = ORIENTED_EDGE ( 'NONE', *, *, #5615, .F. ) ;
#8757 = AXIS2_PLACEMENT_3D ( 'NONE', #9419, #1621, #4991 ) ;
#8758 = ORIENTED_EDGE ( 'NONE', *, *, #3065, .T. ) ;
#8759 = ORIENTED_EDGE ( 'NONE', *, *, #5778, .F. ) ;
#8760 = EDGE_CURVE ( 'NONE', #6531, #821, #6511, .T. ) ;
#8761 = PLANE ( 'NONE',  #11140 ) ;
#8762 = DIRECTION ( 'NONE',  ( -0.0000000000000000000, -1.000000000000000000, -0.0000000000000000000 ) ) ;
#8763 = COLOUR_RGB ( '',0.7921568627450980000, 0.8196078431372548800, 0.9333333333333333500 ) ;
#8764 = PLANE ( 'NONE',  #9668 ) ;
#8765 = CARTESIAN_POINT ( 'NONE',  ( 0.2350000000000000400, 0.01210138312730608600, -0.2819175359259424300 ) ) ;
#8766 = CARTESIAN_POINT ( 'NONE',  ( 0.08500000000000004800, -2.411709556906732200E-016, -0.2819175359259424900 ) ) ;
#8767 = VERTEX_POINT ( 'NONE', #10221 ) ;
#8768 = DIRECTION ( 'NONE',  ( -1.000000000000000000, -0.0000000000000000000, -0.0000000000000000000 ) ) ;
#8769 = DIRECTION ( 'NONE',  ( -1.000000000000000000, -0.0000000000000000000, 0.0000000000000000000 ) ) ;
#8770 = CARTESIAN_POINT ( 'NONE',  ( -0.03499999999999993400, 0.09076351822333045300, -0.2557592126802871200 ) ) ;
#8771 = EDGE_LOOP ( 'NONE', ( #1943, #1732, #5046, #9099 ) ) ;
#8772 = ORIENTED_EDGE ( 'NONE', *, *, #3877, .F. ) ;
#8773 = AXIS2_PLACEMENT_3D ( 'NONE', #9291, #754, #7550 ) ;
#8774 = FACE_OUTER_BOUND ( 'NONE', #2148, .T. ) ;
#8775 = VERTEX_POINT ( 'NONE', #10257 ) ;
#8776 = STYLED_ITEM ( 'NONE', ( #4243 ), #8659 ) ;
#8777 = CARTESIAN_POINT ( 'NONE',  ( -0.1849999999999999700, 0.01173648177666930000, -0.2798480775301220900 ) ) ;
#8778 = LINE ( 'NONE', #676, #7280 ) ;
#8779 = EDGE_CURVE ( 'NONE', #1981, #5412, #1958, .T. ) ;
#8780 = ORIENTED_EDGE ( 'NONE', *, *, #6383, .F. ) ;
#8781 = CARTESIAN_POINT ( 'NONE',  ( -0.2849999999999999800, 0.09039861687269366800, 0.2536897542844667700 ) ) ;
#8782 = LINE ( 'NONE', #4771, #1253 ) ;
#8783 = ORIENTED_EDGE ( 'NONE', *, *, #299, .T. ) ;
#8784 = ORIENTED_EDGE ( 'NONE', *, *, #299, .F. ) ;
#8785 = VERTEX_POINT ( 'NONE', #3351 ) ;
#8786 = VECTOR ( 'NONE', #9848, 39.37007874015748100 ) ;
#8787 = DIRECTION ( 'NONE',  ( 1.000000000000000000, 0.0000000000000000000, 0.0000000000000000000 ) ) ;
#8788 = VECTOR ( 'NONE', #2840, 39.37007874015748100 ) ;
#8789 = CARTESIAN_POINT ( 'NONE',  ( 0.1650000000000000900, 0.09039861687269366800, 0.2536897542844667700 ) ) ;
#8790 = DIRECTION ( 'NONE',  ( -0.0000000000000000000, 0.9848077530122080200, 0.1736481776669304100 ) ) ;
#8791 = UNCERTAINTY_MEASURE_WITH_UNIT (LENGTH_MEASURE( 1.000000000000000100E-005 ), #9329, 'distance_accuracy_value', 'NONE');
#8792 = DIRECTION ( 'NONE',  ( -1.000000000000000000, -0.0000000000000000000, 0.0000000000000000000 ) ) ;
#8793 = EDGE_CURVE ( 'NONE', #9565, #6822, #10830, .T. ) ;
#8794 = ADVANCED_FACE ( 'NONE', ( #7465 ), #2602, .F. ) ;
#8795 = DIRECTION ( 'NONE',  ( 0.0000000000000000000, -1.000000000000000000, 0.0000000000000000000 ) ) ;
#8796 = AXIS2_PLACEMENT_3D ( 'NONE', #2600, #2715, #3465 ) ;
#8797 = LINE ( 'NONE', #1110, #10281 ) ;
#8798 = ORIENTED_EDGE ( 'NONE', *, *, #1797, .T. ) ;
#8799 = VECTOR ( 'NONE', #1483, 39.37007874015748100 ) ;
#8800 = LINE ( 'NONE', #8142, #10802 ) ;
#8801 = CARTESIAN_POINT ( 'NONE',  ( 0.03500000000000003800, 0.01210138312730608600, 0.2819175359259424300 ) ) ;
#8802 = CARTESIAN_POINT ( 'NONE',  ( -0.3449999999999997500, 0.1024999999999999800, 0.2399999999999999100 ) ) ;
#8803 = CARTESIAN_POINT ( 'NONE',  ( 0.03500000000000003800, 0.009999999999999956800, -0.3150000000000000000 ) ) ;
#8804 = CARTESIAN_POINT ( 'NONE',  ( 0.2650000000000000700, 0.1024999999999999800, -0.2399999999999999100 ) ) ;
#8805 = ORIENTED_EDGE ( 'NONE', *, *, #9909, .T. ) ;
#8806 = DIRECTION ( 'NONE',  ( -1.000000000000000000, -0.0000000000000000000, -0.0000000000000000000 ) ) ;
#8807 = EDGE_CURVE ( 'NONE', #951, #9650, #3286, .T. ) ;
#8808 = DIRECTION ( 'NONE',  ( 0.0000000000000000000, -1.000000000000000000, -5.999729353452748200E-015 ) ) ;
#8809 = CARTESIAN_POINT ( 'NONE',  ( -0.2150000000000000000, 0.09249999999999998500, -0.2399999999999999100 ) ) ;
#8810 = VERTEX_POINT ( 'NONE', #10373 ) ;
#8811 = VECTOR ( 'NONE', #8221, 39.37007874015748100 ) ;
#8812 = EDGE_CURVE ( 'NONE', #2986, #7882, #4637, .T. ) ;
#8813 = STYLED_ITEM ( 'NONE', ( #1167 ), #3942 ) ;
#8814 = CIRCLE ( 'NONE', #459, 0.01210138312730635500 ) ;
#8815 = VERTEX_POINT ( 'NONE', #5221 ) ;
#8816 = ORIENTED_EDGE ( 'NONE', *, *, #1064, .F. ) ;
#8817 = VECTOR ( 'NONE', #3447, 39.37007874015748100 ) ;
#8818 = CIRCLE ( 'NONE', #3819, 0.01210138312730635500 ) ;
#8819 = EDGE_CURVE ( 'NONE', #3731, #10485, #7324, .T. ) ;
#8820 =( GEOMETRIC_REPRESENTATION_CONTEXT ( 3 ) GLOBAL_UNCERTAINTY_ASSIGNED_CONTEXT ( ( #995 ) ) GLOBAL_UNIT_ASSIGNED_CONTEXT ( ( #6740, #4999, #1592 ) ) REPRESENTATION_CONTEXT ( 'NONE', 'WORKASPACE' ) );
#8821 = DIRECTION ( 'NONE',  ( 0.0000000000000000000, 0.0000000000000000000, -1.000000000000000000 ) ) ;
#8822 = FILL_AREA_STYLE_COLOUR ( '', #2067 ) ;
#8823 = VERTEX_POINT ( 'NONE', #2639 ) ;
#8824 = CARTESIAN_POINT ( 'NONE',  ( -0.2349999999999999900, 0.009999999999999993300, 0.3150000000000000000 ) ) ;
#8825 = EDGE_CURVE ( 'NONE', #5147, #4019, #7876, .T. ) ;
#8826 = VERTEX_POINT ( 'NONE', #10333 ) ;
#8827 = PLANE ( 'NONE',  #6586 ) ;
#8828 = CARTESIAN_POINT ( 'NONE',  ( 0.1850000000000000800, 0.009999999999999753900, 0.2819175359259424300 ) ) ;
#8829 = CYLINDRICAL_SURFACE ( 'NONE', #7752, 0.002101383127306358700 ) ;
#8830 = DIRECTION ( 'NONE',  ( -1.000000000000000000, -0.0000000000000000000, 0.0000000000000000000 ) ) ;
#8831 = SURFACE_STYLE_FILL_AREA ( #4061 ) ;
#8832 = DIRECTION ( 'NONE',  ( 0.0000000000000000000, -0.9848077530122082400, -0.1736481776669296100 ) ) ;
#8833 = ORIENTED_EDGE ( 'NONE', *, *, #5743, .F. ) ;
#8834 = CARTESIAN_POINT ( 'NONE',  ( 0.3450000000000000300, 0.09249999999999998500, -0.2400000000000000500 ) ) ;
#8835 = DIRECTION ( 'NONE',  ( -0.0000000000000000000, -1.000000000000000000, -0.0000000000000000000 ) ) ;
#8836 = SURFACE_SIDE_STYLE ('',( #1142 ) ) ;
#8837 = VERTEX_POINT ( 'NONE', #4366 ) ;
#8838 = VECTOR ( 'NONE', #2087, 39.37007874015748100 ) ;
#8839 = CARTESIAN_POINT ( 'NONE',  ( 0.08500000000000004800, 0.1024999999999999900, 0.2536897542844667700 ) ) ;
#8840 = CIRCLE ( 'NONE', #6538, 0.01210138312730635500 ) ;
#8841 = AXIS2_PLACEMENT_3D ( 'NONE', #1408, #10844, #5675 ) ;
#8842 = FACE_OUTER_BOUND ( 'NONE', #9036, .T. ) ;
#8843 = EDGE_CURVE ( 'NONE', #830, #1001, #2757, .T. ) ;
#8844 = DIRECTION ( 'NONE',  ( 1.000000000000000000, 0.0000000000000000000, -5.938799986226660200E-016 ) ) ;
#8845 = ORIENTED_EDGE ( 'NONE', *, *, #10717, .F. ) ;
#8846 = ADVANCED_FACE ( 'NONE', ( #6658 ), #110, .F. ) ;
#8847 = FACE_OUTER_BOUND ( 'NONE', #5829, .T. ) ;
#8848 = ORIENTED_EDGE ( 'NONE', *, *, #5479, .F. ) ;
#8849 = LINE ( 'NONE', #9734, #905 ) ;
#8850 = CARTESIAN_POINT ( 'NONE',  ( 0.03500000000000003800, -3.201384367575308500E-018, 0.3150000000000000600 ) ) ;
#8851 = LINE ( 'NONE', #8850, #10479 ) ;
#8852 = DIRECTION ( 'NONE',  ( -0.0000000000000000000, -0.0000000000000000000, 1.000000000000000000 ) ) ;
#8853 = ORIENTED_EDGE ( 'NONE', *, *, #1746, .F. ) ;
#8854 = ORIENTED_EDGE ( 'NONE', *, *, #9705, .T. ) ;
#8855 = EDGE_CURVE ( 'NONE', #5297, #6275, #360, .T. ) ;
#8856 = VECTOR ( 'NONE', #2413, 39.37007874015748100 ) ;
#8857 = VERTEX_POINT ( 'NONE', #991 ) ;
#8858 = LINE ( 'NONE', #4703, #10617 ) ;
#8859 = ADVANCED_FACE ( 'NONE', ( #106 ), #6055, .F. ) ;
#8860 = DIRECTION ( 'NONE',  ( 0.0000000000000000000, -0.0000000000000000000, -1.000000000000000000 ) ) ;
#8861 = DIRECTION ( 'NONE',  ( 0.0000000000000000000, 0.0000000000000000000, 1.000000000000000000 ) ) ;
#8862 = DIRECTION ( 'NONE',  ( 0.0000000000000000000, 0.0000000000000000000, 1.000000000000000000 ) ) ;
#8863 = DIRECTION ( 'NONE',  ( -1.000000000000000000, -0.0000000000000000000, -0.0000000000000000000 ) ) ;
#8864 = DIRECTION ( 'NONE',  ( 0.0000000000000000000, -0.1736481776669304400, 0.9848077530122080200 ) ) ;
#8865 = CARTESIAN_POINT ( 'NONE',  ( -0.01499999999999994200, 0.09249999999999998500, 0.2399999999999999100 ) ) ;
#8866 = ORIENTED_EDGE ( 'NONE', *, *, #2540, .F. ) ;
#8867 = ORIENTED_EDGE ( 'NONE', *, *, #6426, .T. ) ;
#8868 = VERTEX_POINT ( 'NONE', #918 ) ;
#8869 = VECTOR ( 'NONE', #1269, 39.37007874015748100 ) ;
#8870 = CARTESIAN_POINT ( 'NONE',  ( -0.2349999999999999900, 0.01173648177666930000, -0.2798480775301220900 ) ) ;
#8871 = EDGE_CURVE ( 'NONE', #2163, #7137, #7064, .T. ) ;
#8872 = AXIS2_PLACEMENT_3D ( 'NONE', #5123, #2502, #7762 ) ;
#8873 = DIRECTION ( 'NONE',  ( 0.0000000000000000000, 7.225480511685028100E-015, 1.000000000000000000 ) ) ;
#8874 = DIRECTION ( 'NONE',  ( 0.0000000000000000000, -1.000000000000000000, 0.0000000000000000000 ) ) ;
#8875 = CARTESIAN_POINT ( 'NONE',  ( 0.1350000000000000600, -2.411709556906732200E-016, 0.2819175359259424900 ) ) ;
#8876 = EDGE_LOOP ( 'NONE', ( #9820, #6910, #7372, #1573, #7812, #10857, #56, #1723, #7769, #9947, #3284, #1410 ) ) ;
#8877 = VERTEX_POINT ( 'NONE', #1809 ) ;
#8878 = FACE_OUTER_BOUND ( 'NONE', #10191, .T. ) ;
#8879 = DIRECTION ( 'NONE',  ( 1.000000000000000000, 0.0000000000000000000, 0.0000000000000000000 ) ) ;
#8880 = DIRECTION ( 'NONE',  ( -1.000000000000000000, -0.0000000000000000000, -0.0000000000000000000 ) ) ;
#8881 = CYLINDRICAL_SURFACE ( 'NONE', #7256, 0.002101383127306358700 ) ;
#8882 = DIRECTION ( 'NONE',  ( 0.0000000000000000000, 1.000000000000000000, -6.829619984160661400E-015 ) ) ;
#8883 = DIRECTION ( 'NONE',  ( 0.0000000000000000000, 0.0000000000000000000, 1.000000000000000000 ) ) ;
#8884 =( NAMED_UNIT ( * ) SI_UNIT ( $, .STERADIAN. ) SOLID_ANGLE_UNIT ( ) );
#8885 = ORIENTED_EDGE ( 'NONE', *, *, #8731, .T. ) ;
#8886 = ORIENTED_EDGE ( 'NONE', *, *, #4100, .F. ) ;
#8887 = EDGE_CURVE ( 'NONE', #8094, #4326, #8420, .T. ) ;
#8888 = LINE ( 'NONE', #3345, #532 ) ;
#8889 = AXIS2_PLACEMENT_3D ( 'NONE', #7805, #1709, #9513 ) ;
#8890 = EDGE_CURVE ( 'NONE', #2147, #3658, #2493, .T. ) ;
#8891 = LINE ( 'NONE', #7387, #7934 ) ;
#8892 = DIRECTION ( 'NONE',  ( -0.0000000000000000000, 0.9848077530122080200, 0.1736481776669304100 ) ) ;
#8893 = PRODUCT_DEFINITION_SHAPE ( 'NONE', 'NONE',  #6039 ) ;
#8894 = VERTEX_POINT ( 'NONE', #6095 ) ;
#8895 = CLOSED_SHELL ( 'NONE', ( #2922, #3653, #2124, #5958, #7747, #1959, #8260, #337, #4599, #6613, #5489, #8739, #10804, #7037 ) ) ;
#8896 = EDGE_LOOP ( 'NONE', ( #4583, #8074, #7675, #6117, #10443, #10917, #7110, #7629, #7937, #9048, #6845, #3825 ) ) ;
#8897 = CARTESIAN_POINT ( 'NONE',  ( 0.01500000000000004500, 0.1024999999999999800, -0.2536897542844667700 ) ) ;
#8898 = DIRECTION ( 'NONE',  ( 0.0000000000000000000, -0.1736481776669296100, -0.9848077530122082400 ) ) ;
#8899 = DIRECTION ( 'NONE',  ( 0.0000000000000000000, 0.0000000000000000000, -1.000000000000000000 ) ) ;
#8900 = CARTESIAN_POINT ( 'NONE',  ( -0.2150000000000000000, 0.09249999999999999900, -0.2536897542844667700 ) ) ;
#8901 = FACE_OUTER_BOUND ( 'NONE', #6953, .T. ) ;
#8902 = ADVANCED_FACE ( 'NONE', ( #7199 ), #5567, .T. ) ;
#8903 = ORIENTED_EDGE ( 'NONE', *, *, #8633, .T. ) ;
#8904 = VECTOR ( 'NONE', #7381, 39.37007874015748100 ) ;
#8905 = AXIS2_PLACEMENT_3D ( 'NONE', #1251, #2065, #4752 ) ;
#8906 = ORIENTED_EDGE ( 'NONE', *, *, #9752, .T. ) ;
#8907 = EDGE_CURVE ( 'NONE', #3299, #4725, #9906, .T. ) ;
#8908 = EDGE_LOOP ( 'NONE', ( #4826, #1011, #798, #10922 ) ) ;
#8909 = VERTEX_POINT ( 'NONE', #1852 ) ;
#8910 = CARTESIAN_POINT ( 'NONE',  ( 0.03500000000000003800, 0.09076351822333045300, 0.2557592126802871200 ) ) ;
#8911 = ORIENTED_EDGE ( 'NONE', *, *, #3159, .F. ) ;
#8912 = CARTESIAN_POINT ( 'NONE',  ( -0.2650000000000000100, 0.09249999999999998500, -0.2399999999999999100 ) ) ;
#8913 = PLANE ( 'NONE',  #10999 ) ;
#8914 = ORIENTED_EDGE ( 'NONE', *, *, #9909, .F. ) ;
#8915 = DIRECTION ( 'NONE',  ( 0.0000000000000000000, 0.0000000000000000000, 1.000000000000000000 ) ) ;
#8916 = PLANE ( 'NONE',  #4698 ) ;
#8917 = SURFACE_STYLE_FILL_AREA ( #3195 ) ;
#8918 = LINE ( 'NONE', #497, #569 ) ;
#8919 = VERTEX_POINT ( 'NONE', #1883 ) ;
#8920 = AXIS2_PLACEMENT_3D ( 'NONE', #1508, #3264, #9304 ) ;
#8921 = ORIENTED_EDGE ( 'NONE', *, *, #1661, .T. ) ;
#8922 = EDGE_CURVE ( 'NONE', #7952, #10350, #616, .T. ) ;
#8923 = DIRECTION ( 'NONE',  ( 0.0000000000000000000, 0.0000000000000000000, 1.000000000000000000 ) ) ;
#8924 = CARTESIAN_POINT ( 'NONE',  ( 0.2650000000000000700, 0.09039861687269366800, -0.2536897542844667700 ) ) ;
#8925 = LINE ( 'NONE', #4946, #7024 ) ;
#8926 = VECTOR ( 'NONE', #8295, 39.37007874015748100 ) ;
#8927 = VECTOR ( 'NONE', #224, 39.37007874015748100 ) ;
#8928 =( NAMED_UNIT ( * ) PLANE_ANGLE_UNIT ( ) SI_UNIT ( $, .RADIAN. ) );
#8929 = DIRECTION ( 'NONE',  ( -1.000000000000000000, -0.0000000000000000000, -0.0000000000000000000 ) ) ;
#8930 = ORIENTED_EDGE ( 'NONE', *, *, #6942, .F. ) ;
#8931 = LINE ( 'NONE', #2539, #6363 ) ;
#8932 = CARTESIAN_POINT ( 'NONE',  ( -0.2150000000000000000, -2.411709556906732200E-016, -0.2819175359259424900 ) ) ;
#8933 = EDGE_CURVE ( 'NONE', #5945, #4950, #482, .T. ) ;
#8934 = AXIS2_PLACEMENT_3D ( 'NONE', #3932, #5618, #4795 ) ;
#8935 = CARTESIAN_POINT ( 'NONE',  ( 0.1850000000000000800, 0.09249999999999998500, 0.2536897542844667700 ) ) ;
#8936 = CYLINDRICAL_SURFACE ( 'NONE', #7796, 0.002101383127306358700 ) ;
#8937 = EDGE_CURVE ( 'NONE', #5931, #6822, #8962, .T. ) ;
#8938 = DIRECTION ( 'NONE',  ( 1.000000000000000000, 0.0000000000000000000, 0.0000000000000000000 ) ) ;
#8939 = AXIS2_PLACEMENT_3D ( 'NONE', #8686, #929, #5082 ) ;
#8940 = DIRECTION ( 'NONE',  ( 0.0000000000000000000, 0.0000000000000000000, 1.000000000000000000 ) ) ;
#8941 = LINE ( 'NONE', #8606, #1801 ) ;
#8942 = VERTEX_POINT ( 'NONE', #6320 ) ;
#8943 = CARTESIAN_POINT ( 'NONE',  ( 0.1350000000000000600, -2.603792618961250900E-016, 0.2819175359259424900 ) ) ;
#8944 = LINE ( 'NONE', #8945, #596 ) ;
#8945 = CARTESIAN_POINT ( 'NONE',  ( -0.1149999999999999600, 0.09249999999999998500, -0.2399999999999999100 ) ) ;
#8946 = FACE_OUTER_BOUND ( 'NONE', #3435, .T. ) ;
#8947 = CARTESIAN_POINT ( 'NONE',  ( -0.1649999999999999800, 0.1024999999999999800, 0.2399999999999999100 ) ) ;
#8948 = CARTESIAN_POINT ( 'NONE',  ( -0.01499999999999994200, 0.09249999999999998500, 0.2536897542844667700 ) ) ;
#8949 = CARTESIAN_POINT ( 'NONE',  ( -0.03499999999999993400, 0.09249999999999974900, -0.2656072902104091300 ) ) ;
#8950 = ORIENTED_EDGE ( 'NONE', *, *, #3099, .F. ) ;
#8951 = EDGE_CURVE ( 'NONE', #2483, #10979, #10972, .T. ) ;
#8952 = PRESENTATION_LAYER_ASSIGNMENT (  '', '', ( #5405 ) ) ;
#8953 = VERTEX_POINT ( 'NONE', #2784 ) ;
#8954 = LINE ( 'NONE', #3933, #5830 ) ;
#8955 = ADVANCED_FACE ( 'NONE', ( #5300 ), #3622, .F. ) ;
#8956 = LINE ( 'NONE', #7881, #9220 ) ;
#8957 = SURFACE_SIDE_STYLE ('',( #6474 ) ) ;
#8958 = VERTEX_POINT ( 'NONE', #10589 ) ;
#8959 = ORIENTED_EDGE ( 'NONE', *, *, #6555, .T. ) ;
#8960 = CARTESIAN_POINT ( 'NONE',  ( 0.1150000000000000700, 0.009999999999999753900, 0.2819175359259424300 ) ) ;
#8961 = EDGE_LOOP ( 'NONE', ( #9850, #2653, #9688, #1317 ) ) ;
#8962 = LINE ( 'NONE', #8045, #4095 ) ;
#8963 = VECTOR ( 'NONE', #4280, 39.37007874015748100 ) ;
#8964 = EDGE_CURVE ( 'NONE', #155, #6570, #2353, .T. ) ;
#8965 = SURFACE_STYLE_USAGE ( .BOTH. , #2009 ) ;
#8966 =( LENGTH_UNIT ( ) NAMED_UNIT ( * ) SI_UNIT ( $, .METRE. ) );
#8967 = EDGE_CURVE ( 'NONE', #3573, #10897, #9366, .T. ) ;
#8968 = CARTESIAN_POINT ( 'NONE',  ( 0.1650000000000000900, 0.1024999999999999800, 0.2399999999999999100 ) ) ;
#8969 = CARTESIAN_POINT ( 'NONE',  ( 0.06500000000000005800, 0.01210138312730608600, 0.2819175359259424300 ) ) ;
#8970 = VERTEX_POINT ( 'NONE', #4548 ) ;
#8971 = CIRCLE ( 'NONE', #206, 0.01210138312730635500 ) ;
#8972 = DIRECTION ( 'NONE',  ( 0.0000000000000000000, 0.0000000000000000000, 1.000000000000000000 ) ) ;
#8973 = ORIENTED_EDGE ( 'NONE', *, *, #7503, .T. ) ;
#8974 = SURFACE_STYLE_FILL_AREA ( #3875 ) ;
#8975 = VECTOR ( 'NONE', #8529, 39.37007874015748100 ) ;
#8976 = CARTESIAN_POINT ( 'NONE',  ( -0.2650000000000000100, 0.09039861687269366800, -0.2536897542844667700 ) ) ;
#8977 = CYLINDRICAL_SURFACE ( 'NONE', #1513, 0.002101383127306358700 ) ;
#8978 =( CONVERSION_BASED_UNIT ( 'INCH', #1525 ) LENGTH_UNIT ( ) NAMED_UNIT ( #5423 ) );
#8979 = ORIENTED_EDGE ( 'NONE', *, *, #7149, .F. ) ;
#8980 = CARTESIAN_POINT ( 'NONE',  ( -0.1849999999999999700, 0.09249999999999998500, 0.2399999999999999100 ) ) ;
#8981 = VECTOR ( 'NONE', #8247, 39.37007874015748100 ) ;
#8982 = ORIENTED_EDGE ( 'NONE', *, *, #1310, .F. ) ;
#8983 = PLANE ( 'NONE',  #9097 ) ;
#8984 = FACE_OUTER_BOUND ( 'NONE', #1663, .T. ) ;
#8985 = EDGE_CURVE ( 'NONE', #3281, #10879, #7603, .T. ) ;
#8986 = LINE ( 'NONE', #9189, #7095 ) ;
#8987 = DIRECTION ( 'NONE',  ( -1.000000000000000000, -0.0000000000000000000, -0.0000000000000000000 ) ) ;
#8988 = MANIFOLD_SOLID_BREP ( 'Pin 24', #8544 ) ;
#8989 = EDGE_LOOP ( 'NONE', ( #7390, #9761, #9588, #6105 ) ) ;
#8990 = ORIENTED_EDGE ( 'NONE', *, *, #6478, .T. ) ;
#8991 = FACE_OUTER_BOUND ( 'NONE', #123, .T. ) ;
#8992 =( CONVERSION_BASED_UNIT ( 'INCH', #4852 ) LENGTH_UNIT ( ) NAMED_UNIT ( #431 ) );
#8993 = CARTESIAN_POINT ( 'NONE',  ( -0.3449999999999998600, 0.1024999999999999800, -0.2399999999999996300 ) ) ;
#8994 = EDGE_LOOP ( 'NONE', ( #7681, #5073, #4836, #8655 ) ) ;
#8995 = VECTOR ( 'NONE', #6940, 39.37007874015748100 ) ;
#8996 = AXIS2_PLACEMENT_3D ( 'NONE', #1528, #3251, #4981 ) ;
#8997 = PLANE ( 'NONE',  #6288 ) ;
#8998 = EDGE_CURVE ( 'NONE', #8144, #6328, #10960, .T. ) ;
#8999 = AXIS2_PLACEMENT_3D ( 'NONE', #7534, #9358, #618 ) ;
#9000 = VERTEX_POINT ( 'NONE', #5360 ) ;
#9001 = ORIENTED_EDGE ( 'NONE', *, *, #6080, .T. ) ;
#9002 = LINE ( 'NONE', #1565, #3327 ) ;
#9003 = ORIENTED_EDGE ( 'NONE', *, *, #7660, .F. ) ;
#9004 = CARTESIAN_POINT ( 'NONE',  ( -0.2150000000000000000, 0.01210138312730608600, 0.2819175359259424300 ) ) ;
#9005 = VECTOR ( 'NONE', #8333, 39.37007874015748100 ) ;
#9006 = CARTESIAN_POINT ( 'NONE',  ( 0.01500000000000004500, 0.09039861687269366800, 0.2536897542844667700 ) ) ;
#9007 = DIRECTION ( 'NONE',  ( -0.0000000000000000000, 0.9848077530122082400, -0.1736481776669296100 ) ) ;
#9008 = ADVANCED_FACE ( 'NONE', ( #1816 ), #10556, .F. ) ;
#9009 = DIRECTION ( 'NONE',  ( 0.0000000000000000000, 1.000000000000000000, -6.829619984160661400E-015 ) ) ;
#9010 = VERTEX_POINT ( 'NONE', #3686 ) ;
#9011 = EDGE_LOOP ( 'NONE', ( #6617, #3378, #8485, #1979, #1258, #6417, #5865, #5031, #2177, #9704, #5695, #7170 ) ) ;
#9012 = EDGE_CURVE ( 'NONE', #2104, #3901, #3827, .T. ) ;
#9013 = ORIENTED_EDGE ( 'NONE', *, *, #1498, .T. ) ;
#9014 = CARTESIAN_POINT ( 'NONE',  ( -0.1649999999999999800, -2.603792618961250900E-016, 0.2819175359259424900 ) ) ;
#9015 = EDGE_CURVE ( 'NONE', #6301, #673, #4898, .T. ) ;
#9016 = CIRCLE ( 'NONE', #424, 0.01210138312730635500 ) ;
#9017 = DIRECTION ( 'NONE',  ( 0.0000000000000000000, 0.0000000000000000000, 1.000000000000000000 ) ) ;
#9018 =( GEOMETRIC_REPRESENTATION_CONTEXT ( 3 ) GLOBAL_UNCERTAINTY_ASSIGNED_CONTEXT ( ( #2984 ) ) GLOBAL_UNIT_ASSIGNED_CONTEXT ( ( #5785, #6660, #733 ) ) REPRESENTATION_CONTEXT ( 'NONE', 'WORKASPACE' ) );
#9019 = VERTEX_POINT ( 'NONE', #10660 ) ;
#9020 = CARTESIAN_POINT ( 'NONE',  ( -0.03499999999999993400, 0.01173648177666930000, -0.2798480775301220900 ) ) ;
#9021 = CARTESIAN_POINT ( 'NONE',  ( -0.1149999999999999600, 0.09039861687269366800, 0.2536897542844667700 ) ) ;
#9022 = CARTESIAN_POINT ( 'NONE',  ( -0.1349999999999999500, 0.01000000000000000000, 0.2699999999999999600 ) ) ;
#9023 = VERTEX_POINT ( 'NONE', #1962 ) ;
#9024 = ADVANCED_FACE ( 'NONE', ( #6933 ), #8157, .F. ) ;
#9025 = DIRECTION ( 'NONE',  ( 1.000000000000000000, 0.0000000000000000000, -0.0000000000000000000 ) ) ;
#9026 = SURFACE_SIDE_STYLE ('',( #1733 ) ) ;
#9027 = ORIENTED_EDGE ( 'NONE', *, *, #3613, .F. ) ;
#9028 = EDGE_LOOP ( 'NONE', ( #10956, #6195, #875, #6343 ) ) ;
#9029 = ORIENTED_EDGE ( 'NONE', *, *, #1512, .F. ) ;
#9030 = FACE_OUTER_BOUND ( 'NONE', #755, .T. ) ;
#9031 = CARTESIAN_POINT ( 'NONE',  ( 0.1850000000000000800, 0.009999999999999753900, -0.2819175359259424300 ) ) ;
#9032 = EDGE_CURVE ( 'NONE', #9378, #9315, #4627, .T. ) ;
#9033 = ORIENTED_EDGE ( 'NONE', *, *, #10481, .T. ) ;
#9034 = AXIS2_PLACEMENT_3D ( 'NONE', #5570, #2240, #1414 ) ;
#9035 = VERTEX_POINT ( 'NONE', #495 ) ;
#9036 = EDGE_LOOP ( 'NONE', ( #9054, #191, #2246, #8959 ) ) ;
#9037 = EDGE_CURVE ( 'NONE', #5233, #5289, #9771, .T. ) ;
#9038 = CARTESIAN_POINT ( 'NONE',  ( 0.1150000000000000700, 0.01173648177666930900, 0.2798480775301220900 ) ) ;
#9039 = CARTESIAN_POINT ( 'NONE',  ( -0.2650000000000000100, 0.01210138312730608600, -0.2819175359259424300 ) ) ;
#9040 = ORIENTED_EDGE ( 'NONE', *, *, #764, .F. ) ;
#9041 = CARTESIAN_POINT ( 'NONE',  ( 0.08500000000000004800, 0.09249999999999998500, 0.2399999999999999100 ) ) ;
#9042 = DIRECTION ( 'NONE',  ( 0.0000000000000000000, 7.193223902257864100E-015, 1.000000000000000000 ) ) ;
#9043 = LINE ( 'NONE', #9150, #6467 ) ;
#9044 = PLANE ( 'NONE',  #2947 ) ;
#9045 = ORIENTED_EDGE ( 'NONE', *, *, #9384, .T. ) ;
#9046 = DIRECTION ( 'NONE',  ( -1.000000000000000000, -0.0000000000000000000, -0.0000000000000000000 ) ) ;
#9047 = CARTESIAN_POINT ( 'NONE',  ( -0.08499999999999995100, -3.201384367575308500E-018, 0.3150000000000000600 ) ) ;
#9048 = ORIENTED_EDGE ( 'NONE', *, *, #6162, .T. ) ;
#9049 = DIRECTION ( 'NONE',  ( 1.000000000000000000, 0.0000000000000000000, 0.0000000000000000000 ) ) ;
#9050 = DIRECTION ( 'NONE',  ( -1.000000000000000000, -0.0000000000000000000, -0.0000000000000000000 ) ) ;
#9051 = AXIS2_PLACEMENT_3D ( 'NONE', #3319, #11035, #5034 ) ;
#9052 = VECTOR ( 'NONE', #3178, 39.37007874015748100 ) ;
#9053 = EDGE_CURVE ( 'NONE', #8398, #10517, #10704, .T. ) ;
#9054 = ORIENTED_EDGE ( 'NONE', *, *, #7017, .T. ) ;
#9055 = FACE_OUTER_BOUND ( 'NONE', #9487, .T. ) ;
#9056 = DIRECTION ( 'NONE',  ( 0.0000000000000000000, 0.0000000000000000000, 1.000000000000000000 ) ) ;
#9057 = DIRECTION ( 'NONE',  ( 1.000000000000000000, 0.0000000000000000000, 0.0000000000000000000 ) ) ;
#9058 = CARTESIAN_POINT ( 'NONE',  ( -0.1349999999999999500, 0.009999999999999759100, -0.2819175359259424300 ) ) ;
#9059 = CIRCLE ( 'NONE', #1844, 0.01210138312730635500 ) ;
#9060 = CARTESIAN_POINT ( 'NONE',  ( -0.1649999999999999800, 0.09039861687269366800, 0.2536897542844667700 ) ) ;
#9061 = CARTESIAN_POINT ( 'NONE',  ( 0.2350000000000000400, 0.009999999999999753900, 0.2819175359259424300 ) ) ;
#9062 =( NAMED_UNIT ( * ) PLANE_ANGLE_UNIT ( ) SI_UNIT ( $, .RADIAN. ) );
#9063 = VERTEX_POINT ( 'NONE', #392 ) ;
#9064 = CIRCLE ( 'NONE', #9205, 0.01210138312730635500 ) ;
#9065 = LINE ( 'NONE', #1603, #4867 ) ;
#9066 = ADVANCED_FACE ( 'NONE', ( #5290 ), #4758, .F. ) ;
#9067 = MECHANICAL_DESIGN_GEOMETRIC_PRESENTATION_REPRESENTATION (  '', ( #9861 ), #221 ) ;
#9068 = EDGE_CURVE ( 'NONE', #8585, #2679, #739, .T. ) ;
#9069 = DIRECTION ( 'NONE',  ( -1.000000000000000000, -0.0000000000000000000, -0.0000000000000000000 ) ) ;
#9070 = LINE ( 'NONE', #3363, #8395 ) ;
#9071 = EDGE_LOOP ( 'NONE', ( #1150, #947, #10134, #5003 ) ) ;
#9072 = FACE_OUTER_BOUND ( 'NONE', #4444, .T. ) ;
#9073 = CARTESIAN_POINT ( 'NONE',  ( -0.1149999999999999600, 0.009999999999999753900, 0.2819175359259424300 ) ) ;
#9074 = FACE_OUTER_BOUND ( 'NONE', #7330, .T. ) ;
#9075 = ADVANCED_FACE ( 'NONE', ( #6119 ), #2248, .T. ) ;
#9076 = DIRECTION ( 'NONE',  ( -1.000000000000000000, -0.0000000000000000000, -0.0000000000000000000 ) ) ;
#9077 = ORIENTED_EDGE ( 'NONE', *, *, #4763, .F. ) ;
#9078 = STYLED_ITEM ( 'NONE', ( #5118 ), #10653 ) ;
#9079 = DIRECTION ( 'NONE',  ( -1.000000000000000000, -0.0000000000000000000, -0.0000000000000000000 ) ) ;
#9080 = ORIENTED_EDGE ( 'NONE', *, *, #7775, .T. ) ;
#9081 = PLANE ( 'NONE',  #6144 ) ;
#9082 = CIRCLE ( 'NONE', #3858, 0.002101383127306324400 ) ;
#9083 = EDGE_CURVE ( 'NONE', #4454, #7323, #3701, .T. ) ;
#9084 = PLANE ( 'NONE',  #9702 ) ;
#9085 = LINE ( 'NONE', #835, #1145 ) ;
#9086 = DIRECTION ( 'NONE',  ( 0.0000000000000000000, -1.000000000000000000, 6.829619984160659800E-015 ) ) ;
#9087 = ORIENTED_EDGE ( 'NONE', *, *, #1742, .T. ) ;
#9088 = CARTESIAN_POINT ( 'NONE',  ( -0.1849999999999999700, 0.09039861687269366800, 0.2536897542844667700 ) ) ;
#9089 = ORIENTED_EDGE ( 'NONE', *, *, #6038, .F. ) ;
#9090 = ORIENTED_EDGE ( 'NONE', *, *, #3626, .T. ) ;
#9091 = DIRECTION ( 'NONE',  ( -1.000000000000000000, -0.0000000000000000000, -0.0000000000000000000 ) ) ;
#9092 = CARTESIAN_POINT ( 'NONE',  ( 0.08500000000000004800, -2.603792618961250900E-016, 0.2819175359259424900 ) ) ;
#9093 = VECTOR ( 'NONE', #1940, 39.37007874015748100 ) ;
#9094 = CARTESIAN_POINT ( 'NONE',  ( 0.01500000000000004500, 0.01173648177666930900, 0.2798480775301220900 ) ) ;
#9095 =( LENGTH_UNIT ( ) NAMED_UNIT ( * ) SI_UNIT ( $, .METRE. ) );
#9096 = EDGE_CURVE ( 'NONE', #2876, #10979, #5558, .T. ) ;
#9097 = AXIS2_PLACEMENT_3D ( 'NONE', #8875, #4536, #2063 ) ;
#9098 = ORIENTED_EDGE ( 'NONE', *, *, #10300, .F. ) ;
#9099 = ORIENTED_EDGE ( 'NONE', *, *, #6344, .T. ) ;
#9100 = CIRCLE ( 'NONE', #7029, 0.002101383127306358700 ) ;
#9101 = CARTESIAN_POINT ( 'NONE',  ( 0.08500000000000004800, 0.009999999999999993300, 0.3150000000000000000 ) ) ;
#9102 = LINE ( 'NONE', #8564, #4511 ) ;
#9103 = CARTESIAN_POINT ( 'NONE',  ( 0.1850000000000000800, 0.1024999999999999900, 0.2536897542844667700 ) ) ;
#9104 = LINE ( 'NONE', #1580, #8158 ) ;
#9105 =( LENGTH_UNIT ( ) NAMED_UNIT ( * ) SI_UNIT ( $, .METRE. ) );
#9106 = ORIENTED_EDGE ( 'NONE', *, *, #5161, .F. ) ;
#9107 = VECTOR ( 'NONE', #57, 39.37007874015748100 ) ;
#9108 = ORIENTED_EDGE ( 'NONE', *, *, #5902, .T. ) ;
#9109 = EDGE_CURVE ( 'NONE', #6387, #5153, #2627, .T. ) ;
#9110 = VECTOR ( 'NONE', #1390, 39.37007874015748100 ) ;
#9111 = DIRECTION ( 'NONE',  ( 0.0000000000000000000, -0.9848077530122082400, 0.1736481776669296100 ) ) ;
#9112 = DIRECTION ( 'NONE',  ( 0.0000000000000000000, 0.0000000000000000000, 1.000000000000000000 ) ) ;
#9113 = EDGE_CURVE ( 'NONE', #3988, #10098, #3276, .T. ) ;
#9114 = DIRECTION ( 'NONE',  ( -1.000000000000000000, -0.0000000000000000000, 0.0000000000000000000 ) ) ;
#9115 = DIRECTION ( 'NONE',  ( -1.000000000000000000, -0.0000000000000000000, -0.0000000000000000000 ) ) ;
#9116 = ADVANCED_FACE ( 'NONE', ( #1012 ), #3829, .F. ) ;
#9117 = PLANE ( 'NONE',  #8099 ) ;
#9118 = ORIENTED_EDGE ( 'NONE', *, *, #2218, .F. ) ;
#9119 = ORIENTED_EDGE ( 'NONE', *, *, #4140, .T. ) ;
#9120 = FACE_OUTER_BOUND ( 'NONE', #2847, .T. ) ;
#9121 = ORIENTED_EDGE ( 'NONE', *, *, #5452, .F. ) ;
#9122 = VECTOR ( 'NONE', #9988, 39.37007874015748100 ) ;
#9123 = DIRECTION ( 'NONE',  ( 0.0000000000000000000, -0.1736481776669304400, 0.9848077530122080200 ) ) ;
#9124 = UNCERTAINTY_MEASURE_WITH_UNIT (LENGTH_MEASURE( 1.000000000000000100E-005 ), #7929, 'distance_accuracy_value', 'NONE');
#9125 = MECHANICAL_DESIGN_GEOMETRIC_PRESENTATION_REPRESENTATION (  '', ( #5641 ), #280 ) ;
#9126 = DIRECTION ( 'NONE',  ( 0.0000000000000000000, 0.0000000000000000000, 1.000000000000000000 ) ) ;
#9127 = AXIS2_PLACEMENT_3D ( 'NONE', #7562, #4248, #6854 ) ;
#9128 = CARTESIAN_POINT ( 'NONE',  ( -0.2849999999999999800, 0.009999999999999753900, -0.2819175359259424300 ) ) ;
#9129 = ORIENTED_EDGE ( 'NONE', *, *, #4507, .T. ) ;
#9130 = ORIENTED_EDGE ( 'NONE', *, *, #2914, .T. ) ;
#9131 = EDGE_CURVE ( 'NONE', #7314, #3916, #354, .T. ) ;
#9132 = ADVANCED_FACE ( 'NONE', ( #93 ), #1290, .F. ) ;
#9134 = VECTOR ( 'NONE', #3129, 39.37007874015748900 ) ;
#9133 =( NAMED_UNIT ( * ) PLANE_ANGLE_UNIT ( ) SI_UNIT ( $, .RADIAN. ) );
#9135 = DIRECTION ( 'NONE',  ( -1.000000000000000000, -0.0000000000000000000, -0.0000000000000000000 ) ) ;
#9136 = EDGE_LOOP ( 'NONE', ( #10327, #6045, #8363, #6025 ) ) ;
#9137 = VECTOR ( 'NONE', #7214, 39.37007874015748100 ) ;
#9138 = EDGE_LOOP ( 'NONE', ( #4128, #7742, #2267, #7121 ) ) ;
#9139 = VERTEX_POINT ( 'NONE', #9031 ) ;
#9140 = DIRECTION ( 'NONE',  ( -0.0000000000000000000, -5.999729353452747400E-015, 1.000000000000000000 ) ) ;
#9141 = CARTESIAN_POINT ( 'NONE',  ( -0.3449999999999998600, 0.009999999999999995000, -0.2371190365169304200 ) ) ;
#9142 = VECTOR ( 'NONE', #3567, 39.37007874015748100 ) ;
#9143 = CARTESIAN_POINT ( 'NONE',  ( -0.2650000000000000100, 0.1024999999999999800, -0.2536897542844667700 ) ) ;
#9144 = EDGE_CURVE ( 'NONE', #6172, #9313, #5167, .T. ) ;
#9145 = EDGE_CURVE ( 'NONE', #3605, #5934, #8954, .T. ) ;
#9146 = DIRECTION ( 'NONE',  ( 0.0000000000000000000, -0.0000000000000000000, -1.000000000000000000 ) ) ;
#9147 = VERTEX_POINT ( 'NONE', #4650 ) ;
#9148 = ORIENTED_EDGE ( 'NONE', *, *, #1146, .F. ) ;
#9149 = CARTESIAN_POINT ( 'NONE',  ( 0.1350000000000000600, 0.09249999999999999900, -0.2536897542844667700 ) ) ;
#9150 = CARTESIAN_POINT ( 'NONE',  ( -0.2849999999999999800, 0.09249999999999977700, 0.2656072902104091900 ) ) ;
#9151 = FACE_OUTER_BOUND ( 'NONE', #8610, .T. ) ;
#9152 = CARTESIAN_POINT ( 'NONE',  ( 0.2650000000000000700, 0.1024999999999999800, 0.2399999999999999100 ) ) ;
#9153 = ORIENTED_EDGE ( 'NONE', *, *, #4979, .T. ) ;
#9154 = DIMENSIONAL_EXPONENTS ( 1.000000000000000000, 0.0000000000000000000, 0.0000000000000000000, 0.0000000000000000000, 0.0000000000000000000, 0.0000000000000000000, 0.0000000000000000000 ) ;
#9155 = EDGE_CURVE ( 'NONE', #6889, #3443, #3963, .T. ) ;
#9156 = VERTEX_POINT ( 'NONE', #2281 ) ;
#9157 = DIRECTION ( 'NONE',  ( -1.000000000000000000, -0.0000000000000000000, -0.0000000000000000000 ) ) ;
#9158 = ORIENTED_EDGE ( 'NONE', *, *, #1522, .T. ) ;
#9159 = EDGE_CURVE ( 'NONE', #10188, #8694, #5979, .T. ) ;
#9160 = ORIENTED_EDGE ( 'NONE', *, *, #4552, .F. ) ;
#9161 = DIRECTION ( 'NONE',  ( 0.0000000000000000000, 0.0000000000000000000, 1.000000000000000000 ) ) ;
#9162 = CARTESIAN_POINT ( 'NONE',  ( -0.1149999999999999600, 0.09076351822333045300, 0.2557592126802870600 ) ) ;
#9163 = DIRECTION ( 'NONE',  ( -0.0000000000000000000, 1.000000000000000000, -0.0000000000000000000 ) ) ;
#9164 = LINE ( 'NONE', #5846, #688 ) ;
#9165 = ORIENTED_EDGE ( 'NONE', *, *, #5971, .F. ) ;
#9166 = CARTESIAN_POINT ( 'NONE',  ( 0.2150000000000000500, -3.201384367575308500E-018, 0.3150000000000000600 ) ) ;
#9167 = CARTESIAN_POINT ( 'NONE',  ( -0.1649999999999999800, 0.009999999999999753900, 0.2819175359259424300 ) ) ;
#9168 = DIRECTION ( 'NONE',  ( -1.000000000000000000, -0.0000000000000000000, -0.0000000000000000000 ) ) ;
#9169 = VECTOR ( 'NONE', #10319, 39.37007874015748100 ) ;
#9170 = DIRECTION ( 'NONE',  ( -1.000000000000000000, -0.0000000000000000000, -0.0000000000000000000 ) ) ;
#9171 = ORIENTED_EDGE ( 'NONE', *, *, #7304, .T. ) ;
#9172 = ORIENTED_EDGE ( 'NONE', *, *, #5712, .T. ) ;
#9173 = VERTEX_POINT ( 'NONE', #4080 ) ;
#9174 = ADVANCED_FACE ( 'NONE', ( #9631 ), #4907, .F. ) ;
#9175 =( LENGTH_UNIT ( ) NAMED_UNIT ( * ) SI_UNIT ( $, .METRE. ) );
#9176 = PLANE ( 'NONE',  #9277 ) ;
#9177 = LINE ( 'NONE', #7212, #1249 ) ;
#9178 = EDGE_CURVE ( 'NONE', #5510, #802, #10444, .T. ) ;
#9179 = CARTESIAN_POINT ( 'NONE',  ( 0.03500000000000003800, 0.009999999999999993300, 0.3150000000000000000 ) ) ;
#9180 = AXIS2_PLACEMENT_3D ( 'NONE', #5940, #111, #2640 ) ;
#9181 = VECTOR ( 'NONE', #2690, 39.37007874015748100 ) ;
#9182 = EDGE_CURVE ( 'NONE', #2043, #6737, #4086, .T. ) ;
#9183 = LINE ( 'NONE', #10253, #1503 ) ;
#9184 = CARTESIAN_POINT ( 'NONE',  ( 0.1350000000000000600, 0.09039861687269366800, 0.2536897542844667700 ) ) ;
#9185 = VERTEX_POINT ( 'NONE', #2316 ) ;
#9186 = ADVANCED_FACE ( 'NONE', ( #5699 ), #9176, .F. ) ;
#9187 = DIRECTION ( 'NONE',  ( 0.0000000000000000000, 0.0000000000000000000, 1.000000000000000000 ) ) ;
#9188 = CIRCLE ( 'NONE', #4377, 0.01210138312730635500 ) ;
#9189 = CARTESIAN_POINT ( 'NONE',  ( 0.1150000000000000700, -2.411709556906732200E-016, 0.2819175359259424900 ) ) ;
#9190 = CARTESIAN_POINT ( 'NONE',  ( -0.06499999999999996100, 0.01210138312730608600, 0.2819175359259424300 ) ) ;
#9191 = DIRECTION ( 'NONE',  ( -1.000000000000000000, -0.0000000000000000000, -0.0000000000000000000 ) ) ;
#9192 = CYLINDRICAL_SURFACE ( 'NONE', #6078, 0.01210138312730635500 ) ;
#9193 = AXIS2_PLACEMENT_3D ( 'NONE', #5948, #4099, #9394 ) ;
#9194 = LINE ( 'NONE', #9830, #6908 ) ;
#9195 = EDGE_CURVE ( 'NONE', #5470, #303, #885, .T. ) ;
#9196 = ORIENTED_EDGE ( 'NONE', *, *, #531, .F. ) ;
#9197 = CARTESIAN_POINT ( 'NONE',  ( -0.03499999999999993400, 0.009999999999999753900, -0.2819175359259424300 ) ) ;
#9198 = CIRCLE ( 'NONE', #1495, 0.01210138312730635500 ) ;
#9199 = DIRECTION ( 'NONE',  ( 0.0000000000000000000, -1.000000000000000000, 7.225480511685028100E-015 ) ) ;
#9200 = DIRECTION ( 'NONE',  ( 0.0000000000000000000, 7.225480511685028100E-015, 1.000000000000000000 ) ) ;
#9201 = DIRECTION ( 'NONE',  ( -0.0000000000000000000, 0.9848077530122080200, 0.1736481776669304100 ) ) ;
#9202 = VERTEX_POINT ( 'NONE', #5802 ) ;
#9203 = ORIENTED_EDGE ( 'NONE', *, *, #7017, .F. ) ;
#9204 = FACE_OUTER_BOUND ( 'NONE', #4349, .T. ) ;
#9205 = AXIS2_PLACEMENT_3D ( 'NONE', #10344, #3401, #3434 ) ;
#9206 = LINE ( 'NONE', #142, #7437 ) ;
#9207 = DIRECTION ( 'NONE',  ( -1.000000000000000000, -0.0000000000000000000, -0.0000000000000000000 ) ) ;
#9208 = DIRECTION ( 'NONE',  ( -1.000000000000000000, -0.0000000000000000000, -0.0000000000000000000 ) ) ;
#9209 = EDGE_CURVE ( 'NONE', #9565, #951, #2889, .T. ) ;
#9210 = AXIS2_PLACEMENT_3D ( 'NONE', #7377, #2171, #9126 ) ;
#9211 = CARTESIAN_POINT ( 'NONE',  ( 0.1350000000000000600, 0.1024999999999999800, 0.2399999999999999100 ) ) ;
#9212 = CARTESIAN_POINT ( 'NONE',  ( -0.1849999999999999700, 0.09076351822333045300, 0.2557592126802870600 ) ) ;
#9213 = PLANE ( 'NONE',  #7027 ) ;
#9214 = ORIENTED_EDGE ( 'NONE', *, *, #3626, .F. ) ;
#9215 = ORIENTED_EDGE ( 'NONE', *, *, #1879, .T. ) ;
#9216 = DIRECTION ( 'NONE',  ( -1.000000000000000000, -0.0000000000000000000, 5.938799986226660200E-016 ) ) ;
#9217 = DIRECTION ( 'NONE',  ( 0.0000000000000000000, -7.225480511685028100E-015, -1.000000000000000000 ) ) ;
#9218 = ORIENTED_EDGE ( 'NONE', *, *, #9723, .F. ) ;
#9219 = VECTOR ( 'NONE', #216, 39.37007874015748100 ) ;
#9220 = VECTOR ( 'NONE', #1083, 39.37007874015748100 ) ;
#9221 = DIRECTION ( 'NONE',  ( -1.000000000000000000, -0.0000000000000000000, 0.0000000000000000000 ) ) ;
#9222 = FILL_AREA_STYLE_COLOUR ( '', #9918 ) ;
#9223 =( LENGTH_UNIT ( ) NAMED_UNIT ( * ) SI_UNIT ( $, .METRE. ) );
#9224 = ORIENTED_EDGE ( 'NONE', *, *, #1013, .F. ) ;
#9225 = EDGE_CURVE ( 'NONE', #4453, #8747, #1684, .T. ) ;
#9226 = VERTEX_POINT ( 'NONE', #6680 ) ;
#9227 = ADVANCED_FACE ( 'NONE', ( #8410 ), #5691, .F. ) ;
#9228 = DIRECTION ( 'NONE',  ( -1.000000000000000000, -0.0000000000000000000, -0.0000000000000000000 ) ) ;
#9229 = AXIS2_PLACEMENT_3D ( 'NONE', #5583, #7321, #2254 ) ;
#9230 = ORIENTED_EDGE ( 'NONE', *, *, #2345, .T. ) ;
#9231 = VECTOR ( 'NONE', #1774, 39.37007874015748100 ) ;
#9232 = VECTOR ( 'NONE', #7043, 39.37007874015748100 ) ;
#9233 = LINE ( 'NONE', #3684, #10331 ) ;
#9234 = DIRECTION ( 'NONE',  ( 0.0000000000000000000, 0.0000000000000000000, 1.000000000000000000 ) ) ;
#9235 = VERTEX_POINT ( 'NONE', #4949 ) ;
#9236 = DIRECTION ( 'NONE',  ( 1.000000000000000000, 0.0000000000000000000, 0.0000000000000000000 ) ) ;
#9237 = VECTOR ( 'NONE', #9486, 39.37007874015748100 ) ;
#9238 = ORIENTED_EDGE ( 'NONE', *, *, #5677, .F. ) ;
#9239 = DIRECTION ( 'NONE',  ( -1.000000000000000000, -0.0000000000000000000, -0.0000000000000000000 ) ) ;
#9240 = DIRECTION ( 'NONE',  ( -1.000000000000000000, -0.0000000000000000000, -0.0000000000000000000 ) ) ;
#9241 = VECTOR ( 'NONE', #6826, 39.37007874015748100 ) ;
#9242 = CIRCLE ( 'NONE', #6774, 0.002101383127306324400 ) ;
#9243 = ADVANCED_FACE ( 'NONE', ( #1412 ), #1572, .F. ) ;
#9244 = VECTOR ( 'NONE', #6315, 39.37007874015748100 ) ;
#9245 = EDGE_CURVE ( 'NONE', #3299, #884, #3562, .T. ) ;
#9246 = AXIS2_PLACEMENT_3D ( 'NONE', #4380, #10530, #1117 ) ;
#9247 = EDGE_CURVE ( 'NONE', #8107, #7099, #8002, .T. ) ;
#9248 = VERTEX_POINT ( 'NONE', #677 ) ;
#9249 = VERTEX_POINT ( 'NONE', #4116 ) ;
#9250 = CARTESIAN_POINT ( 'NONE',  ( 0.1150000000000000700, 0.01173648177666930000, -0.2798480775301220900 ) ) ;
#9251 = FACE_OUTER_BOUND ( 'NONE', #2513, .T. ) ;
#9252 = DIRECTION ( 'NONE',  ( -1.000000000000000000, -0.0000000000000000000, 0.0000000000000000000 ) ) ;
#9253 = DIRECTION ( 'NONE',  ( 0.0000000000000000000, -1.000000000000000000, -5.999729353452748200E-015 ) ) ;
#9254 = ORIENTED_EDGE ( 'NONE', *, *, #10531, .T. ) ;
#9255 = FACE_OUTER_BOUND ( 'NONE', #7953, .T. ) ;
#9256 = DIRECTION ( 'NONE',  ( -1.000000000000000000, -0.0000000000000000000, -0.0000000000000000000 ) ) ;
#9257 = LINE ( 'NONE', #10057, #10355 ) ;
#9258 =( CONVERSION_BASED_UNIT ( 'INCH', #10644 ) LENGTH_UNIT ( ) NAMED_UNIT ( #9628 ) );
#9259 = EDGE_LOOP ( 'NONE', ( #3152, #8784, #5737, #8026 ) ) ;
#9260 = ORIENTED_EDGE ( 'NONE', *, *, #4684, .F. ) ;
#9261 = CIRCLE ( 'NONE', #986, 0.01210138312730635500 ) ;
#9262 = VERTEX_POINT ( 'NONE', #6561 ) ;
#9263 = DIRECTION ( 'NONE',  ( -1.000000000000000000, -0.0000000000000000000, -0.0000000000000000000 ) ) ;
#9264 = ORIENTED_EDGE ( 'NONE', *, *, #8037, .F. ) ;
#9265 = CARTESIAN_POINT ( 'NONE',  ( -0.2150000000000000000, 0.09039861687269366800, -0.2536897542844667700 ) ) ;
#9266 = EDGE_CURVE ( 'NONE', #1095, #1741, #3145, .T. ) ;
#9267 = CYLINDRICAL_SURFACE ( 'NONE', #2588, 0.002101383127306358700 ) ;
#9268 = DIRECTION ( 'NONE',  ( 1.000000000000000000, 0.0000000000000000000, 0.0000000000000000000 ) ) ;
#9269 = DIRECTION ( 'NONE',  ( 1.000000000000000000, 0.0000000000000000000, -0.0000000000000000000 ) ) ;
#9270 = ORIENTED_EDGE ( 'NONE', *, *, #6359, .T. ) ;
#9271 = ORIENTED_EDGE ( 'NONE', *, *, #11020, .T. ) ;
#9272 = LINE ( 'NONE', #1954, #15 ) ;
#9273 = ORIENTED_EDGE ( 'NONE', *, *, #3848, .T. ) ;
#9274 = DIRECTION ( 'NONE',  ( 0.0000000000000000000, 0.0000000000000000000, -1.000000000000000000 ) ) ;
#9275 = AXIS2_PLACEMENT_3D ( 'NONE', #10944, #567, #3256 ) ;
#9276 = CARTESIAN_POINT ( 'NONE',  ( -0.03499999999999993400, 0.09249999999999998500, -0.2399999999999999100 ) ) ;
#9277 = AXIS2_PLACEMENT_3D ( 'NONE', #3100, #4008, #2440 ) ;
#9278 = DIRECTION ( 'NONE',  ( 0.0000000000000000000, 0.03489949670250104600, 0.9993908270190957600 ) ) ;
#9279 = EDGE_CURVE ( 'NONE', #7019, #10583, #11098, .T. ) ;
#9280 =( LENGTH_UNIT ( ) NAMED_UNIT ( * ) SI_UNIT ( $, .METRE. ) );
#9281 = ORIENTED_EDGE ( 'NONE', *, *, #5301, .F. ) ;
#9282 = ORIENTED_EDGE ( 'NONE', *, *, #10317, .F. ) ;
#9283 = ORIENTED_EDGE ( 'NONE', *, *, #9426, .T. ) ;
#9284 = LINE ( 'NONE', #10289, #6997 ) ;
#9285 = LINE ( 'NONE', #10776, #10513 ) ;
#9286 = ADVANCED_FACE ( 'NONE', ( #1673 ), #3334, .F. ) ;
#9287 =( NAMED_UNIT ( * ) SI_UNIT ( $, .STERADIAN. ) SOLID_ANGLE_UNIT ( ) );
#9288 = DIRECTION ( 'NONE',  ( 1.000000000000000000, 0.0000000000000000000, -0.0000000000000000000 ) ) ;
#9289 = CARTESIAN_POINT ( 'NONE',  ( -0.01499999999999994200, 0.09039861687269366800, 0.2536897542844667700 ) ) ;
#9290 = ORIENTED_EDGE ( 'NONE', *, *, #7127, .F. ) ;
#9291 = CARTESIAN_POINT ( 'NONE',  ( 0.1350000000000000600, 0.009999999999999956800, -0.3150000000000000000 ) ) ;
#9292 = CARTESIAN_POINT ( 'NONE',  ( 0.2650000000000000700, 0.1024999999999999900, 0.2536897542844667700 ) ) ;
#9293 = ORIENTED_EDGE ( 'NONE', *, *, #9591, .F. ) ;
#9294 = ORIENTED_EDGE ( 'NONE', *, *, #9443, .F. ) ;
#9295 = PRESENTATION_STYLE_ASSIGNMENT (( #3999 ) ) ;
#9296 = EDGE_CURVE ( 'NONE', #6499, #629, #2331, .T. ) ;
#9297 =( GEOMETRIC_REPRESENTATION_CONTEXT ( 3 ) GLOBAL_UNCERTAINTY_ASSIGNED_CONTEXT ( ( #4438 ) ) GLOBAL_UNIT_ASSIGNED_CONTEXT ( ( #2210, #6524, #4906 ) ) REPRESENTATION_CONTEXT ( 'NONE', 'WORKASPACE' ) );
#9298 = CARTESIAN_POINT ( 'NONE',  ( -0.1149999999999999600, 0.1024999999999999800, 0.2399999999999999100 ) ) ;
#9299 = EDGE_CURVE ( 'NONE', #1224, #1148, #6106, .T. ) ;
#9300 = VECTOR ( 'NONE', #5138, 39.37007874015748100 ) ;
#9301 = VERTEX_POINT ( 'NONE', #6839 ) ;
#9302 = VECTOR ( 'NONE', #8835, 39.37007874015748100 ) ;
#9303 = ADVANCED_FACE ( 'NONE', ( #10305 ), #6915, .T. ) ;
#9304 = DIRECTION ( 'NONE',  ( 0.0000000000000000000, 0.0000000000000000000, 1.000000000000000000 ) ) ;
#9305 = CARTESIAN_POINT ( 'NONE',  ( -0.2150000000000000000, 0.09076351822333045300, -0.2557592126802871200 ) ) ;
#9306 = ORIENTED_EDGE ( 'NONE', *, *, #1332, .T. ) ;
#9307 = PLANE ( 'NONE',  #619 ) ;
#9308 = DIRECTION ( 'NONE',  ( 0.0000000000000000000, 0.9848077530122082400, 0.1736481776669296100 ) ) ;
#9309 = ORIENTED_EDGE ( 'NONE', *, *, #2794, .F. ) ;
#9310 = ORIENTED_EDGE ( 'NONE', *, *, #9670, .F. ) ;
#9311 = DIRECTION ( 'NONE',  ( 0.0000000000000000000, 1.000000000000000000, -6.829619984160661400E-015 ) ) ;
#9312 = LINE ( 'NONE', #9346, #5116 ) ;
#9313 = VERTEX_POINT ( 'NONE', #826 ) ;
#9314 = VECTOR ( 'NONE', #825, 39.37007874015748900 ) ;
#9315 = VERTEX_POINT ( 'NONE', #7625 ) ;
#9316 = CARTESIAN_POINT ( 'NONE',  ( -0.1649999999999999800, 0.1024999999999999800, 0.2399999999999999100 ) ) ;
#9317 = EDGE_CURVE ( 'NONE', #9173, #3371, #5688, .T. ) ;
#9318 = ORIENTED_EDGE ( 'NONE', *, *, #2760, .T. ) ;
#9319 = AXIS2_PLACEMENT_3D ( 'NONE', #9638, #6126, #2773 ) ;
#9320 = CARTESIAN_POINT ( 'NONE',  ( -0.1849999999999999700, 0.009999999999999759100, -0.2819175359259424300 ) ) ;
#9321 = DIRECTION ( 'NONE',  ( 0.0000000000000000000, -1.000000000000000000, -6.829619984160684300E-015 ) ) ;
#9322 = ORIENTED_EDGE ( 'NONE', *, *, #7982, .F. ) ;
#9323 = DIRECTION ( 'NONE',  ( -0.0000000000000000000, 1.000000000000000000, 7.193223902257864100E-015 ) ) ;
#9324 = DIRECTION ( 'NONE',  ( 0.0000000000000000000, -0.0000000000000000000, 1.000000000000000000 ) ) ;
#9325 = DIRECTION ( 'NONE',  ( 0.0000000000000000000, 0.0000000000000000000, -1.000000000000000000 ) ) ;
#9326 = CARTESIAN_POINT ( 'NONE',  ( 0.08500000000000004800, 0.09076351822333045300, -0.2557592126802871200 ) ) ;
#9327 = FACE_OUTER_BOUND ( 'NONE', #10370, .T. ) ;
#9328 = FACE_OUTER_BOUND ( 'NONE', #352, .T. ) ;
#9329 =( CONVERSION_BASED_UNIT ( 'INCH', #3245 ) LENGTH_UNIT ( ) NAMED_UNIT ( #1330 ) );
#9330 = DIRECTION ( 'NONE',  ( -1.000000000000000000, -0.0000000000000000000, -0.0000000000000000000 ) ) ;
#9331 = CARTESIAN_POINT ( 'NONE',  ( 0.03500000000000003800, 0.09249999999999974900, -0.2656072902104091300 ) ) ;
#9332 = CARTESIAN_POINT ( 'NONE',  ( -0.01499999999999994200, -2.411709556906732200E-016, -0.2819175359259424900 ) ) ;
#9333 = LINE ( 'NONE', #262, #3406 ) ;
#9334 = EDGE_CURVE ( 'NONE', #3050, #4220, #5155, .T. ) ;
#9335 = DIRECTION ( 'NONE',  ( 0.0000000000000000000, 0.0000000000000000000, 1.000000000000000000 ) ) ;
#9336 = ORIENTED_EDGE ( 'NONE', *, *, #2838, .T. ) ;
#9337 = FACE_OUTER_BOUND ( 'NONE', #6939, .T. ) ;
#9338 = EDGE_CURVE ( 'NONE', #7349, #7903, #6788, .T. ) ;
#9339 =( LENGTH_UNIT ( ) NAMED_UNIT ( * ) SI_UNIT ( $, .METRE. ) );
#9340 = FACE_OUTER_BOUND ( 'NONE', #10463, .T. ) ;
#9341 = CARTESIAN_POINT ( 'NONE',  ( -0.1649999999999999800, 0.1024999999999999800, -0.2399999999999999100 ) ) ;
#9342 = VERTEX_POINT ( 'NONE', #4158 ) ;
#9343 = DIRECTION ( 'NONE',  ( 0.0000000000000000000, 0.0000000000000000000, 1.000000000000000000 ) ) ;
#9344 = CARTESIAN_POINT ( 'NONE',  ( -0.08499999999999995100, 0.09249999999999998500, 0.2399999999999999100 ) ) ;
#9345 = ORIENTED_EDGE ( 'NONE', *, *, #7677, .F. ) ;
#9346 = CARTESIAN_POINT ( 'NONE',  ( 0.1850000000000000800, -2.411709556906732200E-016, 0.2819175359259424900 ) ) ;
#9347 = FACE_OUTER_BOUND ( 'NONE', #842, .T. ) ;
#9348 = ADVANCED_FACE ( 'NONE', ( #6922 ), #9371, .F. ) ;
#9349 = AXIS2_PLACEMENT_3D ( 'NONE', #3417, #6916, #10364 ) ;
#9350 = VECTOR ( 'NONE', #6271, 39.37007874015748100 ) ;
#9351 = PLANE ( 'NONE',  #1881 ) ;
#9352 = EDGE_CURVE ( 'NONE', #520, #6171, #1945, .T. ) ;
#9353 = EDGE_LOOP ( 'NONE', ( #10687, #6439, #6465, #8494 ) ) ;
#9354 = DIRECTION ( 'NONE',  ( 0.0000000000000000000, 0.0000000000000000000, -1.000000000000000000 ) ) ;
#9355 = CARTESIAN_POINT ( 'NONE',  ( 0.03500000000000003800, 0.009999999999999753900, 0.2819175359259424300 ) ) ;
#9356 = VERTEX_POINT ( 'NONE', #10280 ) ;
#9357 = FACE_OUTER_BOUND ( 'NONE', #382, .T. ) ;
#9358 = DIRECTION ( 'NONE',  ( 1.000000000000000000, 0.0000000000000000000, 0.0000000000000000000 ) ) ;
#9359 = CARTESIAN_POINT ( 'NONE',  ( 0.1150000000000000700, 0.09076351822333045300, -0.2557592126802871200 ) ) ;
#9360 = LINE ( 'NONE', #8667, #6792 ) ;
#9361 = ADVANCED_FACE ( 'NONE', ( #4888 ), #7668, .F. ) ;
#9362 = DIRECTION ( 'NONE',  ( -1.000000000000000000, -0.0000000000000000000, -0.0000000000000000000 ) ) ;
#9363 = ORIENTED_EDGE ( 'NONE', *, *, #3249, .F. ) ;
#9364 = ORIENTED_EDGE ( 'NONE', *, *, #899, .F. ) ;
#9365 = DIRECTION ( 'NONE',  ( 0.0000000000000000000, 0.0000000000000000000, -1.000000000000000000 ) ) ;
#9366 = CIRCLE ( 'NONE', #9503, 0.01210138312730632000 ) ;
#9367 = DIRECTION ( 'NONE',  ( 0.0000000000000000000, 0.0000000000000000000, -1.000000000000000000 ) ) ;
#9368 = EDGE_CURVE ( 'NONE', #6962, #10761, #8545, .T. ) ;
#9369 = AXIS2_PLACEMENT_3D ( 'NONE', #4330, #151, #6053 ) ;
#9370 = CARTESIAN_POINT ( 'NONE',  ( 0.06500000000000005800, 0.009999999999999956800, -0.3150000000000000000 ) ) ;
#9371 = PLANE ( 'NONE',  #4067 ) ;
#9372 = CYLINDRICAL_SURFACE ( 'NONE', #3757, 0.002101383127306358700 ) ;
#9373 = DIRECTION ( 'NONE',  ( -1.000000000000000000, -0.0000000000000000000, -0.0000000000000000000 ) ) ;
#9374 = DIRECTION ( 'NONE',  ( -1.000000000000000000, -0.0000000000000000000, -0.0000000000000000000 ) ) ;
#9375 = DIRECTION ( 'NONE',  ( 0.0000000000000000000, 0.0000000000000000000, -1.000000000000000000 ) ) ;
#9376 = DIRECTION ( 'NONE',  ( -0.0000000000000000000, -5.999729353452747400E-015, 1.000000000000000000 ) ) ;
#9377 = ORIENTED_EDGE ( 'NONE', *, *, #442, .F. ) ;
#9378 = VERTEX_POINT ( 'NONE', #2589 ) ;
#9379 = VECTOR ( 'NONE', #6575, 39.37007874015748100 ) ;
#9380 = VECTOR ( 'NONE', #1181, 39.37007874015748900 ) ;
#9381 = DIRECTION ( 'NONE',  ( -0.0000000000000000000, 0.9848077530122080200, 0.1736481776669304100 ) ) ;
#9382 = VECTOR ( 'NONE', #4435, 39.37007874015748900 ) ;
#9383 = DIRECTION ( 'NONE',  ( -1.000000000000000000, -0.0000000000000000000, -0.0000000000000000000 ) ) ;
#9384 = EDGE_CURVE ( 'NONE', #2888, #833, #3423, .T. ) ;
#9385 = CARTESIAN_POINT ( 'NONE',  ( -0.1849999999999999700, 0.09249999999999974900, -0.2656072902104091300 ) ) ;
#9386 = FILL_AREA_STYLE_COLOUR ( '', #4982 ) ;
#9387 = EDGE_CURVE ( 'NONE', #421, #2934, #10694, .T. ) ;
#9388 = ORIENTED_EDGE ( 'NONE', *, *, #1462, .T. ) ;
#9389 = VECTOR ( 'NONE', #2846, 39.37007874015748900 ) ;
#9390 = DIRECTION ( 'NONE',  ( 0.0000000000000000000, 0.0000000000000000000, 1.000000000000000000 ) ) ;
#9391 = ORIENTED_EDGE ( 'NONE', *, *, #1915, .F. ) ;
#9392 = LINE ( 'NONE', #6899, #2366 ) ;
#9393 = LINE ( 'NONE', #5325, #6154 ) ;
#9394 = DIRECTION ( 'NONE',  ( 0.0000000000000000000, 0.0000000000000000000, 1.000000000000000000 ) ) ;
#9395 = CARTESIAN_POINT ( 'NONE',  ( 0.2650000000000000700, 0.01173648177666930900, 0.2798480775301220900 ) ) ;
#9396 = CARTESIAN_POINT ( 'NONE',  ( 0.2850000000000000900, 0.09249999999999977700, 0.2656072902104091900 ) ) ;
#9397 = CARTESIAN_POINT ( 'NONE',  ( -0.1349999999999999500, 0.1024999999999999800, -0.2399999999999999100 ) ) ;
#9398 = ORIENTED_EDGE ( 'NONE', *, *, #3377, .T. ) ;
#9399 = ORIENTED_EDGE ( 'NONE', *, *, #5957, .F. ) ;
#9400 = LINE ( 'NONE', #9772, #3190 ) ;
#9401 = CARTESIAN_POINT ( 'NONE',  ( -0.01499999999999994200, 0.09076351822333045300, 0.2557592126802871200 ) ) ;
#9402 = ORIENTED_EDGE ( 'NONE', *, *, #8438, .T. ) ;
#9403 = EDGE_CURVE ( 'NONE', #6529, #11075, #8259, .T. ) ;
#9404 = VECTOR ( 'NONE', #8476, 39.37007874015748100 ) ;
#9405 = AXIS2_PLACEMENT_3D ( 'NONE', #2985, #2054, #2906 ) ;
#9406 = EDGE_CURVE ( 'NONE', #9035, #2527, #10574, .T. ) ;
#9407 = ADVANCED_FACE ( 'NONE', ( #343 ), #1873, .F. ) ;
#9408 = DIRECTION ( 'NONE',  ( 0.0000000000000000000, -1.000000000000000000, -6.829619984160684300E-015 ) ) ;
#9409 = DIRECTION ( 'NONE',  ( 0.0000000000000000000, 0.0000000000000000000, 1.000000000000000000 ) ) ;
#9410 = DIRECTION ( 'NONE',  ( 0.0000000000000000000, -1.000000000000000000, 0.0000000000000000000 ) ) ;
#9411 = VERTEX_POINT ( 'NONE', #6042 ) ;
#9412 = VERTEX_POINT ( 'NONE', #9332 ) ;
#9413 = DIRECTION ( 'NONE',  ( 0.0000000000000000000, -7.225480511685028100E-015, -1.000000000000000000 ) ) ;
#9414 = DIRECTION ( 'NONE',  ( 0.0000000000000000000, 7.225480511685028100E-015, 1.000000000000000000 ) ) ;
#9415 = COLOUR_RGB ( '',0.7921568627450980000, 0.8196078431372548800, 0.9333333333333333500 ) ;
#9416 = ORIENTED_EDGE ( 'NONE', *, *, #1388, .T. ) ;
#9417 = LINE ( 'NONE', #6627, #6705 ) ;
#9418 = DIRECTION ( 'NONE',  ( -1.000000000000000000, -0.0000000000000000000, -0.0000000000000000000 ) ) ;
#9419 = CARTESIAN_POINT ( 'NONE',  ( -0.1649999999999999800, 0.09039861687269366800, -0.2536897542844667700 ) ) ;
#9420 = ADVANCED_FACE ( 'NONE', ( #9357 ), #9561, .T. ) ;
#9421 = AXIS2_PLACEMENT_3D ( 'NONE', #3310, #10101, #10921 ) ;
#9422 = CARTESIAN_POINT ( 'NONE',  ( 0.1650000000000000900, 0.1024999999999999800, -0.2536897542844667700 ) ) ;
#9423 = EDGE_LOOP ( 'NONE', ( #1477, #5362, #8551, #6096 ) ) ;
#9424 = EDGE_LOOP ( 'NONE', ( #10720, #2335, #3372, #6191 ) ) ;
#9425 = CARTESIAN_POINT ( 'NONE',  ( -0.01499999999999994200, -2.411709556906732200E-016, -0.2819175359259424900 ) ) ;
#9426 = EDGE_CURVE ( 'NONE', #5545, #2043, #84, .T. ) ;
#9427 = FACE_OUTER_BOUND ( 'NONE', #2881, .T. ) ;
#9428 = ORIENTED_EDGE ( 'NONE', *, *, #9384, .F. ) ;
#9429 = PLANE ( 'NONE',  #9127 ) ;
#9430 = VECTOR ( 'NONE', #5393, 39.37007874015748100 ) ;
#9431 = CARTESIAN_POINT ( 'NONE',  ( 0.2350000000000000400, 0.1024999999999999800, -0.2399999999999999100 ) ) ;
#9432 = ORIENTED_EDGE ( 'NONE', *, *, #3126, .F. ) ;
#9433 =( NAMED_UNIT ( * ) SI_UNIT ( $, .STERADIAN. ) SOLID_ANGLE_UNIT ( ) );
#9434 = ORIENTED_EDGE ( 'NONE', *, *, #3909, .F. ) ;
#9435 = PLANE ( 'NONE',  #3211 ) ;
#9436 = CARTESIAN_POINT ( 'NONE',  ( 0.1350000000000000600, 0.009999999999999753900, -0.2819175359259424300 ) ) ;
#9437 = LINE ( 'NONE', #4159, #2688 ) ;
#9438 = ORIENTED_EDGE ( 'NONE', *, *, #4542, .T. ) ;
#9439 = AXIS2_PLACEMENT_3D ( 'NONE', #96, #136, #7819 ) ;
#9440 = ORIENTED_EDGE ( 'NONE', *, *, #1783, .F. ) ;
#9441 = DIRECTION ( 'NONE',  ( 0.0000000000000000000, 1.000000000000000000, 0.0000000000000000000 ) ) ;
#9442 = CARTESIAN_POINT ( 'NONE',  ( 0.2350000000000000400, -3.201384367575308500E-018, -0.3150000000000000600 ) ) ;
#9443 = EDGE_CURVE ( 'NONE', #10249, #8341, #10821, .T. ) ;
#9444 = CARTESIAN_POINT ( 'NONE',  ( 0.2350000000000000400, 0.1024999999999999800, -0.2399999999999999100 ) ) ;
#9445 = VERTEX_POINT ( 'NONE', #2766 ) ;
#9446 = ORIENTED_EDGE ( 'NONE', *, *, #1498, .F. ) ;
#9447 = VERTEX_POINT ( 'NONE', #4391 ) ;
#9448 = CARTESIAN_POINT ( 'NONE',  ( -0.1149999999999999600, 0.09249999999999998500, -0.2399999999999999100 ) ) ;
#9449 = VECTOR ( 'NONE', #9414, 39.37007874015748100 ) ;
#9450 = ORIENTED_EDGE ( 'NONE', *, *, #9812, .F. ) ;
#9451 = DIRECTION ( 'NONE',  ( 0.0000000000000000000, 0.9848077530122082400, 0.1736481776669296100 ) ) ;
#9452 = CARTESIAN_POINT ( 'NONE',  ( 0.08500000000000004800, 0.09039861687269366800, -0.2536897542844667700 ) ) ;
#9453 = FACE_OUTER_BOUND ( 'NONE', #1639, .T. ) ;
#9454 = DIRECTION ( 'NONE',  ( 0.0000000000000000000, 1.000000000000000000, 0.0000000000000000000 ) ) ;
#9455 = DIRECTION ( 'NONE',  ( -1.000000000000000000, -0.0000000000000000000, -0.0000000000000000000 ) ) ;
#9456 = VERTEX_POINT ( 'NONE', #4353 ) ;
#9457 = CARTESIAN_POINT ( 'NONE',  ( -0.2150000000000000000, 0.01173648177666930900, 0.2798480775301220900 ) ) ;
#9458 = ORIENTED_EDGE ( 'NONE', *, *, #10501, .F. ) ;
#9459 = DIRECTION ( 'NONE',  ( 0.0000000000000000000, 7.225480511685028100E-015, 1.000000000000000000 ) ) ;
#9460 = CARTESIAN_POINT ( 'NONE',  ( -0.1149999999999999600, 0.09249999999999998500, 0.2536897542844667700 ) ) ;
#9461 = ORIENTED_EDGE ( 'NONE', *, *, #8459, .T. ) ;
#9462 = EDGE_CURVE ( 'NONE', #2877, #8062, #5425, .T. ) ;
#9463 = AXIS2_PLACEMENT_3D ( 'NONE', #3072, #3104, #5660 ) ;
#9464 = CARTESIAN_POINT ( 'NONE',  ( 0.1850000000000000800, -2.411709556906732200E-016, -0.2819175359259424900 ) ) ;
#9465 = CARTESIAN_POINT ( 'NONE',  ( -0.03499999999999993400, 0.09249999999999998500, 0.2399999999999999100 ) ) ;
#9466 = FACE_OUTER_BOUND ( 'NONE', #8453, .T. ) ;
#9467 = VECTOR ( 'NONE', #10949, 39.37007874015748100 ) ;
#9468 = ADVANCED_FACE ( 'NONE', ( #3132 ), #1949, .F. ) ;
#9469 = EDGE_LOOP ( 'NONE', ( #4715, #3268, #2804, #7248, #5836, #4137, #6491, #1327, #7519, #7600, #7333, #1964 ) ) ;
#9470 = LINE ( 'NONE', #3693, #7160 ) ;
#9471 = DIRECTION ( 'NONE',  ( -1.000000000000000000, -0.0000000000000000000, -0.0000000000000000000 ) ) ;
#9472 = CYLINDRICAL_SURFACE ( 'NONE', #4945, 0.01210138312730635500 ) ;
#9473 = EDGE_CURVE ( 'NONE', #422, #10249, #874, .T. ) ;
#9474 = DIRECTION ( 'NONE',  ( -1.000000000000000000, -0.0000000000000000000, -0.0000000000000000000 ) ) ;
#9475 = DIRECTION ( 'NONE',  ( 0.0000000000000000000, 0.9848077530122082400, -0.1736481776669296100 ) ) ;
#9476 = FACE_OUTER_BOUND ( 'NONE', #6917, .T. ) ;
#9477 = DIRECTION ( 'NONE',  ( -1.000000000000000000, -0.0000000000000000000, -0.0000000000000000000 ) ) ;
#9478 = EDGE_CURVE ( 'NONE', #9226, #287, #9082, .T. ) ;
#9479 = CARTESIAN_POINT ( 'NONE',  ( -0.08499999999999995100, 0.09249999999999998500, 0.2399999999999999100 ) ) ;
#9480 = ADVANCED_FACE ( 'NONE', ( #9204 ), #9672, .F. ) ;
#9481 = DIRECTION ( 'NONE',  ( 0.0000000000000000000, -0.9848077530122082400, -0.1736481776669296100 ) ) ;
#9482 = ORIENTED_EDGE ( 'NONE', *, *, #8279, .T. ) ;
#9483 = LINE ( 'NONE', #1555, #1277 ) ;
#9484 = UNCERTAINTY_MEASURE_WITH_UNIT (LENGTH_MEASURE( 1.000000000000000100E-005 ), #7074, 'distance_accuracy_value', 'NONE');
#9485 = LINE ( 'NONE', #10685, #4350 ) ;
#9486 = DIRECTION ( 'NONE',  ( -0.0000000000000000000, -0.0000000000000000000, -1.000000000000000000 ) ) ;
#9487 = EDGE_LOOP ( 'NONE', ( #6510, #7032, #4633, #634, #1084, #7146, #5501, #4790, #401, #10552, #9294, #9751 ) ) ;
#9488 = EDGE_CURVE ( 'NONE', #4362, #4569, #476, .T. ) ;
#9489 = DIRECTION ( 'NONE',  ( 0.0000000000000000000, -0.0000000000000000000, 1.000000000000000000 ) ) ;
#9490 = DIRECTION ( 'NONE',  ( 0.0000000000000000000, -1.000000000000000000, 0.0000000000000000000 ) ) ;
#9491 = ORIENTED_EDGE ( 'NONE', *, *, #6492, .T. ) ;
#9492 = FACE_OUTER_BOUND ( 'NONE', #4189, .T. ) ;
#9493 = EDGE_LOOP ( 'NONE', ( #4117, #6284, #7658, #1811 ) ) ;
#9494 = VECTOR ( 'NONE', #2341, 39.37007874015748100 ) ;
#9495 =( LENGTH_UNIT ( ) NAMED_UNIT ( * ) SI_UNIT ( $, .METRE. ) );
#9496 = CARTESIAN_POINT ( 'NONE',  ( -0.06499999999999996100, 0.009999999999999753900, 0.2819175359259424300 ) ) ;
#9497 = DIRECTION ( 'NONE',  ( 0.0000000000000000000, -6.829619984160684300E-015, 1.000000000000000000 ) ) ;
#9498 = EDGE_LOOP ( 'NONE', ( #5020, #11024, #3744, #5421, #4642, #7315, #1537, #47, #7938, #7593, #11085, #1833 ) ) ;
#9499 = ORIENTED_EDGE ( 'NONE', *, *, #8699, .F. ) ;
#9500 = ORIENTED_EDGE ( 'NONE', *, *, #594, .F. ) ;
#9501 = AXIS2_PLACEMENT_3D ( 'NONE', #2562, #6812, #1658 ) ;
#9502 = VECTOR ( 'NONE', #7386, 39.37007874015748100 ) ;
#9503 = AXIS2_PLACEMENT_3D ( 'NONE', #10624, #1214, #2073 ) ;
#9504 = LINE ( 'NONE', #5490, #4630 ) ;
#9505 = EDGE_CURVE ( 'NONE', #7882, #1866, #4755, .T. ) ;
#9506 = CARTESIAN_POINT ( 'NONE',  ( 0.03500000000000003800, 0.1024999999999999800, -0.2399999999999999100 ) ) ;
#9507 = DIRECTION ( 'NONE',  ( 0.0000000000000000000, 0.0000000000000000000, 1.000000000000000000 ) ) ;
#9508 = DIRECTION ( 'NONE',  ( 0.0000000000000000000, 0.0000000000000000000, -1.000000000000000000 ) ) ;
#9509 = ORIENTED_EDGE ( 'NONE', *, *, #3725, .T. ) ;
#9510 = CARTESIAN_POINT ( 'NONE',  ( 0.03500000000000003800, 0.01173648177666930900, 0.2798480775301220900 ) ) ;
#9511 = ORIENTED_EDGE ( 'NONE', *, *, #8477, .F. ) ;
#9512 = CARTESIAN_POINT ( 'NONE',  ( -0.03499999999999993400, 0.01210138312730608600, -0.2819175359259424300 ) ) ;
#9513 = DIRECTION ( 'NONE',  ( 0.0000000000000000000, 0.9848077530122082400, 0.1736481776669296100 ) ) ;
#9514 = LINE ( 'NONE', #727, #4232 ) ;
#9515 = VECTOR ( 'NONE', #1620, 39.37007874015748100 ) ;
#9516 = CARTESIAN_POINT ( 'NONE',  ( -0.2150000000000000000, 0.009999999999999753900, 0.2819175359259424300 ) ) ;
#9517 = DIMENSIONAL_EXPONENTS ( 1.000000000000000000, 0.0000000000000000000, 0.0000000000000000000, 0.0000000000000000000, 0.0000000000000000000, 0.0000000000000000000, 0.0000000000000000000 ) ;
#9518 = AXIS2_PLACEMENT_3D ( 'NONE', #585, #8288, #9161 ) ;
#9519 = EDGE_LOOP ( 'NONE', ( #8227, #9345, #10042, #5838 ) ) ;
#9520 = DIRECTION ( 'NONE',  ( 0.0000000000000000000, 0.0000000000000000000, -1.000000000000000000 ) ) ;
#9521 = EDGE_CURVE ( 'NONE', #6747, #10178, #3951, .T. ) ;
#9522 = ORIENTED_EDGE ( 'NONE', *, *, #2587, .F. ) ;
#9523 = VECTOR ( 'NONE', #3698, 39.37007874015748100 ) ;
#9524 = CARTESIAN_POINT ( 'NONE',  ( 0.1850000000000000800, 0.1024999999999999800, -0.2399999999999999100 ) ) ;
#9525 = CIRCLE ( 'NONE', #6189, 0.002101383127306324400 ) ;
#9526 = PLANE ( 'NONE',  #3121 ) ;
#9527 = DIRECTION ( 'NONE',  ( 0.0000000000000000000, -1.000000000000000000, 7.225480511685028100E-015 ) ) ;
#9528 = CARTESIAN_POINT ( 'NONE',  ( -0.2349999999999999900, 0.09249999999999998500, 0.2399999999999999100 ) ) ;
#9529 = DIRECTION ( 'NONE',  ( 0.0000000000000000000, 0.0000000000000000000, -1.000000000000000000 ) ) ;
#9530 = ORIENTED_EDGE ( 'NONE', *, *, #2730, .F. ) ;
#9531 = ORIENTED_EDGE ( 'NONE', *, *, #4100, .T. ) ;
#9532 = ADVANCED_FACE ( 'NONE', ( #8400 ), #9632, .F. ) ;
#9533 = VERTEX_POINT ( 'NONE', #204 ) ;
#9534 = LINE ( 'NONE', #10032, #7220 ) ;
#9535 = VECTOR ( 'NONE', #9874, 39.37007874015748100 ) ;
#9536 = DIRECTION ( 'NONE',  ( -0.0000000000000000000, 1.000000000000000000, 0.0000000000000000000 ) ) ;
#9537 = CARTESIAN_POINT ( 'NONE',  ( -0.08499999999999995100, 0.1024999999999999800, 0.2399999999999999100 ) ) ;
#9538 = EDGE_CURVE ( 'NONE', #2673, #10620, #1806, .T. ) ;
#9539 = AXIS2_PLACEMENT_3D ( 'NONE', #9712, #244, #8104 ) ;
#9540 = ORIENTED_EDGE ( 'NONE', *, *, #3691, .T. ) ;
#9541 = ORIENTED_EDGE ( 'NONE', *, *, #6506, .F. ) ;
#9542 = ORIENTED_EDGE ( 'NONE', *, *, #5664, .T. ) ;
#9543 = VECTOR ( 'NONE', #934, 39.37007874015748100 ) ;
#9544 = ORIENTED_EDGE ( 'NONE', *, *, #7094, .F. ) ;
#9545 = COLOUR_RGB ( '',0.7921568627450980000, 0.8196078431372548800, 0.9333333333333333500 ) ;
#9546 = CARTESIAN_POINT ( 'NONE',  ( 0.1350000000000000600, 0.009999999999999993300, 0.3150000000000000000 ) ) ;
#9547 = DIRECTION ( 'NONE',  ( -0.0000000000000000000, -0.0000000000000000000, -1.000000000000000000 ) ) ;
#9548 = PLANE ( 'NONE',  #11021 ) ;
#9549 = CARTESIAN_POINT ( 'NONE',  ( 0.01500000000000004500, -3.201384367575308500E-018, -0.3150000000000000600 ) ) ;
#9550 = ORIENTED_EDGE ( 'NONE', *, *, #5268, .F. ) ;
#9551 = ORIENTED_EDGE ( 'NONE', *, *, #8807, .F. ) ;
#9552 = EDGE_LOOP ( 'NONE', ( #9677, #1094, #9434, #1417 ) ) ;
#9553 = EDGE_CURVE ( 'NONE', #6615, #1848, #3690, .T. ) ;
#9554 = ORIENTED_EDGE ( 'NONE', *, *, #283, .F. ) ;
#9555 = AXIS2_PLACEMENT_3D ( 'NONE', #10793, #8238, #2323 ) ;
#9556 = EDGE_CURVE ( 'NONE', #7314, #4000, #7051, .T. ) ;
#9557 = LINE ( 'NONE', #8140, #272 ) ;
#9558 = DIRECTION ( 'NONE',  ( 0.0000000000000000000, 0.0000000000000000000, -1.000000000000000000 ) ) ;
#9559 = CARTESIAN_POINT ( 'NONE',  ( -0.06499999999999996100, 0.009999999999999993300, 0.3150000000000000000 ) ) ;
#9560 = CARTESIAN_POINT ( 'NONE',  ( -0.08499999999999995100, 0.1024999999999999900, 0.2536897542844667700 ) ) ;
#9561 = PLANE ( 'NONE',  #1359 ) ;
#9562 = DIRECTION ( 'NONE',  ( 0.0000000000000000000, 7.193223902257864100E-015, -1.000000000000000000 ) ) ;
#9563 = EDGE_LOOP ( 'NONE', ( #8725, #8586, #3366, #1796, #10523, #5397, #3005, #735, #6726, #10908, #7370, #8343 ) ) ;
#9564 = VERTEX_POINT ( 'NONE', #3710 ) ;
#9565 = VERTEX_POINT ( 'NONE', #6375 ) ;
#9566 = LINE ( 'NONE', #1396, #2023 ) ;
#9567 = ORIENTED_EDGE ( 'NONE', *, *, #7255, .F. ) ;
#9568 = CARTESIAN_POINT ( 'NONE',  ( -0.08499999999999995100, 0.009999999999999753900, -0.2819175359259424300 ) ) ;
#9569 = VECTOR ( 'NONE', #7669, 39.37007874015748100 ) ;
#9570 = ORIENTED_EDGE ( 'NONE', *, *, #4365, .T. ) ;
#9571 = AXIS2_PLACEMENT_3D ( 'NONE', #4734, #7295, #10698 ) ;
#9572 = AXIS2_PLACEMENT_3D ( 'NONE', #1985, #3561, #1051 ) ;
#9573 = CARTESIAN_POINT ( 'NONE',  ( 0.1350000000000000600, 0.09249999999999998500, 0.2536897542844667700 ) ) ;
#9574 = EDGE_CURVE ( 'NONE', #2118, #7872, #7991, .T. ) ;
#9575 = ORIENTED_EDGE ( 'NONE', *, *, #8422, .F. ) ;
#9576 = DIRECTION ( 'NONE',  ( 0.0000000000000000000, 1.000000000000000000, 0.0000000000000000000 ) ) ;
#9577 = EDGE_LOOP ( 'NONE', ( #9402, #9530, #5227, #8652 ) ) ;
#9578 = ORIENTED_EDGE ( 'NONE', *, *, #8100, .F. ) ;
#9579 = DIMENSIONAL_EXPONENTS ( 1.000000000000000000, 0.0000000000000000000, 0.0000000000000000000, 0.0000000000000000000, 0.0000000000000000000, 0.0000000000000000000, 0.0000000000000000000 ) ;
#9580 = EDGE_LOOP ( 'NONE', ( #8151, #5977, #2681, #4710, #9726, #10244, #8006, #10168, #4289, #10340, #10236, #1050 ) ) ;
#9581 = VERTEX_POINT ( 'NONE', #306 ) ;
#9582 = LINE ( 'NONE', #240, #6338 ) ;
#9583 = ORIENTED_EDGE ( 'NONE', *, *, #128, .T. ) ;
#9584 = ORIENTED_EDGE ( 'NONE', *, *, #4617, .T. ) ;
#9585 = DIRECTION ( 'NONE',  ( 0.0000000000000000000, 0.1736481776669296100, -0.9848077530122082400 ) ) ;
#9586 = CARTESIAN_POINT ( 'NONE',  ( 0.1150000000000000700, 0.09249999999999974900, -0.2656072902104091300 ) ) ;
#9587 = EDGE_LOOP ( 'NONE', ( #5013, #10981, #2732, #8153 ) ) ;
#9588 = ORIENTED_EDGE ( 'NONE', *, *, #30, .F. ) ;
#9589 = CARTESIAN_POINT ( 'NONE',  ( -0.01499999999999994200, 0.01210138312730608600, -0.2819175359259424300 ) ) ;
#9590 = CARTESIAN_POINT ( 'NONE',  ( 0.08500000000000004800, 0.09249999999999977700, 0.2656072902104091900 ) ) ;
#9591 = EDGE_CURVE ( 'NONE', #2285, #10135, #9759, .T. ) ;
#9592 = ADVANCED_FACE ( 'NONE', ( #9492 ), #6307, .F. ) ;
#9593 = AXIS2_PLACEMENT_3D ( 'NONE', #10322, #3416, #9413 ) ;
#9594 = LINE ( 'NONE', #8577, #10126 ) ;
#9595 = CARTESIAN_POINT ( 'NONE',  ( 0.08500000000000004800, 0.09249999999999998500, -0.2399999999999999100 ) ) ;
#9596 = EDGE_LOOP ( 'NONE', ( #419, #5125, #7635, #5978 ) ) ;
#9597 = VECTOR ( 'NONE', #3808, 39.37007874015748100 ) ;
#9598 = EDGE_LOOP ( 'NONE', ( #9119, #7945, #3504, #8207 ) ) ;
#9599 = DIRECTION ( 'NONE',  ( 0.0000000000000000000, 0.0000000000000000000, 1.000000000000000000 ) ) ;
#9600 = ORIENTED_EDGE ( 'NONE', *, *, #7076, .F. ) ;
#9601 = DIRECTION ( 'NONE',  ( 0.0000000000000000000, 0.0000000000000000000, 1.000000000000000000 ) ) ;
#9602 = CARTESIAN_POINT ( 'NONE',  ( 0.1350000000000000600, 0.009999999999999753900, 0.2819175359259424300 ) ) ;
#9603 = ORIENTED_EDGE ( 'NONE', *, *, #8699, .T. ) ;
#9604 = PRESENTATION_STYLE_ASSIGNMENT (( #2473 ) ) ;
#9605 = EDGE_CURVE ( 'NONE', #7189, #7003, #8944, .T. ) ;
#9606 = DIRECTION ( 'NONE',  ( -1.000000000000000000, -0.0000000000000000000, -0.0000000000000000000 ) ) ;
#9607 = DIRECTION ( 'NONE',  ( 0.0000000000000000000, 0.1736481776669296100, -0.9848077530122082400 ) ) ;
#9608 = CIRCLE ( 'NONE', #2112, 0.002101383127306358700 ) ;
#9609 = EDGE_CURVE ( 'NONE', #8704, #10886, #6633, .T. ) ;
#9610 = LINE ( 'NONE', #2684, #8673 ) ;
#9611 = ORIENTED_EDGE ( 'NONE', *, *, #9812, .T. ) ;
#9612 = VECTOR ( 'NONE', #5006, 39.37007874015748100 ) ;
#9613 = ORIENTED_EDGE ( 'NONE', *, *, #10465, .F. ) ;
#9614 = ORIENTED_EDGE ( 'NONE', *, *, #6077, .F. ) ;
#9615 = EDGE_CURVE ( 'NONE', #154, #3573, #8685, .T. ) ;
#9616 = AXIS2_PLACEMENT_3D ( 'NONE', #4309, #6945, #7983 ) ;
#9617 = VERTEX_POINT ( 'NONE', #8068 ) ;
#9618 = FACE_OUTER_BOUND ( 'NONE', #2275, .T. ) ;
#9619 = DIRECTION ( 'NONE',  ( 0.0000000000000000000, 0.0000000000000000000, 1.000000000000000000 ) ) ;
#9620 = EDGE_CURVE ( 'NONE', #5527, #6830, #9885, .T. ) ;
#9621 = CARTESIAN_POINT ( 'NONE',  ( -0.1149999999999999600, 0.009999999999999753900, -0.2819175359259424300 ) ) ;
#9622 = MANIFOLD_SOLID_BREP ( 'Pin 8', #5364 ) ;
#9623 = CARTESIAN_POINT ( 'NONE',  ( 0.06500000000000005800, 0.009999999999999759100, -0.2819175359259424300 ) ) ;
#9624 = LINE ( 'NONE', #7961, #7181 ) ;
#9625 = CARTESIAN_POINT ( 'NONE',  ( 0.1350000000000000600, 0.1024999999999999800, 0.2399999999999999100 ) ) ;
#9626 = CARTESIAN_POINT ( 'NONE',  ( 0.1350000000000000600, 0.009999999999999759100, -0.2819175359259424300 ) ) ;
#9627 = ORIENTED_EDGE ( 'NONE', *, *, #5407, .T. ) ;
#9628 = DIMENSIONAL_EXPONENTS ( 1.000000000000000000, 0.0000000000000000000, 0.0000000000000000000, 0.0000000000000000000, 0.0000000000000000000, 0.0000000000000000000, 0.0000000000000000000 ) ;
#9629 = EDGE_LOOP ( 'NONE', ( #8660, #3962, #2245, #4129 ) ) ;
#9630 = DIRECTION ( 'NONE',  ( -1.000000000000000000, -0.0000000000000000000, -0.0000000000000000000 ) ) ;
#9631 = FACE_OUTER_BOUND ( 'NONE', #9469, .T. ) ;
#9632 = PLANE ( 'NONE',  #774 ) ;
#9633 = VECTOR ( 'NONE', #3501, 39.37007874015748100 ) ;
#9634 = AXIS2_PLACEMENT_3D ( 'NONE', #6082, #2510, #9408 ) ;
#9635 = CARTESIAN_POINT ( 'NONE',  ( -0.06499999999999996100, 0.09249999999999977700, 0.2656072902104091900 ) ) ;
#9636 = EDGE_CURVE ( 'NONE', #7992, #1805, #1135, .T. ) ;
#9637 = DIRECTION ( 'NONE',  ( 0.0000000000000000000, -1.000000000000000000, 0.0000000000000000000 ) ) ;
#9638 = CARTESIAN_POINT ( 'NONE',  ( 0.08500000000000004800, 0.09249999999999977700, 0.2656072902104091900 ) ) ;
#9639 = ORIENTED_EDGE ( 'NONE', *, *, #5212, .T. ) ;
#9640 = ORIENTED_EDGE ( 'NONE', *, *, #7318, .T. ) ;
#9641 = LINE ( 'NONE', #7891, #763 ) ;
#9642 = ADVANCED_FACE ( 'NONE', ( #9618 ), #1127, .F. ) ;
#9643 = FACE_OUTER_BOUND ( 'NONE', #640, .T. ) ;
#9644 = DIRECTION ( 'NONE',  ( 0.0000000000000000000, 0.0000000000000000000, -1.000000000000000000 ) ) ;
#9645 = ORIENTED_EDGE ( 'NONE', *, *, #8681, .T. ) ;
#9646 = DIRECTION ( 'NONE',  ( 0.0000000000000000000, 0.0000000000000000000, 1.000000000000000000 ) ) ;
#9647 = ORIENTED_EDGE ( 'NONE', *, *, #5826, .T. ) ;
#9648 = DIRECTION ( 'NONE',  ( -1.000000000000000000, -0.0000000000000000000, -0.0000000000000000000 ) ) ;
#9649 = AXIS2_PLACEMENT_3D ( 'NONE', #10082, #10943, #8424 ) ;
#9650 = VERTEX_POINT ( 'NONE', #1206 ) ;
#9651 = CIRCLE ( 'NONE', #1061, 0.01210138312730635500 ) ;
#9652 = EDGE_CURVE ( 'NONE', #6220, #655, #4216, .T. ) ;
#9653 = LINE ( 'NONE', #3332, #1035 ) ;
#9654 = VECTOR ( 'NONE', #1131, 39.37007874015748100 ) ;
#9655 = ADVANCED_FACE ( 'NONE', ( #9347 ), #10683, .F. ) ;
#9656 = CARTESIAN_POINT ( 'NONE',  ( -0.1649999999999999800, -2.411709556906732200E-016, 0.2819175359259424900 ) ) ;
#9657 = CARTESIAN_POINT ( 'NONE',  ( -0.2150000000000000000, 0.09039861687269366800, -0.2536897542844667700 ) ) ;
#9658 = DIRECTION ( 'NONE',  ( 1.000000000000000000, 0.0000000000000000000, 0.0000000000000000000 ) ) ;
#9659 = DIRECTION ( 'NONE',  ( 0.0000000000000000000, -0.9848077530122082400, 0.1736481776669295800 ) ) ;
#9660 = EDGE_LOOP ( 'NONE', ( #41, #1160, #3035, #8122 ) ) ;
#9661 = LINE ( 'NONE', #3708, #3164 ) ;
#9662 = DIRECTION ( 'NONE',  ( 0.0000000000000000000, -0.9848077530122082400, -0.1736481776669296100 ) ) ;
#9663 = ORIENTED_EDGE ( 'NONE', *, *, #6784, .F. ) ;
#9664 = LENGTH_MEASURE_WITH_UNIT ( LENGTH_MEASURE( 0.02539999999999999900 ), #2904 );
#9665 = ORIENTED_EDGE ( 'NONE', *, *, #685, .T. ) ;
#9666 = LINE ( 'NONE', #6636, #2517 ) ;
#9667 = PLANE ( 'NONE',  #10892 ) ;
#9668 = AXIS2_PLACEMENT_3D ( 'NONE', #985, #6951, #3602 ) ;
#9669 = DIRECTION ( 'NONE',  ( -0.0000000000000000000, 1.000000000000000000, -0.0000000000000000000 ) ) ;
#9670 = EDGE_CURVE ( 'NONE', #10383, #5825, #5150, .T. ) ;
#9671 = PLANE ( 'NONE',  #1427 ) ;
#9672 = PLANE ( 'NONE',  #10445 ) ;
#9673 = ORIENTED_EDGE ( 'NONE', *, *, #7224, .F. ) ;
#9674 = ORIENTED_EDGE ( 'NONE', *, *, #10354, .F. ) ;
#9675 = CARTESIAN_POINT ( 'NONE',  ( -0.2650000000000000100, 0.01210138312730608600, -0.2819175359259424300 ) ) ;
#9676 = LINE ( 'NONE', #8653, #7782 ) ;
#9677 = ORIENTED_EDGE ( 'NONE', *, *, #9913, .T. ) ;
#9678 = DIRECTION ( 'NONE',  ( 0.0000000000000000000, 0.0000000000000000000, 1.000000000000000000 ) ) ;
#9679 = FACE_OUTER_BOUND ( 'NONE', #7009, .T. ) ;
#9680 = DIRECTION ( 'NONE',  ( -1.000000000000000000, -0.0000000000000000000, -0.0000000000000000000 ) ) ;
#9681 = ORIENTED_EDGE ( 'NONE', *, *, #4998, .F. ) ;
#9682 = EDGE_LOOP ( 'NONE', ( #11095, #7671, #2557, #2926 ) ) ;
#9683 = FACE_OUTER_BOUND ( 'NONE', #5077, .T. ) ;
#9684 = ORIENTED_EDGE ( 'NONE', *, *, #8130, .F. ) ;
#9685 = EDGE_CURVE ( 'NONE', #6421, #4615, #7307, .T. ) ;
#9686 = CIRCLE ( 'NONE', #8939, 0.01210138312730632000 ) ;
#9687 = AXIS2_PLACEMENT_3D ( 'NONE', #383, #6230, #6310 ) ;
#9688 = ORIENTED_EDGE ( 'NONE', *, *, #8964, .F. ) ;
#9689 = VERTEX_POINT ( 'NONE', #10846 ) ;
#9690 = VECTOR ( 'NONE', #7059, 39.37007874015748900 ) ;
#9691 = VERTEX_POINT ( 'NONE', #10811 ) ;
#9692 = DIRECTION ( 'NONE',  ( 1.000000000000000000, 0.0000000000000000000, 0.0000000000000000000 ) ) ;
#9693 = VECTOR ( 'NONE', #8031, 39.37007874015748100 ) ;
#9694 = DIRECTION ( 'NONE',  ( 0.0000000000000000000, -0.1736481776669304400, 0.9848077530122080200 ) ) ;
#9695 = CARTESIAN_POINT ( 'NONE',  ( -0.2150000000000000000, -3.201384367575308500E-018, -0.3150000000000000600 ) ) ;
#9696 = CARTESIAN_POINT ( 'NONE',  ( -0.1349999999999999500, -3.201384367575308500E-018, -0.3150000000000000600 ) ) ;
#9697 = ADVANCED_FACE ( 'NONE', ( #5281 ), #5014, .T. ) ;
#9698 = DIRECTION ( 'NONE',  ( -0.0000000000000000000, -0.0000000000000000000, -1.000000000000000000 ) ) ;
#9699 = DIRECTION ( 'NONE',  ( 0.0000000000000000000, 7.225480511685028100E-015, 1.000000000000000000 ) ) ;
#9700 = EDGE_CURVE ( 'NONE', #6589, #8165, #5676, .T. ) ;
#9701 = DIRECTION ( 'NONE',  ( -1.000000000000000000, -0.0000000000000000000, -0.0000000000000000000 ) ) ;
#9702 = AXIS2_PLACEMENT_3D ( 'NONE', #9955, #7406, #7302 ) ;
#9703 = VERTEX_POINT ( 'NONE', #10001 ) ;
#9704 = ORIENTED_EDGE ( 'NONE', *, *, #2941, .T. ) ;
#9705 = EDGE_CURVE ( 'NONE', #138, #9023, #584, .T. ) ;
#9706 = LINE ( 'NONE', #9179, #1358 ) ;
#9707 = EDGE_LOOP ( 'NONE', ( #2553, #7063, #4310, #6449 ) ) ;
#9708 = CARTESIAN_POINT ( 'NONE',  ( 0.2150000000000000500, 0.01000000000000000400, -0.2700000000000000200 ) ) ;
#9709 = ORIENTED_EDGE ( 'NONE', *, *, #1373, .T. ) ;
#9710 =( NAMED_UNIT ( * ) SI_UNIT ( $, .STERADIAN. ) SOLID_ANGLE_UNIT ( ) );
#9711 = CARTESIAN_POINT ( 'NONE',  ( -0.2349999999999999900, 0.01000000000000000400, -0.2700000000000000200 ) ) ;
#9712 = CARTESIAN_POINT ( 'NONE',  ( -0.2857222057372608100, 0.09721825406947957900, 0.1807222057372607800 ) ) ;
#9713 = ORIENTED_EDGE ( 'NONE', *, *, #6129, .F. ) ;
#9714 = ADVANCED_FACE ( 'NONE', ( #10565 ), #5565, .F. ) ;
#9715 = CARTESIAN_POINT ( 'NONE',  ( 0.03500000000000003800, 0.09249999999999998500, -0.2399999999999999100 ) ) ;
#9716 = VERTEX_POINT ( 'NONE', #3088 ) ;
#9717 = VERTEX_POINT ( 'NONE', #5713 ) ;
#9718 = AXIS2_PLACEMENT_3D ( 'NONE', #8588, #7744, #8672 ) ;
#9719 = FACE_OUTER_BOUND ( 'NONE', #9886, .T. ) ;
#9720 = AXIS2_PLACEMENT_3D ( 'NONE', #5287, #6017, #7865 ) ;
#9721 = VECTOR ( 'NONE', #135, 39.37007874015748100 ) ;
#9722 = ORIENTED_EDGE ( 'NONE', *, *, #7558, .F. ) ;
#9723 = EDGE_CURVE ( 'NONE', #3096, #6647, #2470, .T. ) ;
#9724 = ORIENTED_EDGE ( 'NONE', *, *, #5445, .F. ) ;
#9725 = VERTEX_POINT ( 'NONE', #586 ) ;
#9726 = ORIENTED_EDGE ( 'NONE', *, *, #4348, .T. ) ;
#9727 = VERTEX_POINT ( 'NONE', #8184 ) ;
#9728 = CARTESIAN_POINT ( 'NONE',  ( -0.01499999999999994200, 0.09249999999999999900, -0.2536897542844667700 ) ) ;
#9729 = CARTESIAN_POINT ( 'NONE',  ( 0.2150000000000000500, 0.009999999999999753900, 0.2819175359259424300 ) ) ;
#9730 = LINE ( 'NONE', #6149, #5000 ) ;
#9731 = LINE ( 'NONE', #4089, #10409 ) ;
#9732 = AXIS2_PLACEMENT_3D ( 'NONE', #9656, #6938, #1895 ) ;
#9733 = PRESENTATION_LAYER_ASSIGNMENT (  '', '', ( #9078 ) ) ;
#9734 = CARTESIAN_POINT ( 'NONE',  ( 0.06500000000000005800, 0.09249999999999974900, -0.2656072902104091300 ) ) ;
#9735 = CARTESIAN_POINT ( 'NONE',  ( -0.2150000000000000000, 0.009999999999999956800, -0.3150000000000000000 ) ) ;
#9736 = ORIENTED_EDGE ( 'NONE', *, *, #9131, .T. ) ;
#9737 = EDGE_CURVE ( 'NONE', #3459, #9156, #3120, .T. ) ;
#9738 = CARTESIAN_POINT ( 'NONE',  ( -0.1349999999999999500, 0.01210138312730608600, -0.2819175359259424300 ) ) ;
#9739 = AXIS2_PLACEMENT_3D ( 'NONE', #4440, #10588, #7175 ) ;
#9740 = CIRCLE ( 'NONE', #146, 0.002101383127306358700 ) ;
#9741 = DIRECTION ( 'NONE',  ( 0.0000000000000000000, -0.0000000000000000000, 1.000000000000000000 ) ) ;
#9742 = VECTOR ( 'NONE', #4700, 39.37007874015748100 ) ;
#9743 = ADVANCED_FACE ( 'NONE', ( #5820 ), #10156, .F. ) ;
#9744 = VECTOR ( 'NONE', #9201, 39.37007874015748900 ) ;
#9745 = CARTESIAN_POINT ( 'NONE',  ( 0.1850000000000000800, 0.01000000000000000400, -0.2700000000000000200 ) ) ;
#9746 = DIRECTION ( 'NONE',  ( -1.000000000000000000, -0.0000000000000000000, -0.0000000000000000000 ) ) ;
#9747 = LINE ( 'NONE', #7800, #8927 ) ;
#9748 = DIRECTION ( 'NONE',  ( -1.000000000000000000, -0.0000000000000000000, -0.0000000000000000000 ) ) ;
#9749 = CARTESIAN_POINT ( 'NONE',  ( 0.1850000000000000800, 0.009999999999999759100, -0.2819175359259424300 ) ) ;
#9750 = CARTESIAN_POINT ( 'NONE',  ( -0.1649999999999999800, 0.009999999999999759100, -0.2819175359259424300 ) ) ;
#9751 = ORIENTED_EDGE ( 'NONE', *, *, #1891, .F. ) ;
#9752 = EDGE_CURVE ( 'NONE', #7729, #7137, #4745, .T. ) ;
#9753 = AXIS2_PLACEMENT_3D ( 'NONE', #2887, #8620, #2824 ) ;
#9754 = ADVANCED_FACE ( 'NONE', ( #9072 ), #7434, .F. ) ;
#9755 = CARTESIAN_POINT ( 'NONE',  ( -0.2857222057372608100, 0.1749999999999998500, 0.1532222057372607800 ) ) ;
#9756 = DIRECTION ( 'NONE',  ( 0.0000000000000000000, 1.000000000000000000, 0.0000000000000000000 ) ) ;
#9757 = ORIENTED_EDGE ( 'NONE', *, *, #4365, .F. ) ;
#9758 = EDGE_LOOP ( 'NONE', ( #8340, #4612, #10117, #656 ) ) ;
#9759 = LINE ( 'NONE', #7993, #4496 ) ;
#9760 = CARTESIAN_POINT ( 'NONE',  ( -0.2349999999999999900, 0.09039861687269366800, -0.2536897542844667700 ) ) ;
#9761 = ORIENTED_EDGE ( 'NONE', *, *, #11123, .F. ) ;
#9762 = EDGE_CURVE ( 'NONE', #7388, #3946, #8253, .T. ) ;
#9763 = DIRECTION ( 'NONE',  ( 0.0000000000000000000, 0.0000000000000000000, -1.000000000000000000 ) ) ;
#9764 = DIRECTION ( 'NONE',  ( 0.0000000000000000000, 0.0000000000000000000, -1.000000000000000000 ) ) ;
#9765 = ORIENTED_EDGE ( 'NONE', *, *, #6270, .F. ) ;
#9766 = DIRECTION ( 'NONE',  ( -1.000000000000000000, -0.0000000000000000000, -0.0000000000000000000 ) ) ;
#9767 = EDGE_CURVE ( 'NONE', #10422, #178, #6779, .T. ) ;
#9768 = DIRECTION ( 'NONE',  ( -1.000000000000000000, -0.0000000000000000000, -0.0000000000000000000 ) ) ;
#9769 = ORIENTED_EDGE ( 'NONE', *, *, #7393, .F. ) ;
#9770 = DIRECTION ( 'NONE',  ( -1.000000000000000000, -0.0000000000000000000, -0.0000000000000000000 ) ) ;
#9771 = CIRCLE ( 'NONE', #2925, 0.002101383127306358700 ) ;
#9772 = CARTESIAN_POINT ( 'NONE',  ( 0.01500000000000004500, 0.009999999999999993300, 0.3150000000000000000 ) ) ;
#9773 = LINE ( 'NONE', #6403, #10963 ) ;
#9774 = DIRECTION ( 'NONE',  ( -0.0000000000000000000, 0.9848077530122080200, 0.1736481776669304100 ) ) ;
#9775 = VERTEX_POINT ( 'NONE', #9887 ) ;
#9776 = VERTEX_POINT ( 'NONE', #451 ) ;
#9777 = VERTEX_POINT ( 'NONE', #9162 ) ;
#9778 = CYLINDRICAL_SURFACE ( 'NONE', #697, 0.01210138312730635500 ) ;
#9779 = CARTESIAN_POINT ( 'NONE',  ( 0.2850000000000000900, -2.411709556906732200E-016, -0.2819175359259424900 ) ) ;
#9780 = FACE_OUTER_BOUND ( 'NONE', #6188, .T. ) ;
#9781 = CARTESIAN_POINT ( 'NONE',  ( 0.2850000000000000900, 0.09039861687269366800, 0.2536897542844667700 ) ) ;
#9782 = FACE_OUTER_BOUND ( 'NONE', #6321, .T. ) ;
#9783 = EDGE_CURVE ( 'NONE', #267, #4369, #10017, .T. ) ;
#9784 = EDGE_LOOP ( 'NONE', ( #4002, #3471, #9967, #9640 ) ) ;
#9785 = CYLINDRICAL_SURFACE ( 'NONE', #9572, 0.01210138312730632000 ) ;
#9786 = ORIENTED_EDGE ( 'NONE', *, *, #10145, .T. ) ;
#9787 = SURFACE_STYLE_FILL_AREA ( #772 ) ;
#9788 = VECTOR ( 'NONE', #5833, 39.37007874015748100 ) ;
#9789 = DIRECTION ( 'NONE',  ( 0.0000000000000000000, 0.0000000000000000000, -1.000000000000000000 ) ) ;
#9790 = AXIS2_PLACEMENT_3D ( 'NONE', #855, #6866, #4340 ) ;
#9791 = DIRECTION ( 'NONE',  ( -1.000000000000000000, -0.0000000000000000000, -0.0000000000000000000 ) ) ;
#9792 = ORIENTED_EDGE ( 'NONE', *, *, #2928, .F. ) ;
#9793 = ORIENTED_EDGE ( 'NONE', *, *, #8190, .T. ) ;
#9794 = EDGE_CURVE ( 'NONE', #6830, #3044, #3817, .T. ) ;
#9795 = LINE ( 'NONE', #695, #4927 ) ;
#9796 = AXIS2_PLACEMENT_3D ( 'NONE', #3995, #4861, #3851 ) ;
#9797 = VERTEX_POINT ( 'NONE', #9020 ) ;
#9798 = VECTOR ( 'NONE', #3119, 39.37007874015748900 ) ;
#9799 = LINE ( 'NONE', #7516, #3733 ) ;
#9800 = CARTESIAN_POINT ( 'NONE',  ( 0.03500000000000003800, 0.01210138312730608600, 0.2819175359259424300 ) ) ;
#9801 = CARTESIAN_POINT ( 'NONE',  ( -0.06499999999999996100, -2.411709556906732200E-016, 0.2819175359259424900 ) ) ;
#9802 = DIRECTION ( 'NONE',  ( -0.0000000000000000000, 1.000000000000000000, 7.193223902257864100E-015 ) ) ;
#9803 = DIRECTION ( 'NONE',  ( 0.0000000000000000000, -0.9848077530122082400, 0.1736481776669296100 ) ) ;
#9804 = CARTESIAN_POINT ( 'NONE',  ( 0.2150000000000000500, 0.1024999999999999900, 0.2536897542844667700 ) ) ;
#9805 = ADVANCED_FACE ( 'NONE', ( #7860 ), #3322, .F. ) ;
#9806 = VERTEX_POINT ( 'NONE', #2992 ) ;
#9807 = ORIENTED_EDGE ( 'NONE', *, *, #7446, .T. ) ;
#9808 = FACE_OUTER_BOUND ( 'NONE', #3335, .T. ) ;
#9809 = CARTESIAN_POINT ( 'NONE',  ( -0.1149999999999999600, 0.009999999999999759100, -0.2819175359259424300 ) ) ;
#9810 = VERTEX_POINT ( 'NONE', #8330 ) ;
#9811 = VECTOR ( 'NONE', #10345, 39.37007874015748100 ) ;
#9812 = EDGE_CURVE ( 'NONE', #6889, #4774, #7171, .T. ) ;
#9813 = CARTESIAN_POINT ( 'NONE',  ( -0.1649999999999999800, 0.09039861687269366800, 0.2536897542844667700 ) ) ;
#9814 = ORIENTED_EDGE ( 'NONE', *, *, #6717, .T. ) ;
#9815 = ORIENTED_EDGE ( 'NONE', *, *, #1266, .F. ) ;
#9816 = VECTOR ( 'NONE', #8880, 39.37007874015748100 ) ;
#9817 = UNCERTAINTY_MEASURE_WITH_UNIT (LENGTH_MEASURE( 1.000000000000000100E-005 ), #10740, 'distance_accuracy_value', 'NONE');
#9818 = CARTESIAN_POINT ( 'NONE',  ( 0.1350000000000000600, -3.201384367575308500E-018, -0.3150000000000000600 ) ) ;
#9819 = DIRECTION ( 'NONE',  ( -0.0000000000000000000, -0.0000000000000000000, -1.000000000000000000 ) ) ;
#9820 = ORIENTED_EDGE ( 'NONE', *, *, #3337, .T. ) ;
#9821 = VERTEX_POINT ( 'NONE', #3238 ) ;
#9822 = EDGE_CURVE ( 'NONE', #10350, #5527, #9483, .T. ) ;
#9823 = LINE ( 'NONE', #6847, #7518 ) ;
#9824 = AXIS2_PLACEMENT_3D ( 'NONE', #5782, #4923, #2411 ) ;
#9825 = EDGE_CURVE ( 'NONE', #5321, #10271, #2200, .T. ) ;
#9826 = FACE_OUTER_BOUND ( 'NONE', #7589, .T. ) ;
#9827 = DIRECTION ( 'NONE',  ( 0.0000000000000000000, 0.0000000000000000000, 1.000000000000000000 ) ) ;
#9828 = ORIENTED_EDGE ( 'NONE', *, *, #9266, .T. ) ;
#9829 = EDGE_LOOP ( 'NONE', ( #3671, #5705, #6250, #2657 ) ) ;
#9830 = CARTESIAN_POINT ( 'NONE',  ( 0.2150000000000000500, 0.009999999999999993300, 0.3150000000000000000 ) ) ;
#9831 = DIRECTION ( 'NONE',  ( -1.000000000000000000, -0.0000000000000000000, -0.0000000000000000000 ) ) ;
#9832 = ORIENTED_EDGE ( 'NONE', *, *, #3977, .F. ) ;
#9833 = ORIENTED_EDGE ( 'NONE', *, *, #685, .F. ) ;
#9834 = CARTESIAN_POINT ( 'NONE',  ( 0.1150000000000000700, 0.09039861687269366800, 0.2536897542844667700 ) ) ;
#9835 = CARTESIAN_POINT ( 'NONE',  ( -0.2150000000000000000, -2.411709556906732200E-016, 0.2819175359259424900 ) ) ;
#9836 = LINE ( 'NONE', #10638, #7535 ) ;
#9837 = CARTESIAN_POINT ( 'NONE',  ( 0.2850000000000000900, 0.09249999999999998500, -0.2399999999999999100 ) ) ;
#9838 = DIRECTION ( 'NONE',  ( 0.0000000000000000000, -1.000000000000000000, 6.829619984160659800E-015 ) ) ;
#9839 = CIRCLE ( 'NONE', #6769, 0.01210138312730632000 ) ;
#9840 = AXIS2_PLACEMENT_3D ( 'NONE', #5502, #1385, #2923 ) ;
#9841 = ORIENTED_EDGE ( 'NONE', *, *, #5627, .F. ) ;
#9842 = EDGE_CURVE ( 'NONE', #7908, #2934, #1933, .T. ) ;
#9843 = ORIENTED_EDGE ( 'NONE', *, *, #2345, .F. ) ;
#9844 = ORIENTED_EDGE ( 'NONE', *, *, #3213, .T. ) ;
#9845 = ORIENTED_EDGE ( 'NONE', *, *, #10988, .T. ) ;
#9846 = DIRECTION ( 'NONE',  ( 0.0000000000000000000, -1.000000000000000000, 0.0000000000000000000 ) ) ;
#9847 = ORIENTED_EDGE ( 'NONE', *, *, #9997, .T. ) ;
#9848 = DIRECTION ( 'NONE',  ( 0.0000000000000000000, -1.000000000000000000, 0.0000000000000000000 ) ) ;
#9849 = CIRCLE ( 'NONE', #2620, 0.02750000000000001400 ) ;
#9850 = ORIENTED_EDGE ( 'NONE', *, *, #4894, .T. ) ;
#9851 = DIRECTION ( 'NONE',  ( -0.0000000000000000000, 1.000000000000000000, 7.193223902257864100E-015 ) ) ;
#9852 = VECTOR ( 'NONE', #4274, 39.37007874015748100 ) ;
#9853 = CARTESIAN_POINT ( 'NONE',  ( 0.2350000000000000400, 0.09076351822333045300, -0.2557592126802871200 ) ) ;
#9854 = ORIENTED_EDGE ( 'NONE', *, *, #5983, .F. ) ;
#9855 = VECTOR ( 'NONE', #71, 39.37007874015748100 ) ;
#9856 = ORIENTED_EDGE ( 'NONE', *, *, #5422, .F. ) ;
#9857 = CARTESIAN_POINT ( 'NONE',  ( -0.1649999999999999800, 0.009999999999999993300, 0.3150000000000000000 ) ) ;
#9858 = AXIS2_PLACEMENT_3D ( 'NONE', #9289, #8385, #10975 ) ;
#9859 = ORIENTED_EDGE ( 'NONE', *, *, #997, .T. ) ;
#9860 = ADVANCED_FACE ( 'NONE', ( #214 ), #7573, .F. ) ;
#9861 = STYLED_ITEM ( 'NONE', ( #10027 ), #9622 ) ;
#9862 = EDGE_CURVE ( 'NONE', #7729, #5945, #7980, .T. ) ;
#9863 = CARTESIAN_POINT ( 'NONE',  ( 0.2150000000000000500, 0.009999999999999759100, -0.2819175359259424300 ) ) ;
#9864 = CARTESIAN_POINT ( 'NONE',  ( 0.1350000000000000600, 0.09249999999999999900, -0.2536897542844667700 ) ) ;
#9865 = COLOUR_RGB ( '',0.2509803921568627400, 0.2509803921568627400, 0.2509803921568627400 ) ;
#9866 = CIRCLE ( 'NONE', #7290, 0.01210138312730635500 ) ;
#9867 = DIRECTION ( 'NONE',  ( 0.0000000000000000000, -1.000000000000000000, 6.829619984160659800E-015 ) ) ;
#9868 = VECTOR ( 'NONE', #2461, 39.37007874015748100 ) ;
#9869 = ADVANCED_FACE ( 'NONE', ( #11077 ), #10110, .F. ) ;
#9870 = CARTESIAN_POINT ( 'NONE',  ( -0.1149999999999999600, 0.1024999999999999800, -0.2399999999999999100 ) ) ;
#9871 = CARTESIAN_POINT ( 'NONE',  ( -0.2650000000000000100, -2.603792618961250900E-016, 0.2819175359259424900 ) ) ;
#9872 = ORIENTED_EDGE ( 'NONE', *, *, #3185, .T. ) ;
#9873 = VECTOR ( 'NONE', #6827, 39.37007874015748100 ) ;
#9874 = DIRECTION ( 'NONE',  ( -1.000000000000000000, -0.0000000000000000000, -0.0000000000000000000 ) ) ;
#9875 = AXIS2_PLACEMENT_3D ( 'NONE', #4233, #6722, #11091 ) ;
#9876 = CARTESIAN_POINT ( 'NONE',  ( -0.1649999999999999800, 0.009999999999999956800, -0.3150000000000000000 ) ) ;
#9877 = CARTESIAN_POINT ( 'NONE',  ( -0.2650000000000000100, 0.01000000000000000000, 0.2699999999999999600 ) ) ;
#9878 = VECTOR ( 'NONE', #2973, 39.37007874015748100 ) ;
#9879 = EDGE_CURVE ( 'NONE', #7349, #3419, #3675, .T. ) ;
#9880 = DIRECTION ( 'NONE',  ( -0.0000000000000000000, 1.000000000000000000, -0.0000000000000000000 ) ) ;
#9881 = AXIS2_PLACEMENT_3D ( 'NONE', #10199, #7698, #2549 ) ;
#9882 = ORIENTED_EDGE ( 'NONE', *, *, #4875, .T. ) ;
#9883 = ORIENTED_EDGE ( 'NONE', *, *, #9794, .F. ) ;
#9884 = DIRECTION ( 'NONE',  ( -1.000000000000000000, -0.0000000000000000000, -0.0000000000000000000 ) ) ;
#9885 = LINE ( 'NONE', #5459, #5549 ) ;
#9886 = EDGE_LOOP ( 'NONE', ( #8885, #1867, #2032, #3987 ) ) ;
#9887 = CARTESIAN_POINT ( 'NONE',  ( 0.03500000000000003800, 0.009999999999999993300, 0.3150000000000000000 ) ) ;
#9888 = LINE ( 'NONE', #1263, #6110 ) ;
#9889 = DIRECTION ( 'NONE',  ( -0.0000000000000000000, 0.9848077530122082400, -0.1736481776669296100 ) ) ;
#9890 = DIRECTION ( 'NONE',  ( -0.0000000000000000000, 0.9848077530122082400, -0.1736481776669296100 ) ) ;
#9891 = DIRECTION ( 'NONE',  ( -1.000000000000000000, -0.0000000000000000000, 0.0000000000000000000 ) ) ;
#9892 = ORIENTED_EDGE ( 'NONE', *, *, #8812, .T. ) ;
#9893 = EDGE_CURVE ( 'NONE', #441, #10517, #10797, .T. ) ;
#9894 = AXIS2_PLACEMENT_3D ( 'NONE', #9921, #5606, #2915 ) ;
#9895 = VERTEX_POINT ( 'NONE', #3160 ) ;
#9896 = VECTOR ( 'NONE', #8852, 39.37007874015748100 ) ;
#9897 = LINE ( 'NONE', #5946, #478 ) ;
#9898 = DIRECTION ( 'NONE',  ( -1.000000000000000000, -0.0000000000000000000, -0.0000000000000000000 ) ) ;
#9899 = CARTESIAN_POINT ( 'NONE',  ( -0.01499999999999994200, 0.09249999999999977700, 0.2656072902104091900 ) ) ;
#9900 = DIRECTION ( 'NONE',  ( -0.0000000000000000000, 1.000000000000000000, 0.0000000000000000000 ) ) ;
#9901 = ORIENTED_EDGE ( 'NONE', *, *, #7622, .T. ) ;
#9902 = ORIENTED_EDGE ( 'NONE', *, *, #43, .F. ) ;
#9903 = DIRECTION ( 'NONE',  ( -0.0000000000000000000, 1.000000000000000000, -0.0000000000000000000 ) ) ;
#9904 = CARTESIAN_POINT ( 'NONE',  ( -0.03499999999999993400, 0.01173648177666930900, 0.2798480775301220900 ) ) ;
#9905 = ORIENTED_EDGE ( 'NONE', *, *, #94, .F. ) ;
#9906 = LINE ( 'NONE', #187, #1549 ) ;
#9907 = VECTOR ( 'NONE', #570, 39.37007874015748100 ) ;
#9908 = VECTOR ( 'NONE', #5890, 39.37007874015748100 ) ;
#9909 = EDGE_CURVE ( 'NONE', #9821, #10641, #1924, .T. ) ;
#9910 = ORIENTED_EDGE ( 'NONE', *, *, #9032, .T. ) ;
#9911 = DIRECTION ( 'NONE',  ( 0.0000000000000000000, 0.0000000000000000000, 1.000000000000000000 ) ) ;
#9912 = SURFACE_STYLE_USAGE ( .BOTH. , #3871 ) ;
#9913 = EDGE_CURVE ( 'NONE', #5175, #984, #5541, .T. ) ;
#9914 = DIRECTION ( 'NONE',  ( 1.000000000000000000, 0.0000000000000000000, -0.0000000000000000000 ) ) ;
#9915 = EDGE_LOOP ( 'NONE', ( #3579, #1751, #2284, #2516 ) ) ;
#9916 = ADVANCED_FACE ( 'NONE', ( #8389 ), #3273, .F. ) ;
#9917 = ORIENTED_EDGE ( 'NONE', *, *, #1728, .T. ) ;
#9918 = COLOUR_RGB ( '',0.7921568627450980000, 0.8196078431372548800, 0.9333333333333333500 ) ;
#9919 = LINE ( 'NONE', #590, #5579 ) ;
#9920 = DIRECTION ( 'NONE',  ( 0.0000000000000000000, 0.0000000000000000000, 1.000000000000000000 ) ) ;
#9921 = CARTESIAN_POINT ( 'NONE',  ( 0.1850000000000000800, 0.09039861687269366800, 0.2536897542844667700 ) ) ;
#9922 = DIRECTION ( 'NONE',  ( -1.000000000000000000, -0.0000000000000000000, -0.0000000000000000000 ) ) ;
#9923 = ORIENTED_EDGE ( 'NONE', *, *, #8597, .F. ) ;
#9924 = VECTOR ( 'NONE', #823, 39.37007874015748100 ) ;
#9925 = ORIENTED_EDGE ( 'NONE', *, *, #8354, .T. ) ;
#9926 = PLANE ( 'NONE',  #3247 ) ;
#9927 = LINE ( 'NONE', #1515, #4254 ) ;
#9928 = EDGE_CURVE ( 'NONE', #10094, #9617, #2605, .T. ) ;
#9929 = VERTEX_POINT ( 'NONE', #2382 ) ;
#9930 = LINE ( 'NONE', #4947, #10853 ) ;
#9931 = ADVANCED_FACE ( 'NONE', ( #2729 ), #718, .T. ) ;
#9932 = DIRECTION ( 'NONE',  ( 0.0000000000000000000, 0.1736481776669296100, -0.9848077530122082400 ) ) ;
#9933 =( CONVERSION_BASED_UNIT ( 'INCH', #657 ) LENGTH_UNIT ( ) NAMED_UNIT ( #8728 ) );
#9934 = ORIENTED_EDGE ( 'NONE', *, *, #744, .F. ) ;
#9935 = EDGE_LOOP ( 'NONE', ( #7839, #2693, #91, #4335 ) ) ;
#9936 = EDGE_LOOP ( 'NONE', ( #8216, #500, #3386, #3042 ) ) ;
#9937 = LINE ( 'NONE', #1006, #9543 ) ;
#9938 = DIRECTION ( 'NONE',  ( -1.000000000000000000, -0.0000000000000000000, -0.0000000000000000000 ) ) ;
#9939 = DIRECTION ( 'NONE',  ( 0.0000000000000000000, 1.000000000000000000, 0.0000000000000000000 ) ) ;
#9940 = ORIENTED_EDGE ( 'NONE', *, *, #10311, .F. ) ;
#9941 = LINE ( 'NONE', #6814, #7491 ) ;
#9942 = AXIS2_PLACEMENT_3D ( 'NONE', #6665, #8449, #9321 ) ;
#9943 = DIRECTION ( 'NONE',  ( -1.000000000000000000, -0.0000000000000000000, 0.0000000000000000000 ) ) ;
#9944 = EDGE_CURVE ( 'NONE', #2545, #4531, #9064, .T. ) ;
#9945 = AXIS2_PLACEMENT_3D ( 'NONE', #2279, #2354, #4832 ) ;
#9946 = ORIENTED_EDGE ( 'NONE', *, *, #4604, .F. ) ;
#9947 = ORIENTED_EDGE ( 'NONE', *, *, #7999, .T. ) ;
#9948 = FACE_OUTER_BOUND ( 'NONE', #7241, .T. ) ;
#9949 = CARTESIAN_POINT ( 'NONE',  ( -0.2150000000000000000, 0.1024999999999999800, 0.2399999999999999100 ) ) ;
#9950 = CARTESIAN_POINT ( 'NONE',  ( -0.01499999999999994200, 0.01210138312730608600, 0.2819175359259424300 ) ) ;
#9951 = LINE ( 'NONE', #4307, #9811 ) ;
#9952 = DIRECTION ( 'NONE',  ( 0.0000000000000000000, -1.000000000000000000, 0.0000000000000000000 ) ) ;
#9953 = DIRECTION ( 'NONE',  ( -0.0000000000000000000, 1.000000000000000000, 0.0000000000000000000 ) ) ;
#9954 =( NAMED_UNIT ( * ) SI_UNIT ( $, .STERADIAN. ) SOLID_ANGLE_UNIT ( ) );
#9955 = CARTESIAN_POINT ( 'NONE',  ( -0.06499999999999996100, 0.09039861687269366800, 0.2536897542844667700 ) ) ;
#9956 = DIRECTION ( 'NONE',  ( 0.0000000000000000000, -1.000000000000000000, 7.225480511685028100E-015 ) ) ;
#9957 = VERTEX_POINT ( 'NONE', #4188 ) ;
#9958 = ORIENTED_EDGE ( 'NONE', *, *, #5757, .F. ) ;
#9959 = EDGE_CURVE ( 'NONE', #6503, #9342, #4204, .T. ) ;
#9960 = CARTESIAN_POINT ( 'NONE',  ( -0.1849999999999999700, -2.411709556906732200E-016, -0.2819175359259424900 ) ) ;
#9961 = EDGE_CURVE ( 'NONE', #4916, #456, #3930, .T. ) ;
#9962 = FACE_OUTER_BOUND ( 'NONE', #7489, .T. ) ;
#9963 = CARTESIAN_POINT ( 'NONE',  ( 0.2850000000000000900, 0.09039861687269366800, -0.2536897542844667700 ) ) ;
#9964 = DIRECTION ( 'NONE',  ( 0.0000000000000000000, -1.000000000000000000, 0.0000000000000000000 ) ) ;
#9965 = CARTESIAN_POINT ( 'NONE',  ( 0.2650000000000000700, 0.09076351822333045300, 0.2557592126802870600 ) ) ;
#9966 = CARTESIAN_POINT ( 'NONE',  ( 0.01500000000000004500, 0.009999999999999993300, 0.3150000000000000000 ) ) ;
#9967 = ORIENTED_EDGE ( 'NONE', *, *, #3992, .F. ) ;
#9968 = ORIENTED_EDGE ( 'NONE', *, *, #9296, .F. ) ;
#9969 = EDGE_LOOP ( 'NONE', ( #5631, #1382, #605, #10526 ) ) ;
#9970 = FACE_OUTER_BOUND ( 'NONE', #604, .T. ) ;
#9971 = ADVANCED_FACE ( 'NONE', ( #5005 ), #10270, .T. ) ;
#9972 = ORIENTED_EDGE ( 'NONE', *, *, #4746, .T. ) ;
#9973 = ORIENTED_EDGE ( 'NONE', *, *, #2001, .T. ) ;
#9974 = DIRECTION ( 'NONE',  ( -1.000000000000000000, -0.0000000000000000000, -0.0000000000000000000 ) ) ;
#9975 = EDGE_CURVE ( 'NONE', #4691, #3624, #8931, .T. ) ;
#9976 = EDGE_LOOP ( 'NONE', ( #3835, #1548, #2837, #10399, #5600, #9614, #870, #8350, #8486, #7811, #1490, #9432 ) ) ;
#9977 = DIRECTION ( 'NONE',  ( -1.000000000000000000, -0.0000000000000000000, -0.0000000000000000000 ) ) ;
#9978 = VERTEX_POINT ( 'NONE', #10303 ) ;
#9979 = ORIENTED_EDGE ( 'NONE', *, *, #851, .T. ) ;
#9980 = EDGE_CURVE ( 'NONE', #5231, #3314, #457, .T. ) ;
#9981 = DIRECTION ( 'NONE',  ( -0.0000000000000000000, 0.1736481776669296100, 0.9848077530122082400 ) ) ;
#9982 = FACE_OUTER_BOUND ( 'NONE', #9629, .T. ) ;
#9983 = ORIENTED_EDGE ( 'NONE', *, *, #3079, .F. ) ;
#9984 = CIRCLE ( 'NONE', #9875, 0.002101383127306324400 ) ;
#9985 = ADVANCED_FACE ( 'NONE', ( #5808 ), #9435, .F. ) ;
#9986 = VERTEX_POINT ( 'NONE', #8683 ) ;
#9987 = DIRECTION ( 'NONE',  ( -1.000000000000000000, -0.0000000000000000000, 0.0000000000000000000 ) ) ;
#9988 = DIRECTION ( 'NONE',  ( -0.0000000000000000000, -7.193223902257864100E-015, -1.000000000000000000 ) ) ;
#9989 = EDGE_LOOP ( 'NONE', ( #4203, #4525, #4082, #4085, #10102, #5724, #539, #3023, #11023, #6539, #10848, #7060 ) ) ;
#9990 = ORIENTED_EDGE ( 'NONE', *, *, #316, .T. ) ;
#9991 = CARTESIAN_POINT ( 'NONE',  ( -0.2849999999999999800, 0.01173648177666930000, -0.2798480775301220900 ) ) ;
#9992 = PLANE ( 'NONE',  #2312 ) ;
#9993 = ORIENTED_EDGE ( 'NONE', *, *, #486, .F. ) ;
#9994 = CARTESIAN_POINT ( 'NONE',  ( 0.03500000000000003800, 0.09249999999999974900, -0.2656072902104091300 ) ) ;
#9995 = AXIS2_PLACEMENT_3D ( 'NONE', #2060, #1204, #3746 ) ;
#9996 = CARTESIAN_POINT ( 'NONE',  ( -0.1149999999999999600, 0.01173648177666930900, 0.2798480775301220900 ) ) ;
#9997 = EDGE_CURVE ( 'NONE', #7450, #5747, #7570, .T. ) ;
#9998 = VERTEX_POINT ( 'NONE', #5081 ) ;
#9999 = LINE ( 'NONE', #8935, #1378 ) ;
#10000 = VECTOR ( 'NONE', #10554, 39.37007874015748100 ) ;
#10001 = CARTESIAN_POINT ( 'NONE',  ( 0.06500000000000005800, 0.009999999999999753900, 0.2819175359259424300 ) ) ;
#10002 = EDGE_LOOP ( 'NONE', ( #1201, #3463, #4550, #9828 ) ) ;
#10003 = DIRECTION ( 'NONE',  ( 0.0000000000000000000, 0.0000000000000000000, 1.000000000000000000 ) ) ;
#10004 = CARTESIAN_POINT ( 'NONE',  ( -0.1649999999999999800, 0.09249999999999977700, 0.2656072902104091900 ) ) ;
#10005 = CYLINDRICAL_SURFACE ( 'NONE', #78, 0.01210138312730635500 ) ;
#10006 =( NAMED_UNIT ( * ) PLANE_ANGLE_UNIT ( ) SI_UNIT ( $, .RADIAN. ) );
#10007 = DIRECTION ( 'NONE',  ( 1.000000000000000000, 0.0000000000000000000, 0.0000000000000000000 ) ) ;
#10008 = CARTESIAN_POINT ( 'NONE',  ( -0.1649999999999999800, 0.09249999999999974900, -0.2656072902104091300 ) ) ;
#10009 = LINE ( 'NONE', #9871, #7703 ) ;
#10010 = CARTESIAN_POINT ( 'NONE',  ( 0.1850000000000000800, 0.01210138312730608600, 0.2819175359259424300 ) ) ;
#10011 = EDGE_CURVE ( 'NONE', #693, #2543, #4347, .T. ) ;
#10012 = CARTESIAN_POINT ( 'NONE',  ( -0.2650000000000000100, 0.09076351822333045300, -0.2557592126802871200 ) ) ;
#10013 = CARTESIAN_POINT ( 'NONE',  ( 0.2350000000000000400, 0.009999999999999993300, 0.3150000000000000000 ) ) ;
#10014 = PLANE ( 'NONE',  #2081 ) ;
#10015 = DIRECTION ( 'NONE',  ( 0.0000000000000000000, 7.193223902257864100E-015, -1.000000000000000000 ) ) ;
#10016 = ORIENTED_EDGE ( 'NONE', *, *, #1928, .T. ) ;
#10017 = LINE ( 'NONE', #3024, #10296 ) ;
#10018 = SURFACE_SIDE_STYLE ('',( #5181 ) ) ;
#10019 = DIRECTION ( 'NONE',  ( 0.0000000000000000000, 0.0000000000000000000, 1.000000000000000000 ) ) ;
#10020 = ORIENTED_EDGE ( 'NONE', *, *, #8933, .F. ) ;
#10021 = VECTOR ( 'NONE', #9748, 39.37007874015748100 ) ;
#10022 = ORIENTED_EDGE ( 'NONE', *, *, #6856, .F. ) ;
#10023 = CARTESIAN_POINT ( 'NONE',  ( -0.2650000000000000100, 0.009999999999999993300, 0.3150000000000000000 ) ) ;
#10024 = CARTESIAN_POINT ( 'NONE',  ( -0.1649999999999999800, 0.09249999999999998500, -0.2399999999999999100 ) ) ;
#10025 = ORIENTED_EDGE ( 'NONE', *, *, #2296, .F. ) ;
#10026 = CARTESIAN_POINT ( 'NONE',  ( 0.1650000000000000900, 0.01210138312730608600, -0.2819175359259424300 ) ) ;
#10027 = PRESENTATION_STYLE_ASSIGNMENT (( #7132 ) ) ;
#10028 = EDGE_CURVE ( 'NONE', #1669, #3000, #3260, .T. ) ;
#10029 = ADVANCED_FACE ( 'NONE', ( #5949 ), #120, .F. ) ;
#10030 = VECTOR ( 'NONE', #5863, 39.37007874015748900 ) ;
#10031 = ORIENTED_EDGE ( 'NONE', *, *, #10195, .T. ) ;
#10032 = CARTESIAN_POINT ( 'NONE',  ( 0.03500000000000003800, 0.01000000000000000400, -0.2700000000000000200 ) ) ;
#10033 = PLANE ( 'NONE',  #10672 ) ;
#10034 = DIRECTION ( 'NONE',  ( -0.0000000000000000000, -5.999729353452747400E-015, 1.000000000000000000 ) ) ;
#10035 = VERTEX_POINT ( 'NONE', #1706 ) ;
#10036 = CARTESIAN_POINT ( 'NONE',  ( -0.1149999999999999600, 0.09039861687269366800, -0.2536897542844667700 ) ) ;
#10037 = CIRCLE ( 'NONE', #3617, 0.002101383127306358700 ) ;
#10038 = ADVANCED_FACE ( 'NONE', ( #3544 ), #1786, .F. ) ;
#10039 = CARTESIAN_POINT ( 'NONE',  ( 0.08500000000000004800, 0.09039861687269366800, 0.2536897542844667700 ) ) ;
#10040 = EDGE_CURVE ( 'NONE', #7339, #9565, #8523, .T. ) ;
#10041 = PRESENTATION_LAYER_ASSIGNMENT (  '', '', ( #1894 ) ) ;
#10042 = ORIENTED_EDGE ( 'NONE', *, *, #4316, .F. ) ;
#10043 = ORIENTED_EDGE ( 'NONE', *, *, #851, .F. ) ;
#10044 = EDGE_CURVE ( 'NONE', #4181, #10743, #1516, .T. ) ;
#10045 = ORIENTED_EDGE ( 'NONE', *, *, #10954, .F. ) ;
#10046 = LINE ( 'NONE', #2488, #3155 ) ;
#10047 = DIRECTION ( 'NONE',  ( -0.0000000000000000000, 0.1736481776669296100, 0.9848077530122082400 ) ) ;
#10048 = LINE ( 'NONE', #9457, #9908 ) ;
#10049 = DIRECTION ( 'NONE',  ( 0.0000000000000000000, 7.193223902257864100E-015, -1.000000000000000000 ) ) ;
#10050 = CARTESIAN_POINT ( 'NONE',  ( 0.1850000000000000800, -2.411709556906732200E-016, -0.2819175359259424900 ) ) ;
#10051 = CARTESIAN_POINT ( 'NONE',  ( 0.03500000000000003800, 0.09076351822333045300, 0.2557592126802871200 ) ) ;
#10052 = EDGE_LOOP ( 'NONE', ( #9910, #2674, #4837, #6026 ) ) ;
#10053 = CIRCLE ( 'NONE', #10368, 0.01210138312730635500 ) ;
#10054 = ORIENTED_EDGE ( 'NONE', *, *, #4282, .T. ) ;
#10055 = CIRCLE ( 'NONE', #10092, 0.002101383127306358700 ) ;
#10056 = PRESENTATION_LAYER_ASSIGNMENT (  '', '', ( #3493 ) ) ;
#10057 = CARTESIAN_POINT ( 'NONE',  ( 0.2850000000000000900, 0.09249999999999998500, 0.2536897542844667700 ) ) ;
#10058 = EDGE_CURVE ( 'NONE', #3853, #1764, #3001, .T. ) ;
#10059 = SURFACE_SIDE_STYLE ('',( #8917 ) ) ;
#10060 = CARTESIAN_POINT ( 'NONE',  ( -0.03499999999999993400, 0.01000000000000000400, -0.2700000000000000200 ) ) ;
#10061 = ORIENTED_EDGE ( 'NONE', *, *, #2748, .F. ) ;
#10062 = EDGE_LOOP ( 'NONE', ( #1042, #2713, #4564, #5837 ) ) ;
#10063 = LINE ( 'NONE', #6744, #125 ) ;
#10064 = CARTESIAN_POINT ( 'NONE',  ( 0.1350000000000000600, 0.01210138312730608600, 0.2819175359259424300 ) ) ;
#10065 = ORIENTED_EDGE ( 'NONE', *, *, #4909, .T. ) ;
#10066 = CIRCLE ( 'NONE', #6091, 0.002101383127306358700 ) ;
#10067 = CIRCLE ( 'NONE', #7399, 0.002101383127306358700 ) ;
#10068 = DIRECTION ( 'NONE',  ( 0.0000000000000000000, 1.000000000000000000, 0.0000000000000000000 ) ) ;
#10069 = AXIS2_PLACEMENT_3D ( 'NONE', #3427, #5974, #839 ) ;
#10070 = AXIS2_PLACEMENT_3D ( 'NONE', #9006, #9046, #8209 ) ;
#10071 = DIRECTION ( 'NONE',  ( -1.000000000000000000, -0.0000000000000000000, -0.0000000000000000000 ) ) ;
#10072 = ORIENTED_EDGE ( 'NONE', *, *, #65, .F. ) ;
#10073 = ORIENTED_EDGE ( 'NONE', *, *, #5983, .T. ) ;
#10074 = EDGE_CURVE ( 'NONE', #3460, #4504, #7851, .T. ) ;
#10075 = LINE ( 'NONE', #3594, #3862 ) ;
#10076 = ORIENTED_EDGE ( 'NONE', *, *, #6555, .F. ) ;
#10077 = CARTESIAN_POINT ( 'NONE',  ( 0.08500000000000004800, 0.01000000000000000400, -0.2700000000000000200 ) ) ;
#10078 = VERTEX_POINT ( 'NONE', #9729 ) ;
#10079 = VECTOR ( 'NONE', #6210, 39.37007874015748100 ) ;
#10080 = ADVANCED_FACE ( 'NONE', ( #10557 ), #1075, .F. ) ;
#10081 =( NAMED_UNIT ( * ) PLANE_ANGLE_UNIT ( ) SI_UNIT ( $, .RADIAN. ) );
#10082 = CARTESIAN_POINT ( 'NONE',  ( -0.1149999999999999600, 0.09039861687269366800, -0.2536897542844667700 ) ) ;
#10083 = ORIENTED_EDGE ( 'NONE', *, *, #5024, .T. ) ;
#10084 = ORIENTED_EDGE ( 'NONE', *, *, #7585, .T. ) ;
#10085 = ORIENTED_EDGE ( 'NONE', *, *, #7999, .F. ) ;
#10086 = LINE ( 'NONE', #589, #792 ) ;
#10087 = DIRECTION ( 'NONE',  ( -1.000000000000000000, -0.0000000000000000000, -0.0000000000000000000 ) ) ;
#10088 = AXIS2_PLACEMENT_3D ( 'NONE', #4260, #3272, #7720 ) ;
#10089 = AXIS2_PLACEMENT_3D ( 'NONE', #1354, #2141, #2811 ) ;
#10090 = PLANE ( 'NONE',  #9555 ) ;
#10091 = EDGE_CURVE ( 'NONE', #445, #6948, #3802, .T. ) ;
#10092 = AXIS2_PLACEMENT_3D ( 'NONE', #10010, #3973, #7426 ) ;
#10093 = ADVANCED_FACE ( 'NONE', ( #8677 ), #225, .F. ) ;
#10094 = VERTEX_POINT ( 'NONE', #7801 ) ;
#10095 = ORIENTED_EDGE ( 'NONE', *, *, #1328, .T. ) ;
#10096 = CARTESIAN_POINT ( 'NONE',  ( -0.03499999999999993400, 0.1024999999999999800, -0.2399999999999999100 ) ) ;
#10097 = CIRCLE ( 'NONE', #2188, 0.002101383127306358700 ) ;
#10098 = VERTEX_POINT ( 'NONE', #8750 ) ;
#10099 = DIRECTION ( 'NONE',  ( 0.0000000000000000000, 7.193223902257864100E-015, -1.000000000000000000 ) ) ;
#10100 = VECTOR ( 'NONE', #367, 39.37007874015748100 ) ;
#10101 = DIRECTION ( 'NONE',  ( -1.000000000000000000, -0.0000000000000000000, 0.0000000000000000000 ) ) ;
#10102 = ORIENTED_EDGE ( 'NONE', *, *, #2654, .T. ) ;
#10103 = SURFACE_SIDE_STYLE ('',( #8831 ) ) ;
#10104 = ORIENTED_EDGE ( 'NONE', *, *, #10925, .T. ) ;
#10105 = VERTEX_POINT ( 'NONE', #9586 ) ;
#10106 = CARTESIAN_POINT ( 'NONE',  ( -0.2849999999999999800, 0.09039861687269366800, -0.2536897542844667700 ) ) ;
#10107 = ORIENTED_EDGE ( 'NONE', *, *, #9944, .F. ) ;
#10108 = EDGE_CURVE ( 'NONE', #2285, #1682, #7298, .T. ) ;
#10109 = AXIS2_PLACEMENT_3D ( 'NONE', #1227, #4533, #8163 ) ;
#10110 = PLANE ( 'NONE',  #9942 ) ;
#10111 = DIRECTION ( 'NONE',  ( 0.0000000000000000000, -6.829619984160661400E-015, -1.000000000000000000 ) ) ;
#10112 = LINE ( 'NONE', #8619, #6335 ) ;
#10113 = ORIENTED_EDGE ( 'NONE', *, *, #6572, .F. ) ;
#10114 = CARTESIAN_POINT ( 'NONE',  ( 0.1650000000000000900, 0.09249999999999974900, -0.2656072902104091300 ) ) ;
#10115 = VECTOR ( 'NONE', #10116, 39.37007874015748100 ) ;
#10116 = DIRECTION ( 'NONE',  ( -1.000000000000000000, -0.0000000000000000000, -0.0000000000000000000 ) ) ;
#10117 = ORIENTED_EDGE ( 'NONE', *, *, #9131, .F. ) ;
#10118 = ORIENTED_EDGE ( 'NONE', *, *, #1633, .T. ) ;
#10119 = ORIENTED_EDGE ( 'NONE', *, *, #1966, .F. ) ;
#10120 = VERTEX_POINT ( 'NONE', #10449 ) ;
#10121 = DIRECTION ( 'NONE',  ( 0.0000000000000000000, -1.000000000000000000, 0.0000000000000000000 ) ) ;
#10122 = CARTESIAN_POINT ( 'NONE',  ( 0.1850000000000000800, 0.09249999999999998500, -0.2399999999999999100 ) ) ;
#10123 = LINE ( 'NONE', #10222, #5377 ) ;
#10124 = CARTESIAN_POINT ( 'NONE',  ( -0.06499999999999996100, 0.09249999999999998500, -0.2399999999999999100 ) ) ;
#10125 = DIRECTION ( 'NONE',  ( 0.0000000000000000000, 5.999729353452748200E-015, -1.000000000000000000 ) ) ;
#10126 = VECTOR ( 'NONE', #7584, 39.37007874015748100 ) ;
#10127 = EDGE_CURVE ( 'NONE', #2198, #6238, #10423, .T. ) ;
#10128 = CARTESIAN_POINT ( 'NONE',  ( -0.01499999999999994200, -2.411709556906732200E-016, 0.2819175359259424900 ) ) ;
#10129 = DIRECTION ( 'NONE',  ( -1.000000000000000000, -0.0000000000000000000, -0.0000000000000000000 ) ) ;
#10130 = AXIS2_PLACEMENT_3D ( 'NONE', #1735, #9497, #8676 ) ;
#10131 = LENGTH_MEASURE_WITH_UNIT ( LENGTH_MEASURE( 0.02539999999999999900 ), #10870 );
#10132 = EDGE_CURVE ( 'NONE', #5574, #7649, #6098, .T. ) ;
#10133 = LINE ( 'NONE', #8473, #9467 ) ;
#10134 = ORIENTED_EDGE ( 'NONE', *, *, #7663, .F. ) ;
#10135 = VERTEX_POINT ( 'NONE', #5336 ) ;
#10136 = LINE ( 'NONE', #10667, #7840 ) ;
#10137 = CARTESIAN_POINT ( 'NONE',  ( 0.08500000000000004800, 0.1024999999999999800, 0.2399999999999999100 ) ) ;
#10138 = SURFACE_SIDE_STYLE ('',( #2712 ) ) ;
#10139 = LINE ( 'NONE', #932, #5941 ) ;
#10140 = ADVANCED_FACE ( 'NONE', ( #9337 ), #10597, .F. ) ;
#10141 = CARTESIAN_POINT ( 'NONE',  ( 0.08500000000000004800, 0.009999999999999956800, -0.3150000000000000000 ) ) ;
#10142 = AXIS2_PLACEMENT_3D ( 'NONE', #7479, #9221, #9187 ) ;
#10143 = STYLED_ITEM ( 'NONE', ( #6823 ), #8442 ) ;
#10144 = CIRCLE ( 'NONE', #1229, 0.01210138312730632000 ) ;
#10145 = EDGE_CURVE ( 'NONE', #5147, #6970, #8108, .T. ) ;
#10146 = ORIENTED_EDGE ( 'NONE', *, *, #43, .T. ) ;
#10147 = ORIENTED_EDGE ( 'NONE', *, *, #5146, .T. ) ;
#10148 = DIRECTION ( 'NONE',  ( -1.000000000000000000, -0.0000000000000000000, -0.0000000000000000000 ) ) ;
#10149 = VECTOR ( 'NONE', #2814, 39.37007874015748100 ) ;
#10150 = DIRECTION ( 'NONE',  ( -0.0000000000000000000, 1.000000000000000000, 6.829619984160684300E-015 ) ) ;
#10151 = CARTESIAN_POINT ( 'NONE',  ( 0.1350000000000000600, 0.1024999999999999900, 0.2536897542844667700 ) ) ;
#10152 = ADVANCED_FACE ( 'NONE', ( #331 ), #1793, .T. ) ;
#10153 =( CONVERSION_BASED_UNIT ( 'INCH', #11149 ) LENGTH_UNIT ( ) NAMED_UNIT ( #3469 ) );
#10154 = LINE ( 'NONE', #9320, #1659 ) ;
#10155 = ORIENTED_EDGE ( 'NONE', *, *, #7109, .F. ) ;
#10156 = CYLINDRICAL_SURFACE ( 'NONE', #5158, 0.002101383127306358700 ) ;
#10157 = AXIS2_PLACEMENT_3D ( 'NONE', #7936, #6290, #158 ) ;
#10158 = VECTOR ( 'NONE', #10181, 39.37007874015748100 ) ;
#10159 = CARTESIAN_POINT ( 'NONE',  ( 0.1150000000000000700, 0.1024999999999999800, -0.2399999999999999100 ) ) ;
#10160 = CARTESIAN_POINT ( 'NONE',  ( 0.08500000000000004800, 0.009999999999999753900, 0.2819175359259424300 ) ) ;
#10161 = EDGE_CURVE ( 'NONE', #5368, #8278, #9198, .T. ) ;
#10162 = AXIS2_PLACEMENT_3D ( 'NONE', #5244, #5313, #7821 ) ;
#10163 = DIRECTION ( 'NONE',  ( 0.0000000000000000000, 7.225480511685028100E-015, 1.000000000000000000 ) ) ;
#10164 = DIRECTION ( 'NONE',  ( 1.000000000000000000, 0.0000000000000000000, 0.0000000000000000000 ) ) ;
#10165 = ORIENTED_EDGE ( 'NONE', *, *, #3773, .F. ) ;
#10166 = ORIENTED_EDGE ( 'NONE', *, *, #2186, .F. ) ;
#10167 = MANIFOLD_SOLID_BREP ( 'Pin 4', #1626 ) ;
#10168 = ORIENTED_EDGE ( 'NONE', *, *, #597, .T. ) ;
#10169 = LINE ( 'NONE', #10339, #3278 ) ;
#10170 = CARTESIAN_POINT ( 'NONE',  ( 0.1150000000000000700, 0.09249999999999998500, -0.2399999999999999100 ) ) ;
#10171 = DIRECTION ( 'NONE',  ( 0.0000000000000000000, 0.0000000000000000000, 1.000000000000000000 ) ) ;
#10172 = EDGE_CURVE ( 'NONE', #6336, #655, #10009, .T. ) ;
#10173 = CARTESIAN_POINT ( 'NONE',  ( 0.06500000000000005800, 0.1024999999999999900, 0.2536897542844667700 ) ) ;
#10174 = ORIENTED_EDGE ( 'NONE', *, *, #2380, .T. ) ;
#10175 = EDGE_CURVE ( 'NONE', #389, #10662, #575, .T. ) ;
#10176 = DIRECTION ( 'NONE',  ( -0.0000000000000000000, 0.9848077530122080200, 0.1736481776669304100 ) ) ;
#10177 = AXIS2_PLACEMENT_3D ( 'NONE', #8692, #6036, #5306 ) ;
#10178 = VERTEX_POINT ( 'NONE', #7038 ) ;
#10179 = VECTOR ( 'NONE', #4134, 39.37007874015748100 ) ;
#10180 = LINE ( 'NONE', #1039, #9232 ) ;
#10181 = DIRECTION ( 'NONE',  ( -1.000000000000000000, -0.0000000000000000000, -0.0000000000000000000 ) ) ;
#10182 = FACE_OUTER_BOUND ( 'NONE', #9577, .T. ) ;
#10183 = CARTESIAN_POINT ( 'NONE',  ( 0.01500000000000004500, 0.1024999999999999800, -0.2399999999999999100 ) ) ;
#10184 = CARTESIAN_POINT ( 'NONE',  ( -0.1849999999999999700, 0.09249999999999999900, -0.2536897542844667700 ) ) ;
#10185 = CARTESIAN_POINT ( 'NONE',  ( 0.2350000000000000400, 0.1024999999999999800, 0.2399999999999999100 ) ) ;
#10186 = ORIENTED_EDGE ( 'NONE', *, *, #8167, .F. ) ;
#10187 = DIRECTION ( 'NONE',  ( 0.0000000000000000000, 1.000000000000000000, -6.829619984160661400E-015 ) ) ;
#10188 = VERTEX_POINT ( 'NONE', #4591 ) ;
#10189 = DIRECTION ( 'NONE',  ( -1.000000000000000000, -0.0000000000000000000, -0.0000000000000000000 ) ) ;
#10190 = FACE_OUTER_BOUND ( 'NONE', #3765, .T. ) ;
#10191 = EDGE_LOOP ( 'NONE', ( #6396, #9627, #6457, #6703, #1276, #7207, #4566, #1246, #464, #5312, #2106, #9129 ) ) ;
#10192 = CIRCLE ( 'NONE', #2298, 0.002101383127306324400 ) ;
#10193 = EDGE_CURVE ( 'NONE', #9226, #4615, #853, .T. ) ;
#10194 = AXIS2_PLACEMENT_3D ( 'NONE', #162, #1079, #6252 ) ;
#10195 = EDGE_CURVE ( 'NONE', #4402, #3507, #5798, .T. ) ;
#10196 = ADVANCED_FACE ( 'NONE', ( #7560 ), #9472, .T. ) ;
#10197 = ORIENTED_EDGE ( 'NONE', *, *, #4197, .F. ) ;
#10198 = DIRECTION ( 'NONE',  ( -1.000000000000000000, -0.0000000000000000000, 0.0000000000000000000 ) ) ;
#10199 = CARTESIAN_POINT ( 'NONE',  ( -0.1149999999999999600, 0.09039861687269366800, -0.2536897542844667700 ) ) ;
#10200 = LINE ( 'NONE', #7565, #7895 ) ;
#10201 = ORIENTED_EDGE ( 'NONE', *, *, #4975, .F. ) ;
#10202 = DIRECTION ( 'NONE',  ( 0.0000000000000000000, 0.1736481776669296100, -0.9848077530122082400 ) ) ;
#10203 = DIRECTION ( 'NONE',  ( -0.0000000000000000000, 1.000000000000000000, 6.829619984160684300E-015 ) ) ;
#10204 = ORIENTED_EDGE ( 'NONE', *, *, #1581, .T. ) ;
#10205 = CIRCLE ( 'NONE', #10578, 0.002101383127306358700 ) ;
#10206 = VERTEX_POINT ( 'NONE', #6430 ) ;
#10207 = LINE ( 'NONE', #10122, #9110 ) ;
#10208 = DIRECTION ( 'NONE',  ( 1.000000000000000000, -0.0000000000000000000, -5.938799986226660200E-016 ) ) ;
#10209 = FILL_AREA_STYLE ('',( #5806 ) ) ;
#10210 = CARTESIAN_POINT ( 'NONE',  ( 0.01500000000000004500, 0.09249999999999998500, 0.2399999999999999100 ) ) ;
#10211 = CARTESIAN_POINT ( 'NONE',  ( -0.2150000000000000000, 0.009999999999999956800, -0.3150000000000000000 ) ) ;
#10212 = ORIENTED_EDGE ( 'NONE', *, *, #3054, .F. ) ;
#10213 = ORIENTED_EDGE ( 'NONE', *, *, #9178, .T. ) ;
#10214 = ADVANCED_FACE ( 'NONE', ( #7971 ), #6329, .F. ) ;
#10215 = LINE ( 'NONE', #7806, #3051 ) ;
#10216 = AXIS2_PLACEMENT_3D ( 'NONE', #8482, #9228, #3153 ) ;
#10217 = ORIENTED_EDGE ( 'NONE', *, *, #6201, .F. ) ;
#10218 = DIRECTION ( 'NONE',  ( 0.0000000000000000000, 0.0000000000000000000, -1.000000000000000000 ) ) ;
#10219 = EDGE_CURVE ( 'NONE', #2970, #3507, #10136, .T. ) ;
#10220 = VECTOR ( 'NONE', #6980, 39.37007874015748100 ) ;
#10221 = CARTESIAN_POINT ( 'NONE',  ( -0.2349999999999999900, 0.01000000000000000000, 0.2699999999999999600 ) ) ;
#10222 = CARTESIAN_POINT ( 'NONE',  ( -0.01499999999999994200, 0.01173648177666930900, 0.2798480775301220900 ) ) ;
#10223 = EDGE_LOOP ( 'NONE', ( #387, #1977, #1033, #1062 ) ) ;
#10224 = VERTEX_POINT ( 'NONE', #5554 ) ;
#10225 = CIRCLE ( 'NONE', #5210, 0.002101383127306358700 ) ;
#10226 = ORIENTED_EDGE ( 'NONE', *, *, #10, .F. ) ;
#10227 = CIRCLE ( 'NONE', #3379, 0.02750000000000001400 ) ;
#10228 = CARTESIAN_POINT ( 'NONE',  ( -0.01499999999999994200, 0.1024999999999999800, -0.2399999999999999100 ) ) ;
#10229 = DIRECTION ( 'NONE',  ( 0.0000000000000000000, -0.0000000000000000000, -1.000000000000000000 ) ) ;
#10230 = DIRECTION ( 'NONE',  ( 0.0000000000000000000, -7.193223902257864100E-015, 1.000000000000000000 ) ) ;
#10231 = AXIS2_PLACEMENT_3D ( 'NONE', #10723, #5544, #3791 ) ;
#10232 = DIRECTION ( 'NONE',  ( 0.0000000000000000000, 1.000000000000000000, 0.0000000000000000000 ) ) ;
#10233 = EDGE_CURVE ( 'NONE', #2400, #3371, #5403, .T. ) ;
#10234 = CARTESIAN_POINT ( 'NONE',  ( 0.03500000000000003800, 0.09076351822333045300, -0.2557592126802871200 ) ) ;
#10235 = ORIENTED_EDGE ( 'NONE', *, *, #446, .F. ) ;
#10236 = ORIENTED_EDGE ( 'NONE', *, *, #5194, .T. ) ;
#10237 = LINE ( 'NONE', #10619, #7371 ) ;
#10238 = ORIENTED_EDGE ( 'NONE', *, *, #7289, .T. ) ;
#10239 = LINE ( 'NONE', #3678, #2150 ) ;
#10240 = CARTESIAN_POINT ( 'NONE',  ( -0.2150000000000000000, 0.1024999999999999800, -0.2399999999999999100 ) ) ;
#10241 = DIRECTION ( 'NONE',  ( -1.000000000000000000, -0.0000000000000000000, -0.0000000000000000000 ) ) ;
#10242 = DIRECTION ( 'NONE',  ( -0.0000000000000000000, 0.0000000000000000000, 1.000000000000000000 ) ) ;
#10243 = DIRECTION ( 'NONE',  ( -1.000000000000000000, -0.0000000000000000000, -0.0000000000000000000 ) ) ;
#10244 = ORIENTED_EDGE ( 'NONE', *, *, #3616, .T. ) ;
#10245 = DIRECTION ( 'NONE',  ( 0.0000000000000000000, -6.829619984160661400E-015, -1.000000000000000000 ) ) ;
#10246 = DIRECTION ( 'NONE',  ( -1.000000000000000000, -0.0000000000000000000, -0.0000000000000000000 ) ) ;
#10247 = ORIENTED_EDGE ( 'NONE', *, *, #6222, .T. ) ;
#10248 = ORIENTED_EDGE ( 'NONE', *, *, #832, .T. ) ;
#10249 = VERTEX_POINT ( 'NONE', #2980 ) ;
#10250 = CARTESIAN_POINT ( 'NONE',  ( -0.2849999999999999800, 0.09249999999999974900, -0.2656072902104091300 ) ) ;
#10251 = EDGE_CURVE ( 'NONE', #10753, #9019, #1509, .T. ) ;
#10252 = LINE ( 'NONE', #4120, #10646 ) ;
#10253 = CARTESIAN_POINT ( 'NONE',  ( 0.3450000000000001400, 0.1024999999999999800, 0.2399999999999999100 ) ) ;
#10254 = CARTESIAN_POINT ( 'NONE',  ( 0.3450000000000001400, 0.1024999999999999800, 0.2399999999999999100 ) ) ;
#10255 = ORIENTED_EDGE ( 'NONE', *, *, #901, .F. ) ;
#10256 = ORIENTED_EDGE ( 'NONE', *, *, #2250, .T. ) ;
#10257 = CARTESIAN_POINT ( 'NONE',  ( -0.1349999999999999500, 0.09249999999999999900, -0.2536897542844667700 ) ) ;
#10258 = CARTESIAN_POINT ( 'NONE',  ( -0.1349999999999999500, 0.1024999999999999800, -0.2399999999999999100 ) ) ;
#10259 = ORIENTED_EDGE ( 'NONE', *, *, #2944, .F. ) ;
#10260 = ORIENTED_EDGE ( 'NONE', *, *, #4507, .F. ) ;
#10261 = ADVANCED_FACE ( 'NONE', ( #706 ), #5530, .T. ) ;
#10262 = FACE_OUTER_BOUND ( 'NONE', #7494, .T. ) ;
#10263 = ORIENTED_EDGE ( 'NONE', *, *, #5191, .T. ) ;
#10264 = DIRECTION ( 'NONE',  ( 0.0000000000000000000, 0.0000000000000000000, 1.000000000000000000 ) ) ;
#10265 = COLOUR_RGB ( '',0.7921568627450980000, 0.8196078431372548800, 0.9333333333333333500 ) ;
#10266 = CARTESIAN_POINT ( 'NONE',  ( 0.2850000000000000900, 0.09249999999999998500, -0.2399999999999999100 ) ) ;
#10267 = EDGE_CURVE ( 'NONE', #1557, #8970, #987, .T. ) ;
#10268 = VERTEX_POINT ( 'NONE', #3800 ) ;
#10269 = CARTESIAN_POINT ( 'NONE',  ( -0.2150000000000000000, 0.09249999999999999900, -0.2536897542844667700 ) ) ;
#10270 = PLANE ( 'NONE',  #5878 ) ;
#10271 = VERTEX_POINT ( 'NONE', #5483 ) ;
#10272 = PLANE ( 'NONE',  #1082 ) ;
#10273 = CARTESIAN_POINT ( 'NONE',  ( -0.2650000000000000100, 0.01173648177666930900, 0.2798480775301220900 ) ) ;
#10274 = ADVANCED_FACE ( 'NONE', ( #5668 ), #3839, .F. ) ;
#10275 = LINE ( 'NONE', #9835, #7695 ) ;
#10276 = LINE ( 'NONE', #4473, #10000 ) ;
#10277 = DIRECTION ( 'NONE',  ( -1.000000000000000000, -0.0000000000000000000, -0.0000000000000000000 ) ) ;
#10278 = CARTESIAN_POINT ( 'NONE',  ( 0.1350000000000000600, 0.09249999999999977700, 0.2656072902104091900 ) ) ;
#10279 = ORIENTED_EDGE ( 'NONE', *, *, #2682, .F. ) ;
#10280 = CARTESIAN_POINT ( 'NONE',  ( 0.1650000000000000900, 0.09249999999999974900, -0.2656072902104091300 ) ) ;
#10281 = VECTOR ( 'NONE', #8821, 39.37007874015748100 ) ;
#10282 = PLANE ( 'NONE',  #2776 ) ;
#10283 =( GEOMETRIC_REPRESENTATION_CONTEXT ( 3 ) GLOBAL_UNCERTAINTY_ASSIGNED_CONTEXT ( ( #8150 ) ) GLOBAL_UNIT_ASSIGNED_CONTEXT ( ( #9933, #9062, #6377 ) ) REPRESENTATION_CONTEXT ( 'NONE', 'WORKASPACE' ) );
#10284 = CARTESIAN_POINT ( 'NONE',  ( 0.1350000000000000600, 0.01210138312730608600, 0.2819175359259424300 ) ) ;
#10285 = LINE ( 'NONE', #3013, #10788 ) ;
#10286 = EDGE_CURVE ( 'NONE', #5873, #8746, #3792, .T. ) ;
#10287 = CARTESIAN_POINT ( 'NONE',  ( 0.1350000000000000600, 0.09249999999999998500, 0.2399999999999999100 ) ) ;
#10288 = CARTESIAN_POINT ( 'NONE',  ( -0.1649999999999999800, -2.411709556906732200E-016, -0.2819175359259424900 ) ) ;
#10289 = CARTESIAN_POINT ( 'NONE',  ( 0.3450000000000001400, 0.09249999999999998500, 0.2399999999999999100 ) ) ;
#10290 = CIRCLE ( 'NONE', #3628, 0.002101383127306358700 ) ;
#10291 = CARTESIAN_POINT ( 'NONE',  ( 0.1350000000000000600, 0.1024999999999999800, 0.2399999999999999100 ) ) ;
#10292 = CIRCLE ( 'NONE', #3524, 0.002101383127306324400 ) ;
#10293 = CARTESIAN_POINT ( 'NONE',  ( 0.3421190365169309900, 0.009999999999999995000, 0.2371190365169307000 ) ) ;
#10294 = ORIENTED_EDGE ( 'NONE', *, *, #1446, .F. ) ;
#10295 = DIRECTION ( 'NONE',  ( 0.0000000000000000000, 0.0000000000000000000, 1.000000000000000000 ) ) ;
#10296 = VECTOR ( 'NONE', #6546, 39.37007874015748100 ) ;
#10297 = LENGTH_MEASURE_WITH_UNIT ( LENGTH_MEASURE( 0.02539999999999999900 ), #6513 );
#10298 = DIRECTION ( 'NONE',  ( 0.0000000000000000000, 0.0000000000000000000, 1.000000000000000000 ) ) ;
#10299 = MECHANICAL_DESIGN_GEOMETRIC_PRESENTATION_REPRESENTATION (  '', ( #10143 ), #282 ) ;
#10300 = EDGE_CURVE ( 'NONE', #7284, #6301, #7163, .T. ) ;
#10301 = ORIENTED_EDGE ( 'NONE', *, *, #8807, .T. ) ;
#10302 = CARTESIAN_POINT ( 'NONE',  ( -0.2150000000000000000, 0.09039861687269366800, 0.2536897542844667700 ) ) ;
#10303 = CARTESIAN_POINT ( 'NONE',  ( -0.2650000000000000100, -3.201384367575308500E-018, 0.3150000000000000600 ) ) ;
#10304 = ORIENTED_EDGE ( 'NONE', *, *, #7393, .T. ) ;
#10305 = FACE_OUTER_BOUND ( 'NONE', #8876, .T. ) ;
#10306 = DIRECTION ( 'NONE',  ( 0.0000000000000000000, 0.0000000000000000000, -1.000000000000000000 ) ) ;
#10307 = DIRECTION ( 'NONE',  ( 0.0000000000000000000, 0.0000000000000000000, 1.000000000000000000 ) ) ;
#10308 = VECTOR ( 'NONE', #7892, 39.37007874015748100 ) ;
#10309 = EDGE_LOOP ( 'NONE', ( #9283, #4450, #9713, #4421 ) ) ;
#10310 = ADVANCED_FACE ( 'NONE', ( #6355 ), #1223, .F. ) ;
#10311 = EDGE_CURVE ( 'NONE', #3814, #2198, #3110, .T. ) ;
#10312 = AXIS2_PLACEMENT_3D ( 'NONE', #8381, #9252, #10824 ) ;
#10313 = ORIENTED_EDGE ( 'NONE', *, *, #9334, .T. ) ;
#10314 = MANIFOLD_SOLID_BREP ( 'Housing', #6738 ) ;
#10315 = CARTESIAN_POINT ( 'NONE',  ( 0.1650000000000000900, 0.09249999999999998500, 0.2399999999999999100 ) ) ;
#10316 = VECTOR ( 'NONE', #4834, 39.37007874015748100 ) ;
#10317 = EDGE_CURVE ( 'NONE', #8857, #8416, #4338, .T. ) ;
#10318 = AXIS2_PLACEMENT_3D ( 'NONE', #4147, #11042, #663 ) ;
#10319 = DIRECTION ( 'NONE',  ( -0.0000000000000000000, 1.000000000000000000, 6.829619984160684300E-015 ) ) ;
#10320 = DIRECTION ( 'NONE',  ( -0.0000000000000000000, 0.9848077530122080200, 0.1736481776669304100 ) ) ;
#10321 = VECTOR ( 'NONE', #3743, 39.37007874015748100 ) ;
#10322 = CARTESIAN_POINT ( 'NONE',  ( 0.2850000000000000900, 0.009999999999999753900, 0.2819175359259424300 ) ) ;
#10323 = DIRECTION ( 'NONE',  ( -1.000000000000000000, -0.0000000000000000000, -0.0000000000000000000 ) ) ;
#10324 = PLANE ( 'NONE',  #10403 ) ;
#10325 = DIRECTION ( 'NONE',  ( -0.0000000000000000000, -0.0000000000000000000, -1.000000000000000000 ) ) ;
#10326 = ORIENTED_EDGE ( 'NONE', *, *, #5320, .T. ) ;
#10327 = ORIENTED_EDGE ( 'NONE', *, *, #3497, .T. ) ;
#10328 = VECTOR ( 'NONE', #8322, 39.37007874015748900 ) ;
#10329 = VECTOR ( 'NONE', #6148, 39.37007874015748100 ) ;
#10330 = ADVANCED_FACE ( 'NONE', ( #10680 ), #365, .F. ) ;
#10331 = VECTOR ( 'NONE', #2593, 39.37007874015748900 ) ;
#10332 = EDGE_CURVE ( 'NONE', #6174, #6964, #4996, .T. ) ;
#10333 = CARTESIAN_POINT ( 'NONE',  ( 0.1650000000000000900, -3.201384367575308500E-018, 0.3150000000000000600 ) ) ;
#10334 = DIRECTION ( 'NONE',  ( 0.0000000000000000000, -1.000000000000000000, 6.829619984160659800E-015 ) ) ;
#10335 = EDGE_CURVE ( 'NONE', #9777, #8349, #8925, .T. ) ;
#10336 = AXIS2_PLACEMENT_3D ( 'NONE', #2594, #8666, #3499 ) ;
#10337 = ORIENTED_EDGE ( 'NONE', *, *, #8541, .F. ) ;
#10338 = LINE ( 'NONE', #8834, #9389 ) ;
#10339 = CARTESIAN_POINT ( 'NONE',  ( -0.01499999999999994200, 0.1024999999999999800, -0.2399999999999999100 ) ) ;
#10340 = ORIENTED_EDGE ( 'NONE', *, *, #9245, .T. ) ;
#10341 = LINE ( 'NONE', #1935, #5718 ) ;
#10342 = LINE ( 'NONE', #10691, #8024 ) ;
#10343 = ORIENTED_EDGE ( 'NONE', *, *, #49, .F. ) ;
#10344 = CARTESIAN_POINT ( 'NONE',  ( 0.1150000000000000700, 0.01210138312730608600, 0.2819175359259424300 ) ) ;
#10345 = DIRECTION ( 'NONE',  ( -1.000000000000000000, -0.0000000000000000000, -0.0000000000000000000 ) ) ;
#10346 = CARTESIAN_POINT ( 'NONE',  ( -0.1149999999999999600, 0.1024999999999999900, 0.2536897542844667700 ) ) ;
#10347 = EDGE_LOOP ( 'NONE', ( #2566, #8315, #3771, #25 ) ) ;
#10348 = ORIENTED_EDGE ( 'NONE', *, *, #1728, .F. ) ;
#10349 = LINE ( 'NONE', #8366, #1184 ) ;
#10350 = VERTEX_POINT ( 'NONE', #1608 ) ;
#10351 = CARTESIAN_POINT ( 'NONE',  ( 0.03500000000000003800, 0.009999999999999753900, 0.2819175359259424300 ) ) ;
#10352 = VERTEX_POINT ( 'NONE', #4113 ) ;
#10353 = LINE ( 'NONE', #9014, #8590 ) ;
#10354 = EDGE_CURVE ( 'NONE', #9173, #8953, #4727, .T. ) ;
#10355 = VECTOR ( 'NONE', #7480, 39.37007874015748100 ) ;
#10356 = DIRECTION ( 'NONE',  ( -1.000000000000000000, -0.0000000000000000000, -0.0000000000000000000 ) ) ;
#10357 = AXIS2_PLACEMENT_3D ( 'NONE', #1810, #6855, #3430 ) ;
#10358 = EDGE_CURVE ( 'NONE', #10621, #9986, #9188, .T. ) ;
#10359 = PLANE ( 'NONE',  #9634 ) ;
#10360 = CARTESIAN_POINT ( 'NONE',  ( -0.2849999999999999800, 0.09249999999999998500, 0.2399999999999999100 ) ) ;
#10361 = DIRECTION ( 'NONE',  ( 0.0000000000000000000, -6.829619984160684300E-015, 1.000000000000000000 ) ) ;
#10362 = ORIENTED_EDGE ( 'NONE', *, *, #1863, .F. ) ;
#10363 = ORIENTED_EDGE ( 'NONE', *, *, #8336, .T. ) ;
#10364 = DIRECTION ( 'NONE',  ( 0.0000000000000000000, 0.0000000000000000000, -1.000000000000000000 ) ) ;
#10365 = CYLINDRICAL_SURFACE ( 'NONE', #3846, 0.01210138312730635500 ) ;
#10366 = VERTEX_POINT ( 'NONE', #8344 ) ;
#10367 = PLANE ( 'NONE',  #2252 ) ;
#10368 = AXIS2_PLACEMENT_3D ( 'NONE', #8801, #6990, #9599 ) ;
#10369 = ORIENTED_EDGE ( 'NONE', *, *, #10643, .T. ) ;
#10370 = EDGE_LOOP ( 'NONE', ( #2350, #10508, #116, #4712, #3910, #9757, #3780, #5039, #6666, #8313, #217, #9613 ) ) ;
#10371 = EDGE_CURVE ( 'NONE', #8747, #2118, #325, .T. ) ;
#10372 = LINE ( 'NONE', #3718, #7923 ) ;
#10373 = CARTESIAN_POINT ( 'NONE',  ( 0.3450000000000001400, 0.1024999999999999800, 0.2399999999999999100 ) ) ;
#10374 = CARTESIAN_POINT ( 'NONE',  ( 0.1850000000000000800, 0.009999999999999993300, 0.3150000000000000000 ) ) ;
#10375 = VECTOR ( 'NONE', #6069, 39.37007874015748100 ) ;
#10376 = ADVANCED_FACE ( 'NONE', ( #9327 ), #6635, .T. ) ;
#10377 = DIRECTION ( 'NONE',  ( 0.0000000000000000000, -1.000000000000000000, 0.0000000000000000000 ) ) ;
#10378 = ORIENTED_EDGE ( 'NONE', *, *, #7467, .T. ) ;
#10379 = VERTEX_POINT ( 'NONE', #10971 ) ;
#10380 = FACE_OUTER_BOUND ( 'NONE', #6675, .T. ) ;
#10381 = DIRECTION ( 'NONE',  ( -0.03487826274237469000, 0.9987827659587182900, 0.03487826274237469700 ) ) ;
#10382 = LINE ( 'NONE', #10675, #10100 ) ;
#10383 = VERTEX_POINT ( 'NONE', #6761 ) ;
#10384 = AXIS2_PLACEMENT_3D ( 'NONE', #3585, #8787, #10563 ) ;
#10385 = DIRECTION ( 'NONE',  ( 0.0000000000000000000, -7.193223902257864100E-015, 1.000000000000000000 ) ) ;
#10386 = CARTESIAN_POINT ( 'NONE',  ( 0.1650000000000000900, 0.09249999999999977700, 0.2656072902104091900 ) ) ;
#10387 = EDGE_CURVE ( 'NONE', #2127, #1224, #1784, .T. ) ;
#10388 = ADVANCED_FACE ( 'NONE', ( #8377 ), #5126, .T. ) ;
#10389 = AXIS2_PLACEMENT_3D ( 'NONE', #5804, #4011, #3976 ) ;
#10390 = ORIENTED_EDGE ( 'NONE', *, *, #8536, .F. ) ;
#10391 = EDGE_LOOP ( 'NONE', ( #10520, #5329, #10762, #10633 ) ) ;
#10392 = ORIENTED_EDGE ( 'NONE', *, *, #8887, .F. ) ;
#10393 = VECTOR ( 'NONE', #2026, 39.37007874015748100 ) ;
#10394 = DIRECTION ( 'NONE',  ( -1.000000000000000000, -0.0000000000000000000, -0.0000000000000000000 ) ) ;
#10395 = LINE ( 'NONE', #10815, #8075 ) ;
#10396 = DIRECTION ( 'NONE',  ( 0.0000000000000000000, 0.0000000000000000000, -1.000000000000000000 ) ) ;
#10397 = ORIENTED_EDGE ( 'NONE', *, *, #5988, .F. ) ;
#10398 = PLANE ( 'NONE',  #6621 ) ;
#10399 = ORIENTED_EDGE ( 'NONE', *, *, #7380, .F. ) ;
#10400 = CARTESIAN_POINT ( 'NONE',  ( -0.06499999999999996100, 0.009999999999999956800, -0.3150000000000000000 ) ) ;
#10401 = ORIENTED_EDGE ( 'NONE', *, *, #6620, .T. ) ;
#10402 = EDGE_CURVE ( 'NONE', #2970, #1544, #10285, .T. ) ;
#10403 = AXIS2_PLACEMENT_3D ( 'NONE', #8700, #8542, #9489 ) ;
#10404 = DIRECTION ( 'NONE',  ( 0.0000000000000000000, -7.225480511685028100E-015, -1.000000000000000000 ) ) ;
#10405 = VECTOR ( 'NONE', #4586, 39.37007874015748100 ) ;
#10406 = CARTESIAN_POINT ( 'NONE',  ( 0.2350000000000000400, 0.01210138312730608600, 0.2819175359259424300 ) ) ;
#10407 = ORIENTED_EDGE ( 'NONE', *, *, #9182, .T. ) ;
#10408 = CARTESIAN_POINT ( 'NONE',  ( 0.03500000000000003800, -2.411709556906732200E-016, -0.2819175359259424900 ) ) ;
#10409 = VECTOR ( 'NONE', #2405, 39.37007874015748100 ) ;
#10410 = EDGE_LOOP ( 'NONE', ( #1909, #200, #2173, #5432 ) ) ;
#10411 = CARTESIAN_POINT ( 'NONE',  ( 0.2850000000000000900, 0.09249999999999977700, 0.2656072902104091900 ) ) ;
#10412 = VERTEX_POINT ( 'NONE', #6599 ) ;
#10413 = VECTOR ( 'NONE', #8462, 39.37007874015748100 ) ;
#10414 = EDGE_CURVE ( 'NONE', #9617, #627, #2851, .T. ) ;
#10415 = MECHANICAL_DESIGN_GEOMETRIC_PRESENTATION_REPRESENTATION (  '', ( #1894 ), #1523 ) ;
#10416 = CARTESIAN_POINT ( 'NONE',  ( 0.01500000000000004500, 0.01210138312730608600, -0.2819175359259424300 ) ) ;
#10417 = CARTESIAN_POINT ( 'NONE',  ( 0.0000000000000000000, 0.2249999999999998700, 0.0000000000000000000 ) ) ;
#10418 = EDGE_CURVE ( 'NONE', #10178, #2422, #8514, .T. ) ;
#10419 = DIRECTION ( 'NONE',  ( 1.000000000000000000, 0.0000000000000000000, -0.0000000000000000000 ) ) ;
#10420 = DIRECTION ( 'NONE',  ( 2.845674993400274400E-016, 0.0000000000000000000, 1.000000000000000000 ) ) ;
#10421 = DIRECTION ( 'NONE',  ( 0.0000000000000000000, -1.000000000000000000, 0.0000000000000000000 ) ) ;
#10422 = VERTEX_POINT ( 'NONE', #2108 ) ;
#10423 = CIRCLE ( 'NONE', #930, 0.002101383127306358700 ) ;
#10424 = DIMENSIONAL_EXPONENTS ( 1.000000000000000000, 0.0000000000000000000, 0.0000000000000000000, 0.0000000000000000000, 0.0000000000000000000, 0.0000000000000000000, 0.0000000000000000000 ) ;
#10425 = LINE ( 'NONE', #5645, #5681 ) ;
#10426 = CARTESIAN_POINT ( 'NONE',  ( 0.2650000000000000700, 0.01000000000000000400, -0.2700000000000000200 ) ) ;
#10427 = CARTESIAN_POINT ( 'NONE',  ( -0.2650000000000000100, 0.009999999999999956800, -0.3150000000000000000 ) ) ;
#10428 = DIRECTION ( 'NONE',  ( -1.000000000000000000, -0.0000000000000000000, -0.0000000000000000000 ) ) ;
#10429 = DIRECTION ( 'NONE',  ( -0.0000000000000000000, 0.1736481776669296100, 0.9848077530122082400 ) ) ;
#10430 = PRESENTATION_LAYER_ASSIGNMENT (  '', '', ( #3341 ) ) ;
#10431 = ORIENTED_EDGE ( 'NONE', *, *, #5760, .F. ) ;
#10432 = CARTESIAN_POINT ( 'NONE',  ( 0.08500000000000004800, 0.01210138312730608600, -0.2819175359259424300 ) ) ;
#10433 = EDGE_CURVE ( 'NONE', #6340, #3050, #1502, .T. ) ;
#10434 = PLANE ( 'NONE',  #3557 ) ;
#10435 = ORIENTED_EDGE ( 'NONE', *, *, #4845, .T. ) ;
#10436 = VECTOR ( 'NONE', #10034, 39.37007874015748100 ) ;
#10437 = LINE ( 'NONE', #8664, #3943 ) ;
#10438 = ADVANCED_FACE ( 'NONE', ( #8232 ), #5437, .F. ) ;
#10439 = CARTESIAN_POINT ( 'NONE',  ( 0.1150000000000000700, 0.09249999999999999900, -0.2536897542844667700 ) ) ;
#10440 = CARTESIAN_POINT ( 'NONE',  ( 0.2850000000000000900, 0.1024999999999999800, 0.2399999999999999100 ) ) ;
#10441 = CARTESIAN_POINT ( 'NONE',  ( -0.1149999999999999600, 0.1024999999999999800, 0.2399999999999999100 ) ) ;
#10442 = ORIENTED_EDGE ( 'NONE', *, *, #3894, .F. ) ;
#10443 = ORIENTED_EDGE ( 'NONE', *, *, #9462, .T. ) ;
#10444 = CIRCLE ( 'NONE', #10784, 0.002101383127306324400 ) ;
#10445 = AXIS2_PLACEMENT_3D ( 'NONE', #4499, #4428, #10468 ) ;
#10446 = FACE_OUTER_BOUND ( 'NONE', #5520, .T. ) ;
#10447 = EDGE_CURVE ( 'NONE', #4172, #6669, #1643, .T. ) ;
#10448 = DIRECTION ( 'NONE',  ( 0.0000000000000000000, -1.000000000000000000, -5.999729353452748200E-015 ) ) ;
#10449 = CARTESIAN_POINT ( 'NONE',  ( -0.2650000000000000100, 0.09076351822333045300, 0.2557592126802870600 ) ) ;
#10450 = ORIENTED_EDGE ( 'NONE', *, *, #6676, .F. ) ;
#10451 = DIRECTION ( 'NONE',  ( -0.0000000000000000000, -0.0000000000000000000, 1.000000000000000000 ) ) ;
#10452 = ORIENTED_EDGE ( 'NONE', *, *, #3320, .T. ) ;
#10453 = CARTESIAN_POINT ( 'NONE',  ( -0.3449999999999998600, 0.1024999999999999800, -0.2399999999999996300 ) ) ;
#10454 = MANIFOLD_SOLID_BREP ( 'Pin 3', #17 ) ;
#10455 = CARTESIAN_POINT ( 'NONE',  ( -0.1849999999999999700, 0.009999999999999753900, -0.2819175359259424300 ) ) ;
#10456 = LINE ( 'NONE', #2564, #4905 ) ;
#10457 = VECTOR ( 'NONE', #5734, 39.37007874015748100 ) ;
#10458 = DIRECTION ( 'NONE',  ( 0.0000000000000000000, 1.000000000000000000, -6.829619984160661400E-015 ) ) ;
#10459 = VECTOR ( 'NONE', #2518, 39.37007874015748100 ) ;
#10460 = CARTESIAN_POINT ( 'NONE',  ( 0.01500000000000004500, 0.009999999999999956800, -0.3150000000000000000 ) ) ;
#10461 = AXIS2_PLACEMENT_3D ( 'NONE', #8559, #7688, #2496 ) ;
#10462 = AXIS2_PLACEMENT_3D ( 'NONE', #1650, #10202, #9451 ) ;
#10463 = EDGE_LOOP ( 'NONE', ( #4346, #8622 ) ) ;
#10464 = DIRECTION ( 'NONE',  ( 1.000000000000000000, 0.0000000000000000000, -0.0000000000000000000 ) ) ;
#10465 = EDGE_CURVE ( 'NONE', #10224, #2330, #9177, .T. ) ;
#10466 = AXIS2_PLACEMENT_3D ( 'NONE', #3480, #122, #10385 ) ;
#10467 = DIRECTION ( 'NONE',  ( -1.000000000000000000, -0.0000000000000000000, -0.0000000000000000000 ) ) ;
#10468 = DIRECTION ( 'NONE',  ( 0.0000000000000000000, -7.193223902257864100E-015, 1.000000000000000000 ) ) ;
#10469 = ORIENTED_EDGE ( 'NONE', *, *, #5844, .T. ) ;
#10470 = DIRECTION ( 'NONE',  ( -1.000000000000000000, -0.0000000000000000000, -0.0000000000000000000 ) ) ;
#10471 = FACE_OUTER_BOUND ( 'NONE', #4977, .T. ) ;
#10472 = CARTESIAN_POINT ( 'NONE',  ( -0.1849999999999999700, -3.201384367575308500E-018, 0.3150000000000000600 ) ) ;
#10473 = PLANE ( 'NONE',  #4895 ) ;
#10474 = CARTESIAN_POINT ( 'NONE',  ( -0.1149999999999999600, 0.01173648177666930000, -0.2798480775301220900 ) ) ;
#10475 = ORIENTED_EDGE ( 'NONE', *, *, #744, .T. ) ;
#10476 = VECTOR ( 'NONE', #1374, 39.37007874015748100 ) ;
#10477 = ORIENTED_EDGE ( 'NONE', *, *, #3146, .T. ) ;
#10478 = VECTOR ( 'NONE', #414, 39.37007874015748900 ) ;
#10479 = VECTOR ( 'NONE', #3724, 39.37007874015748100 ) ;
#10480 = CARTESIAN_POINT ( 'NONE',  ( 0.2850000000000000900, 0.09076351822333045300, 0.2557592126802871200 ) ) ;
#10481 = EDGE_CURVE ( 'NONE', #2241, #948, #1377, .T. ) ;
#10482 = VERTEX_POINT ( 'NONE', #6354 ) ;
#10483 = ORIENTED_EDGE ( 'NONE', *, *, #4258, .T. ) ;
#10484 = LINE ( 'NONE', #9625, #140 ) ;
#10485 = VERTEX_POINT ( 'NONE', #2891 ) ;
#10486 = VECTOR ( 'NONE', #3772, 39.37007874015748100 ) ;
#10487 = DIRECTION ( 'NONE',  ( 0.0000000000000000000, 5.999729353452748200E-015, -1.000000000000000000 ) ) ;
#10488 = CARTESIAN_POINT ( 'NONE',  ( -0.06499999999999996100, -2.411709556906732200E-016, -0.2819175359259424900 ) ) ;
#10489 = CARTESIAN_POINT ( 'NONE',  ( 0.2350000000000000400, 0.09249999999999998500, 0.2536897542844667700 ) ) ;
#10490 = ORIENTED_EDGE ( 'NONE', *, *, #3688, .F. ) ;
#10491 = DIRECTION ( 'NONE',  ( 0.0000000000000000000, 0.0000000000000000000, -1.000000000000000000 ) ) ;
#10492 = CARTESIAN_POINT ( 'NONE',  ( -0.01499999999999994200, 0.09249999999999998500, -0.2399999999999999100 ) ) ;
#10493 = ADVANCED_FACE ( 'NONE', ( #6891 ), #10659, .F. ) ;
#10494 = DIRECTION ( 'NONE',  ( 0.0000000000000000000, 7.225480511685028100E-015, 1.000000000000000000 ) ) ;
#10495 = EDGE_LOOP ( 'NONE', ( #433, #3850, #9238, #654 ) ) ;
#10496 = EDGE_LOOP ( 'NONE', ( #7515, #3239, #2000, #10500 ) ) ;
#10497 = EDGE_CURVE ( 'NONE', #7305, #6622, #6206, .T. ) ;
#10498 = VECTOR ( 'NONE', #4110, 39.37007874015748100 ) ;
#10499 = DIRECTION ( 'NONE',  ( 0.0000000000000000000, 5.999729353452748200E-015, -1.000000000000000000 ) ) ;
#10500 = ORIENTED_EDGE ( 'NONE', *, *, #10193, .T. ) ;
#10501 = EDGE_CURVE ( 'NONE', #7649, #7314, #4194, .T. ) ;
#10502 = CYLINDRICAL_SURFACE ( 'NONE', #3275, 0.01210138312730635500 ) ;
#10503 = CARTESIAN_POINT ( 'NONE',  ( -0.2849999999999999800, 0.009999999999999753900, 0.2819175359259424300 ) ) ;
#10504 = DIRECTION ( 'NONE',  ( 0.0000000000000000000, 0.9848077530122082400, 0.1736481776669296100 ) ) ;
#10505 = CARTESIAN_POINT ( 'NONE',  ( 0.1350000000000000600, 0.009999999999999993300, 0.3150000000000000000 ) ) ;
#10506 = CARTESIAN_POINT ( 'NONE',  ( 0.03500000000000003800, 0.09249999999999999900, -0.2536897542844667700 ) ) ;
#10507 = ORIENTED_EDGE ( 'NONE', *, *, #8384, .F. ) ;
#10508 = ORIENTED_EDGE ( 'NONE', *, *, #6905, .F. ) ;
#10509 = ADVANCED_FACE ( 'NONE', ( #4329 ), #2046, .T. ) ;
#10510 = CIRCLE ( 'NONE', #682, 0.002101383127306358700 ) ;
#10511 = ORIENTED_EDGE ( 'NONE', *, *, #4212, .F. ) ;
#10512 = CARTESIAN_POINT ( 'NONE',  ( 0.01500000000000004500, 0.1024999999999999800, 0.2399999999999999100 ) ) ;
#10513 = VECTOR ( 'NONE', #4783, 39.37007874015748100 ) ;
#10514 = AXIS2_PLACEMENT_3D ( 'NONE', #3148, #4843, #8360 ) ;
#10515 = CARTESIAN_POINT ( 'NONE',  ( 0.2850000000000000900, 0.01210138312730608600, 0.2819175359259424300 ) ) ;
#10516 = EDGE_CURVE ( 'NONE', #5321, #847, #2300, .T. ) ;
#10517 = VERTEX_POINT ( 'NONE', #3003 ) ;
#10518 = ORIENTED_EDGE ( 'NONE', *, *, #1699, .F. ) ;
#10519 = ORIENTED_EDGE ( 'NONE', *, *, #1828, .T. ) ;
#10520 = ORIENTED_EDGE ( 'NONE', *, *, #1900, .T. ) ;
#10521 = VECTOR ( 'NONE', #4985, 39.37007874015748100 ) ;
#10522 = ORIENTED_EDGE ( 'NONE', *, *, #1583, .T. ) ;
#10523 = ORIENTED_EDGE ( 'NONE', *, *, #296, .T. ) ;
#10524 = DIRECTION ( 'NONE',  ( 0.0000000000000000000, 0.9848077530122082400, 0.1736481776669296100 ) ) ;
#10525 = CARTESIAN_POINT ( 'NONE',  ( -0.1649999999999999800, 0.1024999999999999800, -0.2536897542844667700 ) ) ;
#10526 = ORIENTED_EDGE ( 'NONE', *, *, #1462, .F. ) ;
#10527 = ORIENTED_EDGE ( 'NONE', *, *, #4348, .F. ) ;
#10528 = AXIS2_PLACEMENT_3D ( 'NONE', #9801, #2083, #9042 ) ;
#10529 = PLANE ( 'NONE',  #6443 ) ;
#10530 = DIRECTION ( 'NONE',  ( -1.000000000000000000, -0.0000000000000000000, -0.0000000000000000000 ) ) ;
#10531 = EDGE_CURVE ( 'NONE', #7903, #3219, #3662, .T. ) ;
#10532 = LINE ( 'NONE', #7150, #1499 ) ;
#10533 = ORIENTED_EDGE ( 'NONE', *, *, #9159, .F. ) ;
#10534 = AXIS2_PLACEMENT_3D ( 'NONE', #5816, #7561, #8436 ) ;
#10535 = LINE ( 'NONE', #10360, #1904 ) ;
#10536 = PLANE ( 'NONE',  #8000 ) ;
#10537 = ORIENTED_EDGE ( 'NONE', *, *, #254, .F. ) ;
#10538 = ADVANCED_FACE ( 'NONE', ( #1914 ), #7408, .F. ) ;
#10539 = ORIENTED_EDGE ( 'NONE', *, *, #2865, .F. ) ;
#10540 = CARTESIAN_POINT ( 'NONE',  ( 0.2650000000000000700, 0.09076351822333045300, 0.2557592126802871200 ) ) ;
#10541 = ORIENTED_EDGE ( 'NONE', *, *, #579, .T. ) ;
#10542 = CARTESIAN_POINT ( 'NONE',  ( 0.2850000000000000900, 0.09249999999999977700, 0.2656072902104091900 ) ) ;
#10543 = DIRECTION ( 'NONE',  ( -0.0000000000000000000, -0.0000000000000000000, 1.000000000000000000 ) ) ;
#10544 = CARTESIAN_POINT ( 'NONE',  ( 0.2650000000000000700, 0.009999999999999759100, -0.2819175359259424300 ) ) ;
#10545 = VECTOR ( 'NONE', #9938, 39.37007874015748100 ) ;
#10546 = DIRECTION ( 'NONE',  ( 0.0000000000000000000, 0.0000000000000000000, -1.000000000000000000 ) ) ;
#10547 = CARTESIAN_POINT ( 'NONE',  ( -0.2849999999999999800, 0.09076351822333045300, -0.2557592126802871200 ) ) ;
#10548 = LINE ( 'NONE', #7011, #11070 ) ;
#10549 = EDGE_CURVE ( 'NONE', #1493, #6615, #8654, .T. ) ;
#10550 = VECTOR ( 'NONE', #913, 39.37007874015748900 ) ;
#10551 = PRESENTATION_LAYER_ASSIGNMENT (  '', '', ( #5904 ) ) ;
#10552 = ORIENTED_EDGE ( 'NONE', *, *, #6713, .F. ) ;
#10553 = ADVANCED_FACE ( 'NONE', ( #7694 ), #600, .F. ) ;
#10554 = DIRECTION ( 'NONE',  ( -1.000000000000000000, -0.0000000000000000000, -0.0000000000000000000 ) ) ;
#10555 = LINE ( 'NONE', #3870, #10795 ) ;
#10556 = PLANE ( 'NONE',  #7316 ) ;
#10557 = FACE_OUTER_BOUND ( 'NONE', #10858, .T. ) ;
#10558 = VECTOR ( 'NONE', #8412, 39.37007874015748900 ) ;
#10559 = ORIENTED_EDGE ( 'NONE', *, *, #9615, .T. ) ;
#10560 = EDGE_CURVE ( 'NONE', #10709, #5638, #2580, .T. ) ;
#10561 = AXIS2_PLACEMENT_3D ( 'NONE', #3150, #5634, #6576 ) ;
#10562 = DIRECTION ( 'NONE',  ( -0.0000000000000000000, -0.0000000000000000000, -1.000000000000000000 ) ) ;
#10563 = DIRECTION ( 'NONE',  ( 0.0000000000000000000, 0.0000000000000000000, -1.000000000000000000 ) ) ;
#10564 = ORIENTED_EDGE ( 'NONE', *, *, #4466, .T. ) ;
#10565 = FACE_OUTER_BOUND ( 'NONE', #8359, .T. ) ;
#10566 = DIRECTION ( 'NONE',  ( 1.000000000000000000, 0.0000000000000000000, 0.0000000000000000000 ) ) ;
#10567 = EDGE_CURVE ( 'NONE', #10105, #10412, #3917, .T. ) ;
#10568 = PLANE ( 'NONE',  #11072 ) ;
#10569 = LINE ( 'NONE', #5429, #8689 ) ;
#10570 = PLANE ( 'NONE',  #6568 ) ;
#10571 = EDGE_LOOP ( 'NONE', ( #8042, #6602, #1202, #10247 ) ) ;
#10572 = ORIENTED_EDGE ( 'NONE', *, *, #4879, .T. ) ;
#10573 = CARTESIAN_POINT ( 'NONE',  ( 0.2350000000000000400, -2.603792618961250900E-016, 0.2819175359259424900 ) ) ;
#10574 = LINE ( 'NONE', #7778, #10953 ) ;
#10575 = CARTESIAN_POINT ( 'NONE',  ( -0.2650000000000000100, 0.01173648177666930000, -0.2798480775301220900 ) ) ;
#10576 = CARTESIAN_POINT ( 'NONE',  ( 0.3450000000000001400, 0.009999999999999995000, 0.2371190365169307000 ) ) ;
#10577 = LINE ( 'NONE', #6860, #3828 ) ;
#10578 = AXIS2_PLACEMENT_3D ( 'NONE', #9088, #5078, #9354 ) ;
#10579 = EDGE_CURVE ( 'NONE', #9301, #821, #10924, .T. ) ;
#10580 = CARTESIAN_POINT ( 'NONE',  ( -0.1149999999999999600, 0.09249999999999998500, 0.2536897542844667700 ) ) ;
#10581 = DIRECTION ( 'NONE',  ( 0.0000000000000000000, 5.999729353452748200E-015, -1.000000000000000000 ) ) ;
#10582 = PLANE ( 'NONE',  #4554 ) ;
#10583 = VERTEX_POINT ( 'NONE', #10901 ) ;
#10584 = ORIENTED_EDGE ( 'NONE', *, *, #8492, .F. ) ;
#10585 = ORIENTED_EDGE ( 'NONE', *, *, #4124, .F. ) ;
#10586 = VECTOR ( 'NONE', #3136, 39.37007874015748100 ) ;
#10587 = VECTOR ( 'NONE', #8832, 39.37007874015748900 ) ;
#10588 = DIRECTION ( 'NONE',  ( -1.000000000000000000, -0.0000000000000000000, -0.0000000000000000000 ) ) ;
#10589 = CARTESIAN_POINT ( 'NONE',  ( 0.03500000000000003800, 0.01173648177666930900, 0.2798480775301220900 ) ) ;
#10590 = ORIENTED_EDGE ( 'NONE', *, *, #4227, .T. ) ;
#10591 = ORIENTED_EDGE ( 'NONE', *, *, #2146, .F. ) ;
#10592 = ORIENTED_EDGE ( 'NONE', *, *, #2417, .T. ) ;
#10593 = VECTOR ( 'NONE', #6776, 39.37007874015748100 ) ;
#10594 = EDGE_CURVE ( 'NONE', #10271, #1365, #5394, .T. ) ;
#10595 = LINE ( 'NONE', #4518, #8141 ) ;
#10596 = LINE ( 'NONE', #1273, #8286 ) ;
#10597 = PLANE ( 'NONE',  #8202 ) ;
#10598 = CARTESIAN_POINT ( 'NONE',  ( 0.2150000000000000500, 0.1024999999999999800, -0.2399999999999999100 ) ) ;
#10599 = DIRECTION ( 'NONE',  ( -1.000000000000000000, -0.0000000000000000000, -0.0000000000000000000 ) ) ;
#10600 = EDGE_LOOP ( 'NONE', ( #9578, #4957, #4098, #7249, #9905, #1480, #6841, #7687, #7463, #342, #4772, #9940 ) ) ;
#10601 = ADVANCED_FACE ( 'NONE', ( #10664 ), #4870, .T. ) ;
#10602 = VECTOR ( 'NONE', #7774, 39.37007874015748100 ) ;
#10603 = SURFACE_SIDE_STYLE ('',( #10986 ) ) ;
#10604 = EDGE_LOOP ( 'NONE', ( #3087, #4609, #1911, #4886 ) ) ;
#10605 = FACE_OUTER_BOUND ( 'NONE', #10571, .T. ) ;
#10606 = FACE_OUTER_BOUND ( 'NONE', #5277, .T. ) ;
#10607 = CARTESIAN_POINT ( 'NONE',  ( 0.2650000000000000700, -3.201384367575308500E-018, -0.3150000000000000600 ) ) ;
#10608 = CARTESIAN_POINT ( 'NONE',  ( 0.01500000000000004500, 0.09249999999999977700, 0.2656072902104091900 ) ) ;
#10609 = EDGE_CURVE ( 'NONE', #6964, #8877, #3785, .T. ) ;
#10610 = AXIS2_PLACEMENT_3D ( 'NONE', #2184, #10867, #3007 ) ;
#10611 = ORIENTED_EDGE ( 'NONE', *, *, #6959, .F. ) ;
#10612 = EDGE_LOOP ( 'NONE', ( #371, #7988, #4133, #213 ) ) ;
#10613 = LINE ( 'NONE', #5672, #6151 ) ;
#10614 = ORIENTED_EDGE ( 'NONE', *, *, #7331, .F. ) ;
#10615 = CARTESIAN_POINT ( 'NONE',  ( -0.1349999999999999500, 0.09039861687269366800, 0.2536897542844667700 ) ) ;
#10616 = VECTOR ( 'NONE', #2420, 39.37007874015748100 ) ;
#10617 = VECTOR ( 'NONE', #2258, 39.37007874015748100 ) ;
#10618 = CARTESIAN_POINT ( 'NONE',  ( -0.2650000000000000100, 0.1024999999999999900, 0.2536897542844667700 ) ) ;
#10619 = CARTESIAN_POINT ( 'NONE',  ( 0.03500000000000003800, 0.009999999999999993300, 0.3150000000000000000 ) ) ;
#10620 = VERTEX_POINT ( 'NONE', #7470 ) ;
#10621 = VERTEX_POINT ( 'NONE', #9103 ) ;
#10622 = ORIENTED_EDGE ( 'NONE', *, *, #9178, .F. ) ;
#10623 = LINE ( 'NONE', #10855, #8316 ) ;
#10624 = CARTESIAN_POINT ( 'NONE',  ( 0.2150000000000000500, 0.09039861687269366800, -0.2536897542844667700 ) ) ;
#10625 = ORIENTED_EDGE ( 'NONE', *, *, #5677, .T. ) ;
#10626 = EDGE_CURVE ( 'NONE', #2613, #6829, #6076, .T. ) ;
#10627 = FACE_OUTER_BOUND ( 'NONE', #4055, .T. ) ;
#10628 = PRESENTATION_LAYER_ASSIGNMENT (  '', '', ( #2468 ) ) ;
#10629 = EDGE_CURVE ( 'NONE', #1473, #10897, #2181, .T. ) ;
#10630 = VERTEX_POINT ( 'NONE', #3215 ) ;
#10631 = ORIENTED_EDGE ( 'NONE', *, *, #9352, .T. ) ;
#10632 = LINE ( 'NONE', #10474, #7661 ) ;
#10633 = ORIENTED_EDGE ( 'NONE', *, *, #9096, .T. ) ;
#10634 = CARTESIAN_POINT ( 'NONE',  ( 0.08500000000000004800, 0.01210138312730608600, 0.2819175359259424300 ) ) ;
#10635 = DIRECTION ( 'NONE',  ( 0.0000000000000000000, 1.000000000000000000, 0.0000000000000000000 ) ) ;
#10636 = LINE ( 'NONE', #9602, #8481 ) ;
#10637 = DIRECTION ( 'NONE',  ( -1.000000000000000000, -0.0000000000000000000, -0.0000000000000000000 ) ) ;
#10638 = CARTESIAN_POINT ( 'NONE',  ( -0.1149999999999999600, 0.09249999999999999900, -0.2536897542844667700 ) ) ;
#10639 = DIRECTION ( 'NONE',  ( 0.0000000000000000000, -0.0000000000000000000, 1.000000000000000000 ) ) ;
#10640 = AXIS2_PLACEMENT_3D ( 'NONE', #3856, #9891, #7345 ) ;
#10641 = VERTEX_POINT ( 'NONE', #1423 ) ;
#10642 = EDGE_LOOP ( 'NONE', ( #4646, #10911, #5066, #8228 ) ) ;
#10643 = EDGE_CURVE ( 'NONE', #3893, #4402, #4469, .T. ) ;
#10644 = LENGTH_MEASURE_WITH_UNIT ( LENGTH_MEASURE( 0.02539999999999999900 ), #9339 );
#10645 = DIRECTION ( 'NONE',  ( 0.0000000000000000000, 0.0000000000000000000, 1.000000000000000000 ) ) ;
#10646 = VECTOR ( 'NONE', #4873, 39.37007874015748100 ) ;
#10647 = ORIENTED_EDGE ( 'NONE', *, *, #2218, .T. ) ;
#10648 = DIRECTION ( 'NONE',  ( 0.0000000000000000000, 0.0000000000000000000, 1.000000000000000000 ) ) ;
#10649 = VERTEX_POINT ( 'NONE', #494 ) ;
#10650 = EDGE_LOOP ( 'NONE', ( #10235, #6689, #7404, #4841 ) ) ;
#10651 = ORIENTED_EDGE ( 'NONE', *, *, #6218, .T. ) ;
#10652 = ORIENTED_EDGE ( 'NONE', *, *, #4156, .F. ) ;
#10653 = MANIFOLD_SOLID_BREP ( 'Pin 23', #11125 ) ;
#10654 = FACE_OUTER_BOUND ( 'NONE', #397, .T. ) ;
#10655 = ADVANCED_FACE ( 'NONE', ( #11057 ), #698, .T. ) ;
#10656 = VECTOR ( 'NONE', #8414, 39.37007874015748100 ) ;
#10657 = DIRECTION ( 'NONE',  ( 0.0000000000000000000, -0.9848077530122082400, 0.1736481776669295800 ) ) ;
#10658 = EDGE_CURVE ( 'NONE', #11051, #8970, #6348, .T. ) ;
#10659 = PLANE ( 'NONE',  #7187 ) ;
#10660 = CARTESIAN_POINT ( 'NONE',  ( -0.2349999999999999900, -2.603792618961250900E-016, 0.2819175359259424900 ) ) ;
#10661 = ORIENTED_EDGE ( 'NONE', *, *, #3428, .T. ) ;
#10662 = VERTEX_POINT ( 'NONE', #6637 ) ;
#10663 = VECTOR ( 'NONE', #6097, 39.37007874015748100 ) ;
#10664 = FACE_OUTER_BOUND ( 'NONE', #10600, .T. ) ;
#10665 = ADVANCED_FACE ( 'NONE', ( #439 ), #4007, .F. ) ;
#10666 =( NAMED_UNIT ( * ) SI_UNIT ( $, .STERADIAN. ) SOLID_ANGLE_UNIT ( ) );
#10667 = CARTESIAN_POINT ( 'NONE',  ( -0.2650000000000000100, 0.009999999999999956800, -0.3150000000000000000 ) ) ;
#10668 = VECTOR ( 'NONE', #3912, 39.37007874015748100 ) ;
#10669 = DIRECTION ( 'NONE',  ( 0.0000000000000000000, -7.193223902257864100E-015, 1.000000000000000000 ) ) ;
#10670 = FACE_OUTER_BOUND ( 'NONE', #5186, .T. ) ;
#10671 = ORIENTED_EDGE ( 'NONE', *, *, #9928, .F. ) ;
#10672 = AXIS2_PLACEMENT_3D ( 'NONE', #4857, #6706, #5985 ) ;
#10673 = AXIS2_PLACEMENT_3D ( 'NONE', #5648, #10007, #10935 ) ;
#10674 = SURFACE_SIDE_STYLE ('',( #8974 ) ) ;
#10675 = CARTESIAN_POINT ( 'NONE',  ( -0.1149999999999999600, 0.1024999999999999800, -0.2399999999999999100 ) ) ;
#10676 = DIRECTION ( 'NONE',  ( -1.000000000000000000, -0.0000000000000000000, -0.0000000000000000000 ) ) ;
#10677 = ORIENTED_EDGE ( 'NONE', *, *, #6292, .T. ) ;
#10678 = EDGE_CURVE ( 'NONE', #8942, #6962, #9984, .T. ) ;
#10679 = DIRECTION ( 'NONE',  ( 1.000000000000000000, 0.0000000000000000000, 0.0000000000000000000 ) ) ;
#10680 = FACE_OUTER_BOUND ( 'NONE', #4655, .T. ) ;
#10681 = VECTOR ( 'NONE', #6870, 39.37007874015748100 ) ;
#10682 = CARTESIAN_POINT ( 'NONE',  ( 0.1350000000000000600, -3.201384367575308500E-018, -0.3150000000000000600 ) ) ;
#10683 = PLANE ( 'NONE',  #4223 ) ;
#10684 = FACE_OUTER_BOUND ( 'NONE', #5203, .T. ) ;
#10685 = CARTESIAN_POINT ( 'NONE',  ( -0.06499999999999996100, -2.411709556906732200E-016, 0.2819175359259424900 ) ) ;
#10686 = CARTESIAN_POINT ( 'NONE',  ( -0.1349999999999999500, 0.009999999999999956800, -0.3150000000000000000 ) ) ;
#10687 = ORIENTED_EDGE ( 'NONE', *, *, #6558, .T. ) ;
#10688 = VECTOR ( 'NONE', #1896, 39.37007874015748100 ) ;
#10689 = EDGE_CURVE ( 'NONE', #5342, #2807, #2174, .T. ) ;
#10690 = AXIS2_PLACEMENT_3D ( 'NONE', #5063, #4285, #6805 ) ;
#10691 = CARTESIAN_POINT ( 'NONE',  ( 0.2350000000000000400, 0.09249999999999977700, 0.2656072902104091900 ) ) ;
#10692 = EDGE_LOOP ( 'NONE', ( #7728, #892, #6863, #1008 ) ) ;
#10693 = ORIENTED_EDGE ( 'NONE', *, *, #1097, .F. ) ;
#10694 = LINE ( 'NONE', #4275, #4616 ) ;
#10695 = CARTESIAN_POINT ( 'NONE',  ( -0.06499999999999996100, 0.09249999999999974900, -0.2656072902104091300 ) ) ;
#10696 = CIRCLE ( 'NONE', #10109, 0.01210138312730632000 ) ;
#10697 = EDGE_CURVE ( 'NONE', #2320, #6782, #9594, .T. ) ;
#10698 = DIRECTION ( 'NONE',  ( 0.0000000000000000000, 0.0000000000000000000, 1.000000000000000000 ) ) ;
#10699 = ORIENTED_EDGE ( 'NONE', *, *, #832, .F. ) ;
#10700 = EDGE_CURVE ( 'NONE', #7099, #7884, #5519, .T. ) ;
#10701 = DIRECTION ( 'NONE',  ( -1.000000000000000000, -0.0000000000000000000, -0.0000000000000000000 ) ) ;
#10702 = ORIENTED_EDGE ( 'NONE', *, *, #8235, .F. ) ;
#10703 = DIRECTION ( 'NONE',  ( -0.0000000000000000000, 0.9848077530122080200, 0.1736481776669304100 ) ) ;
#10704 = LINE ( 'NONE', #4611, #8272 ) ;
#10705 = ADVANCED_FACE ( 'NONE', ( #6746 ), #5050, .F. ) ;
#10706 = DIRECTION ( 'NONE',  ( -1.000000000000000000, -0.0000000000000000000, -0.0000000000000000000 ) ) ;
#10707 = CARTESIAN_POINT ( 'NONE',  ( 0.1850000000000000800, 0.009999999999999753900, 0.2819175359259424300 ) ) ;
#10708 = CIRCLE ( 'NONE', #255, 0.01210138312730632000 ) ;
#10709 = VERTEX_POINT ( 'NONE', #5095 ) ;
#10710 = EDGE_LOOP ( 'NONE', ( #969, #1225, #5380, #6930 ) ) ;
#10711 = CARTESIAN_POINT ( 'NONE',  ( 0.2350000000000000400, 0.09076351822333045300, -0.2557592126802871200 ) ) ;
#10712 = ORIENTED_EDGE ( 'NONE', *, *, #3497, .F. ) ;
#10713 = VECTOR ( 'NONE', #2002, 39.37007874015748900 ) ;
#10714 = AXIS2_PLACEMENT_3D ( 'NONE', #6365, #542, #9268 ) ;
#10715 = DIRECTION ( 'NONE',  ( 0.0000000000000000000, -0.9848077530122082400, -0.1736481776669296100 ) ) ;
#10716 = LINE ( 'NONE', #3727, #3566 ) ;
#10717 = EDGE_CURVE ( 'NONE', #7284, #10774, #185, .T. ) ;
#10718 = ADVANCED_FACE ( 'NONE', ( #7947 ), #4983, .F. ) ;
#10719 = ORIENTED_EDGE ( 'NONE', *, *, #9538, .T. ) ;
#10720 = ORIENTED_EDGE ( 'NONE', *, *, #3706, .T. ) ;
#10721 = CIRCLE ( 'NONE', #4718, 0.002101383127306324400 ) ;
#10722 = LINE ( 'NONE', #6790, #6141 ) ;
#10723 = CARTESIAN_POINT ( 'NONE',  ( -0.2857222057372608100, 0.1749999999999998500, 0.1807222057372607800 ) ) ;
#10724 = EDGE_LOOP ( 'NONE', ( #7638, #2037, #10850, #9709 ) ) ;
#10725 = EDGE_CURVE ( 'NONE', #5412, #784, #2289, .T. ) ;
#10726 = FACE_OUTER_BOUND ( 'NONE', #5739, .T. ) ;
#10727 = ORIENTED_EDGE ( 'NONE', *, *, #180, .T. ) ;
#10728 = AXIS2_PLACEMENT_3D ( 'NONE', #8222, #6442, #7310 ) ;
#10729 = CLOSED_SHELL ( 'NONE', ( #8274, #7139, #3823, #8337, #3716, #3539, #10310, #10214, #506, #2290, #6502, #124, #7420, #2071 ) ) ;
#10730 = CIRCLE ( 'NONE', #1696, 0.01210138312730635500 ) ;
#10731 = LINE ( 'NONE', #7102, #1704 ) ;
#10732 = CARTESIAN_POINT ( 'NONE',  ( -0.1649999999999999800, 0.01173648177666930000, -0.2798480775301220900 ) ) ;
#10733 = DIRECTION ( 'NONE',  ( -1.000000000000000000, -0.0000000000000000000, -0.0000000000000000000 ) ) ;
#10734 = DIRECTION ( 'NONE',  ( -0.0000000000000000000, -0.0000000000000000000, 1.000000000000000000 ) ) ;
#10735 = ORIENTED_EDGE ( 'NONE', *, *, #4087, .T. ) ;
#10736 = EDGE_LOOP ( 'NONE', ( #8479, #1185, #9724, #9807 ) ) ;
#10737 = VECTOR ( 'NONE', #3672, 39.37007874015748100 ) ;
#10738 = ORIENTED_EDGE ( 'NONE', *, *, #112, .T. ) ;
#10739 = LINE ( 'NONE', #121, #4283 ) ;
#10740 =( CONVERSION_BASED_UNIT ( 'INCH', #3979 ) LENGTH_UNIT ( ) NAMED_UNIT ( #4426 ) );
#10741 = EDGE_CURVE ( 'NONE', #1224, #8094, #8778, .T. ) ;
#10742 = CARTESIAN_POINT ( 'NONE',  ( -0.1649999999999999800, -3.201384367575308500E-018, -0.3150000000000000600 ) ) ;
#10743 = VERTEX_POINT ( 'NONE', #8534 ) ;
#10744 = ORIENTED_EDGE ( 'NONE', *, *, #4491, .T. ) ;
#10745 = CARTESIAN_POINT ( 'NONE',  ( -0.2849999999999999800, 0.1024999999999999800, -0.2399999999999999100 ) ) ;
#10746 = ADVANCED_FACE ( 'NONE', ( #2441 ), #5841, .F. ) ;
#10747 = CARTESIAN_POINT ( 'NONE',  ( -0.1649999999999999800, 0.01210138312730608600, 0.2819175359259424300 ) ) ;
#10748 = CARTESIAN_POINT ( 'NONE',  ( 0.01500000000000004500, 0.1024999999999999800, 0.2399999999999999100 ) ) ;
#10749 = ORIENTED_EDGE ( 'NONE', *, *, #2467, .T. ) ;
#10750 = ORIENTED_EDGE ( 'NONE', *, *, #5161, .T. ) ;
#10751 = EDGE_CURVE ( 'NONE', #6622, #9023, #10778, .T. ) ;
#10752 = VECTOR ( 'NONE', #2361, 39.37007874015748100 ) ;
#10753 = VERTEX_POINT ( 'NONE', #6838 ) ;
#10754 = AXIS2_PLACEMENT_3D ( 'NONE', #8650, #3481, #2503 ) ;
#10755 = EDGE_CURVE ( 'NONE', #4969, #413, #6198, .T. ) ;
#10756 = LINE ( 'NONE', #326, #9137 ) ;
#10757 = DIRECTION ( 'NONE',  ( -1.000000000000000000, -0.0000000000000000000, -0.0000000000000000000 ) ) ;
#10758 = ORIENTED_EDGE ( 'NONE', *, *, #6397, .F. ) ;
#10759 = ADVANCED_FACE ( 'NONE', ( #9453 ), #2394, .F. ) ;
#10760 = CARTESIAN_POINT ( 'NONE',  ( -0.2150000000000000000, 0.1024999999999999800, -0.2399999999999999100 ) ) ;
#10761 = VERTEX_POINT ( 'NONE', #5801 ) ;
#10762 = ORIENTED_EDGE ( 'NONE', *, *, #1581, .F. ) ;
#10763 = CARTESIAN_POINT ( 'NONE',  ( -0.03499999999999993400, 0.09076351822333045300, 0.2557592126802870600 ) ) ;
#10764 = CARTESIAN_POINT ( 'NONE',  ( -0.1149999999999999600, 0.009999999999999753900, -0.2819175359259424300 ) ) ;
#10765 = VECTOR ( 'NONE', #3669, 39.37007874015748900 ) ;
#10766 = VERTEX_POINT ( 'NONE', #9370 ) ;
#10767 = CARTESIAN_POINT ( 'NONE',  ( -0.2349999999999999900, 0.09249999999999998500, 0.2399999999999999100 ) ) ;
#10768 = FACE_OUTER_BOUND ( 'NONE', #6246, .T. ) ;
#10769 = DIRECTION ( 'NONE',  ( 0.0000000000000000000, 0.0000000000000000000, 1.000000000000000000 ) ) ;
#10770 = EDGE_CURVE ( 'NONE', #8694, #10662, #2975, .T. ) ;
#10771 = ORIENTED_EDGE ( 'NONE', *, *, #9113, .T. ) ;
#10772 = CLOSED_SHELL ( 'NONE', ( #5821, #8859, #8748, #9655, #10655, #9480, #9869, #5892, #281, #2965, #1287, #1718, #2404, #6982 ) ) ;
#10773 = CARTESIAN_POINT ( 'NONE',  ( -0.01499999999999994200, 0.09249999999999977700, 0.2656072902104091900 ) ) ;
#10774 = VERTEX_POINT ( 'NONE', #8500 ) ;
#10775 = DIRECTION ( 'NONE',  ( -0.0000000000000000000, -5.999729353452747400E-015, 1.000000000000000000 ) ) ;
#10776 = CARTESIAN_POINT ( 'NONE',  ( -0.06499999999999996100, -2.603792618961250900E-016, 0.2819175359259424900 ) ) ;
#10777 = DIRECTION ( 'NONE',  ( 0.0000000000000000000, 1.000000000000000000, -7.193223902257864100E-015 ) ) ;
#10778 = LINE ( 'NONE', #5964, #9314 ) ;
#10779 = CARTESIAN_POINT ( 'NONE',  ( 0.1350000000000000600, 0.009999999999999956800, -0.3150000000000000000 ) ) ;
#10780 = ORIENTED_EDGE ( 'NONE', *, *, #2113, .T. ) ;
#10781 = ORIENTED_EDGE ( 'NONE', *, *, #8871, .T. ) ;
#10782 = VERTEX_POINT ( 'NONE', #5923 ) ;
#10783 = VERTEX_POINT ( 'NONE', #1686 ) ;
#10784 = AXIS2_PLACEMENT_3D ( 'NONE', #7428, #715, #8346 ) ;
#10785 = EDGE_CURVE ( 'NONE', #6340, #7497, #5925, .T. ) ;
#10786 = DIRECTION ( 'NONE',  ( -0.0000000000000000000, 0.9848077530122080200, 0.1736481776669304100 ) ) ;
#10787 = DIRECTION ( 'NONE',  ( -1.000000000000000000, -0.0000000000000000000, -0.0000000000000000000 ) ) ;
#10788 = VECTOR ( 'NONE', #7710, 39.37007874015748100 ) ;
#10789 = CARTESIAN_POINT ( 'NONE',  ( 0.1350000000000000600, 0.09076351822333045300, 0.2557592126802871200 ) ) ;
#10790 = LINE ( 'NONE', #9623, #9181 ) ;
#10791 = LINE ( 'NONE', #1434, #1645 ) ;
#10792 = CARTESIAN_POINT ( 'NONE',  ( 0.1150000000000000700, 0.09076351822333045300, 0.2557592126802870600 ) ) ;
#10793 = CARTESIAN_POINT ( 'NONE',  ( 0.06500000000000005800, 0.09039861687269366800, -0.2536897542844667700 ) ) ;
#10794 = ORIENTED_EDGE ( 'NONE', *, *, #3556, .T. ) ;
#10795 = VECTOR ( 'NONE', #7328, 39.37007874015748100 ) ;
#10796 = ORIENTED_EDGE ( 'NONE', *, *, #3476, .T. ) ;
#10797 = LINE ( 'NONE', #10185, #8799 ) ;
#10798 = PLANE ( 'NONE',  #6041 ) ;
#10799 = AXIS2_PLACEMENT_3D ( 'NONE', #6262, #9932, #10504 ) ;
#10800 = DIRECTION ( 'NONE',  ( 1.000000000000000000, 0.0000000000000000000, 0.0000000000000000000 ) ) ;
#10801 = DIRECTION ( 'NONE',  ( 0.0000000000000000000, -0.9848077530122082400, 0.1736481776669295800 ) ) ;
#10802 = VECTOR ( 'NONE', #2997, 39.37007874015748100 ) ;
#10803 = EDGE_CURVE ( 'NONE', #5646, #837, #7141, .T. ) ;
#10804 = ADVANCED_FACE ( 'NONE', ( #4182 ), #8764, .F. ) ;
#10805 = DIRECTION ( 'NONE',  ( -0.0000000000000000000, 0.0000000000000000000, 1.000000000000000000 ) ) ;
#10806 = AXIS2_PLACEMENT_3D ( 'NONE', #498, #719, #4125 ) ;
#10807 = CARTESIAN_POINT ( 'NONE',  ( -0.2650000000000000100, 0.09249999999999998500, 0.2536897542844667700 ) ) ;
#10808 = FACE_OUTER_BOUND ( 'NONE', #1893, .T. ) ;
#10809 = ORIENTED_EDGE ( 'NONE', *, *, #4962, .F. ) ;
#10810 = VECTOR ( 'NONE', #11079, 39.37007874015748100 ) ;
#10811 = CARTESIAN_POINT ( 'NONE',  ( 0.08500000000000004800, 0.09249999999999998500, 0.2399999999999999100 ) ) ;
#10812 = VECTOR ( 'NONE', #7057, 39.37007874015748100 ) ;
#10813 = CARTESIAN_POINT ( 'NONE',  ( 0.2150000000000000500, 0.09039861687269366800, 0.2536897542844667700 ) ) ;
#10814 = ADVANCED_FACE ( 'NONE', ( #6463 ), #171, .F. ) ;
#10815 = CARTESIAN_POINT ( 'NONE',  ( 0.01500000000000004500, 0.09249999999999977700, 0.2656072902104091900 ) ) ;
#10816 = DIRECTION ( 'NONE',  ( -1.000000000000000000, -0.0000000000000000000, -0.0000000000000000000 ) ) ;
#10817 = ORIENTED_EDGE ( 'NONE', *, *, #6111, .T. ) ;
#10818 = EDGE_CURVE ( 'NONE', #8062, #155, #3092, .T. ) ;
#10819 = AXIS2_PLACEMENT_3D ( 'NONE', #6007, #7633, #5968 ) ;
#10820 = ORIENTED_EDGE ( 'NONE', *, *, #3249, .T. ) ;
#10821 = CIRCLE ( 'NONE', #1927, 0.002101383127306358700 ) ;
#10822 = LINE ( 'NONE', #10411, #4500 ) ;
#10823 = CARTESIAN_POINT ( 'NONE',  ( 0.2350000000000000400, 0.01173648177666930000, -0.2798480775301220900 ) ) ;
#10824 = DIRECTION ( 'NONE',  ( 0.0000000000000000000, 0.0000000000000000000, 1.000000000000000000 ) ) ;
#10825 = DIRECTION ( 'NONE',  ( -1.000000000000000000, -0.0000000000000000000, -0.0000000000000000000 ) ) ;
#10826 = ORIENTED_EDGE ( 'NONE', *, *, #8843, .T. ) ;
#10827 = CARTESIAN_POINT ( 'NONE',  ( 0.2850000000000000900, 0.1024999999999999800, 0.2399999999999999100 ) ) ;
#10828 = DIRECTION ( 'NONE',  ( -1.000000000000000000, -0.0000000000000000000, 0.0000000000000000000 ) ) ;
#10829 = ORIENTED_EDGE ( 'NONE', *, *, #4178, .T. ) ;
#10830 = LINE ( 'NONE', #8595, #3574 ) ;
#10831 = LINE ( 'NONE', #3052, #4766 ) ;
#10832 = AXIS2_PLACEMENT_3D ( 'NONE', #420, #1284, #3824 ) ;
#10833 = DIRECTION ( 'NONE',  ( -1.000000000000000000, -0.0000000000000000000, -0.0000000000000000000 ) ) ;
#10834 = CARTESIAN_POINT ( 'NONE',  ( -0.01499999999999994200, 0.09249999999999977700, 0.2656072902104091900 ) ) ;
#10835 = EDGE_CURVE ( 'NONE', #7871, #4424, #10535, .T. ) ;
#10836 = CARTESIAN_POINT ( 'NONE',  ( -0.2849999999999999800, 0.09076351822333045300, 0.2557592126802871200 ) ) ;
#10837 = ORIENTED_EDGE ( 'NONE', *, *, #10501, .T. ) ;
#10838 = ORIENTED_EDGE ( 'NONE', *, *, #7503, .F. ) ;
#10839 = CARTESIAN_POINT ( 'NONE',  ( -0.2150000000000000000, 0.01173648177666930900, 0.2798480775301220900 ) ) ;
#10840 = ORIENTED_EDGE ( 'NONE', *, *, #10267, .F. ) ;
#10841 = VECTOR ( 'NONE', #1466, 39.37007874015748100 ) ;
#10842 = CARTESIAN_POINT ( 'NONE',  ( -0.2349999999999999900, 0.01173648177666930900, 0.2798480775301220900 ) ) ;
#10843 = FACE_OUTER_BOUND ( 'NONE', #8510, .T. ) ;
#10844 = DIRECTION ( 'NONE',  ( -1.000000000000000000, -0.0000000000000000000, -0.0000000000000000000 ) ) ;
#10845 = CARTESIAN_POINT ( 'NONE',  ( -0.1149999999999999600, 0.01210138312730608600, -0.2819175359259424300 ) ) ;
#10846 = CARTESIAN_POINT ( 'NONE',  ( -0.2849999999999999800, 0.1024999999999999800, 0.2399999999999999100 ) ) ;
#10847 = AXIS2_PLACEMENT_3D ( 'NONE', #6883, #2592, #5097 ) ;
#10848 = ORIENTED_EDGE ( 'NONE', *, *, #9037, .T. ) ;
#10849 = AXIS2_PLACEMENT_3D ( 'NONE', #6610, #2293, #3149 ) ;
#10850 = ORIENTED_EDGE ( 'NONE', *, *, #1633, .F. ) ;
#10851 = CARTESIAN_POINT ( 'NONE',  ( -0.08499999999999995100, 0.09076351822333045300, -0.2557592126802871200 ) ) ;
#10852 = EDGE_CURVE ( 'NONE', #3893, #2970, #7684, .T. ) ;
#10853 = VECTOR ( 'NONE', #1529, 39.37007874015748900 ) ;
#10854 =( LENGTH_UNIT ( ) NAMED_UNIT ( * ) SI_UNIT ( $, .METRE. ) );
#10855 = CARTESIAN_POINT ( 'NONE',  ( 0.1150000000000000700, 0.09076351822333045300, 0.2557592126802871200 ) ) ;
#10856 = ADVANCED_FACE ( 'NONE', ( #2572 ), #7400, .F. ) ;
#10857 = ORIENTED_EDGE ( 'NONE', *, *, #5337, .T. ) ;
#10858 = EDGE_LOOP ( 'NONE', ( #5352, #5451, #1085, #7320, #3722, #8303, #6203, #7495, #10758, #10450, #58, #6167 ) ) ;
#10859 = CARTESIAN_POINT ( 'NONE',  ( -0.01499999999999994200, -3.201384367575308500E-018, 0.3150000000000000600 ) ) ;
#10860 = LINE ( 'NONE', #8179, #3730 ) ;
#10861 = DIRECTION ( 'NONE',  ( 0.0000000000000000000, 7.193223902257864100E-015, -1.000000000000000000 ) ) ;
#10862 = ORIENTED_EDGE ( 'NONE', *, *, #6852, .T. ) ;
#10863 = VECTOR ( 'NONE', #7569, 39.37007874015748100 ) ;
#10864 = CARTESIAN_POINT ( 'NONE',  ( 0.08500000000000004800, -2.411709556906732200E-016, 0.2819175359259424900 ) ) ;
#10865 = FACE_OUTER_BOUND ( 'NONE', #2448, .T. ) ;
#10866 = CARTESIAN_POINT ( 'NONE',  ( 0.1850000000000000800, 0.09249999999999998500, -0.2399999999999999100 ) ) ;
#10867 = DIRECTION ( 'NONE',  ( -1.000000000000000000, -0.0000000000000000000, -0.0000000000000000000 ) ) ;
#10868 = EDGE_CURVE ( 'NONE', #8165, #1141, #3655, .T. ) ;
#10869 = AXIS2_PLACEMENT_3D ( 'NONE', #8463, #10242, #3289 ) ;
#10870 =( LENGTH_UNIT ( ) NAMED_UNIT ( * ) SI_UNIT ( $, .METRE. ) );
#10871 = ORIENTED_EDGE ( 'NONE', *, *, #3648, .T. ) ;
#10872 = EDGE_CURVE ( 'NONE', #137, #8628, #827, .T. ) ;
#10873 = AXIS2_PLACEMENT_3D ( 'NONE', #7075, #1038, #7981 ) ;
#10874 = ORIENTED_EDGE ( 'NONE', *, *, #8461, .F. ) ;
#10875 = ORIENTED_EDGE ( 'NONE', *, *, #9825, .F. ) ;
#10876 = ADVANCED_FACE ( 'NONE', ( #7832 ), #8358, .T. ) ;
#10877 = LINE ( 'NONE', #3033, #3742 ) ;
#10878 = DIRECTION ( 'NONE',  ( 0.0000000000000000000, 5.999729353452748200E-015, -1.000000000000000000 ) ) ;
#10879 = VERTEX_POINT ( 'NONE', #4427 ) ;
#10880 = CARTESIAN_POINT ( 'NONE',  ( 0.2850000000000000900, 0.09249999999999998500, -0.2399999999999999100 ) ) ;
#10881 = VECTOR ( 'NONE', #10566, 39.37007874015748100 ) ;
#10882 = DIRECTION ( 'NONE',  ( 0.0000000000000000000, 0.9993908270190957600, -0.03489949670250104600 ) ) ;
#10883 = CARTESIAN_POINT ( 'NONE',  ( 0.2350000000000000400, 0.1024999999999999800, -0.2399999999999999100 ) ) ;
#10884 = DIRECTION ( 'NONE',  ( 2.845674993400276900E-016, 0.0000000000000000000, 1.000000000000000000 ) ) ;
#10885 = EDGE_LOOP ( 'NONE', ( #5491, #2273, #4815, #3234 ) ) ;
#10886 = VERTEX_POINT ( 'NONE', #3564 ) ;
#10887 = LINE ( 'NONE', #2595, #5897 ) ;
#10888 = EDGE_CURVE ( 'NONE', #7979, #2966, #5243, .T. ) ;
#10889 = DIRECTION ( 'NONE',  ( -1.000000000000000000, -0.0000000000000000000, -0.0000000000000000000 ) ) ;
#10890 = EDGE_CURVE ( 'NONE', #8180, #9797, #1488, .T. ) ;
#10891 = VECTOR ( 'NONE', #7056, 39.37007874015748100 ) ;
#10892 = AXIS2_PLACEMENT_3D ( 'NONE', #1156, #3674, #4492 ) ;
#10893 = CARTESIAN_POINT ( 'NONE',  ( -0.2349999999999999900, 0.009999999999999956800, -0.3150000000000000000 ) ) ;
#10894 = DIRECTION ( 'NONE',  ( 0.0000000000000000000, 0.9848077530122082400, 0.1736481776669296100 ) ) ;
#10895 = CARTESIAN_POINT ( 'NONE',  ( 0.1650000000000000900, 0.09076351822333045300, 0.2557592126802870600 ) ) ;
#10896 = ORIENTED_EDGE ( 'NONE', *, *, #7274, .T. ) ;
#10897 = VERTEX_POINT ( 'NONE', #942 ) ;
#10898 = ORIENTED_EDGE ( 'NONE', *, *, #8819, .F. ) ;
#10899 = VECTOR ( 'NONE', #10243, 39.37007874015748100 ) ;
#10900 = DIRECTION ( 'NONE',  ( -1.000000000000000000, -0.0000000000000000000, -0.0000000000000000000 ) ) ;
#10901 = CARTESIAN_POINT ( 'NONE',  ( -0.03499999999999993400, -3.201384367575308500E-018, -0.3150000000000000600 ) ) ;
#10902 = DIRECTION ( 'NONE',  ( -0.0000000000000000000, -5.999729353452747400E-015, 1.000000000000000000 ) ) ;
#10903 = EDGE_CURVE ( 'NONE', #5257, #5545, #172, .T. ) ;
#10904 = DIRECTION ( 'NONE',  ( -1.000000000000000000, -0.0000000000000000000, -0.0000000000000000000 ) ) ;
#10905 = EDGE_LOOP ( 'NONE', ( #127, #6274, #8189, #7514 ) ) ;
#10906 = CARTESIAN_POINT ( 'NONE',  ( 0.1350000000000000600, 0.1024999999999999900, 0.2536897542844667700 ) ) ;
#10907 = AXIS2_PLACEMENT_3D ( 'NONE', #9073, #5771, #9217 ) ;
#10908 = ORIENTED_EDGE ( 'NONE', *, *, #4156, .T. ) ;
#10909 = VERTEX_POINT ( 'NONE', #6120 ) ;
#10910 = EDGE_CURVE ( 'NONE', #2330, #7935, #5507, .T. ) ;
#10911 = ORIENTED_EDGE ( 'NONE', *, *, #5212, .F. ) ;
#10912 = VECTOR ( 'NONE', #9374, 39.37007874015748100 ) ;
#10913 = FACE_OUTER_BOUND ( 'NONE', #10309, .T. ) ;
#10914 = VERTEX_POINT ( 'NONE', #9560 ) ;
#10915 = CARTESIAN_POINT ( 'NONE',  ( 0.06500000000000005800, 0.01000000000000000000, 0.2699999999999999600 ) ) ;
#10916 = DIRECTION ( 'NONE',  ( -1.000000000000000000, -0.0000000000000000000, -0.0000000000000000000 ) ) ;
#10917 = ORIENTED_EDGE ( 'NONE', *, *, #10818, .T. ) ;
#10918 = CARTESIAN_POINT ( 'NONE',  ( -0.01499999999999994200, 0.09076351822333045300, -0.2557592126802871200 ) ) ;
#10919 = ORIENTED_EDGE ( 'NONE', *, *, #5010, .T. ) ;
#10920 = ADVANCED_FACE ( 'NONE', ( #10913 ), #4170, .F. ) ;
#10921 = DIRECTION ( 'NONE',  ( 0.0000000000000000000, 0.0000000000000000000, 1.000000000000000000 ) ) ;
#10922 = ORIENTED_EDGE ( 'NONE', *, *, #3766, .T. ) ;
#10923 = PRESENTATION_LAYER_ASSIGNMENT (  '', '', ( #7445 ) ) ;
#10924 = LINE ( 'NONE', #7427, #4050 ) ;
#10925 = EDGE_CURVE ( 'NONE', #6737, #9716, #9582, .T. ) ;
#10926 = FACE_OUTER_BOUND ( 'NONE', #8252, .T. ) ;
#10927 = DIRECTION ( 'NONE',  ( -0.0000000000000000000, 0.9848077530122082400, -0.1736481776669296100 ) ) ;
#10928 = LINE ( 'NONE', #1291, #8657 ) ;
#10929 = DIRECTION ( 'NONE',  ( -1.000000000000000000, -0.0000000000000000000, -0.0000000000000000000 ) ) ;
#10930 = DIRECTION ( 'NONE',  ( 0.0000000000000000000, 0.0000000000000000000, -1.000000000000000000 ) ) ;
#10931 = ORIENTED_EDGE ( 'NONE', *, *, #6326, .F. ) ;
#10932 = DIRECTION ( 'NONE',  ( 0.0000000000000000000, 7.225480511685028100E-015, 1.000000000000000000 ) ) ;
#10933 =( NAMED_UNIT ( * ) SI_UNIT ( $, .STERADIAN. ) SOLID_ANGLE_UNIT ( ) );
#10934 = ADVANCED_FACE ( 'NONE', ( #2038 ), #3222, .F. ) ;
#10935 = DIRECTION ( 'NONE',  ( 0.0000000000000000000, 0.0000000000000000000, -1.000000000000000000 ) ) ;
#10936 = VECTOR ( 'NONE', #5914, 39.37007874015748100 ) ;
#10937 = MECHANICAL_DESIGN_GEOMETRIC_PRESENTATION_REPRESENTATION (  '', ( #4730 ), #6459 ) ;
#10938 = DIRECTION ( 'NONE',  ( 0.0000000000000000000, -0.0000000000000000000, -1.000000000000000000 ) ) ;
#10939 = CARTESIAN_POINT ( 'NONE',  ( 0.03500000000000003800, 0.1024999999999999800, -0.2399999999999999100 ) ) ;
#10940 = EDGE_CURVE ( 'NONE', #4265, #5321, #4039, .T. ) ;
#10941 = AXIS2_PLACEMENT_3D ( 'NONE', #2550, #2477, #9335 ) ;
#10942 = DIRECTION ( 'NONE',  ( -1.000000000000000000, -0.0000000000000000000, -0.0000000000000000000 ) ) ;
#10943 = DIRECTION ( 'NONE',  ( -1.000000000000000000, -0.0000000000000000000, 0.0000000000000000000 ) ) ;
#10944 = CARTESIAN_POINT ( 'NONE',  ( -0.1649999999999999800, 0.01210138312730608600, -0.2819175359259424300 ) ) ;
#10945 = CARTESIAN_POINT ( 'NONE',  ( 0.1850000000000000800, -3.201384367575308500E-018, -0.3150000000000000600 ) ) ;
#10946 = ORIENTED_EDGE ( 'NONE', *, *, #8492, .T. ) ;
#10947 = DIRECTION ( 'NONE',  ( -1.000000000000000000, -0.0000000000000000000, -0.0000000000000000000 ) ) ;
#10948 = CARTESIAN_POINT ( 'NONE',  ( -0.2349999999999999900, 0.1024999999999999900, 0.2536897542844667700 ) ) ;
#10949 = DIRECTION ( 'NONE',  ( 0.0000000000000000000, -1.000000000000000000, 0.0000000000000000000 ) ) ;
#10950 = ORIENTED_EDGE ( 'NONE', *, *, #3079, .T. ) ;
#10951 = DIRECTION ( 'NONE',  ( -5.935182229736056100E-016, -0.03489949670250104600, -0.9993908270190957600 ) ) ;
#10952 = VERTEX_POINT ( 'NONE', #1089 ) ;
#10953 = VECTOR ( 'NONE', #10203, 39.37007874015748100 ) ;
#10954 = EDGE_CURVE ( 'NONE', #10485, #7440, #3778, .T. ) ;
#10955 = LINE ( 'NONE', #6918, #1527 ) ;
#10956 = ORIENTED_EDGE ( 'NONE', *, *, #8744, .T. ) ;
#10957 = CARTESIAN_POINT ( 'NONE',  ( -0.08499999999999995100, 0.01210138312730608600, 0.2819175359259424300 ) ) ;
#10958 = DIRECTION ( 'NONE',  ( 0.0000000000000000000, -7.225480511685028100E-015, -1.000000000000000000 ) ) ;
#10959 = EDGE_LOOP ( 'NONE', ( #770, #10507, #1429, #9158 ) ) ;
#10960 = LINE ( 'NONE', #7105, #9219 ) ;
#10961 = DIRECTION ( 'NONE',  ( -0.0000000000000000000, 1.000000000000000000, 6.829619984160684300E-015 ) ) ;
#10962 =( LENGTH_UNIT ( ) NAMED_UNIT ( * ) SI_UNIT ( $, .METRE. ) );
#10963 = VECTOR ( 'NONE', #4740, 39.37007874015748100 ) ;
#10964 = PRODUCT_CONTEXT ( 'NONE', #624, 'mechanical' ) ;
#10965 = FILL_AREA_STYLE_COLOUR ( '', #9415 ) ;
#10966 = EDGE_CURVE ( 'NONE', #503, #4691, #2428, .T. ) ;
#10967 = ORIENTED_EDGE ( 'NONE', *, *, #3661, .F. ) ;
#10968 = EDGE_CURVE ( 'NONE', #2084, #10078, #1890, .T. ) ;
#10969 = ADVANCED_FACE ( 'NONE', ( #9030 ), #3644, .F. ) ;
#10970 = ORIENTED_EDGE ( 'NONE', *, *, #699, .T. ) ;
#10971 = CARTESIAN_POINT ( 'NONE',  ( -0.2849999999999999800, 0.1024999999999999900, 0.2536897542844667700 ) ) ;
#10972 = LINE ( 'NONE', #6236, #10713 ) ;
#10973 = CARTESIAN_POINT ( 'NONE',  ( -0.2849999999999999800, 0.09249999999999999900, -0.2536897542844667700 ) ) ;
#10974 = FACE_OUTER_BOUND ( 'NONE', #3580, .T. ) ;
#10975 = DIRECTION ( 'NONE',  ( 0.0000000000000000000, 0.0000000000000000000, -1.000000000000000000 ) ) ;
#10976 = CARTESIAN_POINT ( 'NONE',  ( -0.06499999999999996100, 0.009999999999999956800, -0.3150000000000000000 ) ) ;
#10977 =( NAMED_UNIT ( * ) PLANE_ANGLE_UNIT ( ) SI_UNIT ( $, .RADIAN. ) );
#10978 = UNCERTAINTY_MEASURE_WITH_UNIT (LENGTH_MEASURE( 1.000000000000000100E-005 ), #6345, 'distance_accuracy_value', 'NONE');
#10979 = VERTEX_POINT ( 'NONE', #9708 ) ;
#10980 = LINE ( 'NONE', #4634, #5731 ) ;
#10981 = ORIENTED_EDGE ( 'NONE', *, *, #4333, .F. ) ;
#10982 = FACE_OUTER_BOUND ( 'NONE', #2224, .T. ) ;
#10983 = LINE ( 'NONE', #3641, #4109 ) ;
#10984 = ADVANCED_FACE ( 'NONE', ( #965 ), #9671, .F. ) ;
#10985 = AXIS2_PLACEMENT_3D ( 'NONE', #10008, #4974, #2244 ) ;
#10986 = SURFACE_STYLE_FILL_AREA ( #2056 ) ;
#10987 = CARTESIAN_POINT ( 'NONE',  ( -0.01499999999999994200, 0.009999999999999753900, -0.2819175359259424300 ) ) ;
#10988 = EDGE_CURVE ( 'NONE', #1001, #1968, #9839, .T. ) ;
#10989 = DIRECTION ( 'NONE',  ( 0.0000000000000000000, -0.9993908270190957600, -0.03489949670250104600 ) ) ;
#10990 = PLANE ( 'NONE',  #5918 ) ;
#10991 = PLANE ( 'NONE',  #6505 ) ;
#10992 = VERTEX_POINT ( 'NONE', #9094 ) ;
#10993 = LINE ( 'NONE', #2195, #8032 ) ;
#10994 = ORIENTED_EDGE ( 'NONE', *, *, #9155, .T. ) ;
#10995 = VECTOR ( 'NONE', #9846, 39.37007874015748100 ) ;
#10996 = LINE ( 'NONE', #6318, #8727 ) ;
#10997 = CARTESIAN_POINT ( 'NONE',  ( -0.1349999999999999500, 0.09039861687269366800, 0.2536897542844667700 ) ) ;
#10998 = VERTEX_POINT ( 'NONE', #7053 ) ;
#10999 = AXIS2_PLACEMENT_3D ( 'NONE', #417, #8874, #380 ) ;
#11000 = AXIS2_PLACEMENT_3D ( 'NONE', #5619, #9939, #6525 ) ;
#11001 = ORIENTED_EDGE ( 'NONE', *, *, #4314, .T. ) ;
#11002 = ORIENTED_EDGE ( 'NONE', *, *, #1114, .F. ) ;
#11003 = EDGE_CURVE ( 'NONE', #105, #7460, #2967, .T. ) ;
#11004 = VECTOR ( 'NONE', #1749, 39.37007874015748100 ) ;
#11005 =( NAMED_UNIT ( * ) PLANE_ANGLE_UNIT ( ) SI_UNIT ( $, .RADIAN. ) );
#11006 = VERTEX_POINT ( 'NONE', #4751 ) ;
#11007 = FACE_OUTER_BOUND ( 'NONE', #1323, .T. ) ;
#11008 = CARTESIAN_POINT ( 'NONE',  ( -0.2650000000000000100, 0.09039861687269366800, 0.2536897542844667700 ) ) ;
#11009 = CARTESIAN_POINT ( 'NONE',  ( -0.01499999999999994200, -2.411709556906732200E-016, 0.2819175359259424900 ) ) ;
#11010 = EDGE_LOOP ( 'NONE', ( #10452, #2362, #11147, #10661 ) ) ;
#11011 = CARTESIAN_POINT ( 'NONE',  ( -0.03499999999999993400, -2.411709556906732200E-016, -0.2819175359259424900 ) ) ;
#11012 = ORIENTED_EDGE ( 'NONE', *, *, #4477, .F. ) ;
#11013 = ORIENTED_EDGE ( 'NONE', *, *, #2799, .T. ) ;
#11014 = CARTESIAN_POINT ( 'NONE',  ( -0.1149999999999999600, 0.1024999999999999900, 0.2536897542844667700 ) ) ;
#11015 = VECTOR ( 'NONE', #8298, 39.37007874015748100 ) ;
#11016 = DIRECTION ( 'NONE',  ( 0.0000000000000000000, 0.0000000000000000000, -1.000000000000000000 ) ) ;
#11017 = PLANE ( 'NONE',  #796 ) ;
#11018 = AXIS2_PLACEMENT_3D ( 'NONE', #487, #2765, #7956 ) ;
#11019 = CARTESIAN_POINT ( 'NONE',  ( -0.08499999999999995100, 0.009999999999999956800, -0.3150000000000000000 ) ) ;
#11020 = EDGE_CURVE ( 'NONE', #784, #4969, #7538, .T. ) ;
#11021 = AXIS2_PLACEMENT_3D ( 'NONE', #4486, #8649, #2614 ) ;
#11022 = DIRECTION ( 'NONE',  ( 0.0000000000000000000, 0.0000000000000000000, 1.000000000000000000 ) ) ;
#11023 = ORIENTED_EDGE ( 'NONE', *, *, #5632, .T. ) ;
#11024 = ORIENTED_EDGE ( 'NONE', *, *, #5127, .T. ) ;
#11025 = DIRECTION ( 'NONE',  ( -1.000000000000000000, -0.0000000000000000000, -0.0000000000000000000 ) ) ;
#11026 = PRESENTATION_STYLE_ASSIGNMENT (( #7556 ) ) ;
#11027 = VERTEX_POINT ( 'NONE', #7312 ) ;
#11028 = DIRECTION ( 'NONE',  ( 0.0000000000000000000, -0.9848077530122082400, -0.1736481776669296100 ) ) ;
#11029 = VECTOR ( 'NONE', #7276, 39.37007874015748900 ) ;
#11030 = ADVANCED_FACE ( 'NONE', ( #1758 ), #2175, .F. ) ;
#11031 = DIRECTION ( 'NONE',  ( -1.000000000000000000, -0.0000000000000000000, -0.0000000000000000000 ) ) ;
#11032 = DIRECTION ( 'NONE',  ( 0.0000000000000000000, 1.000000000000000000, 0.0000000000000000000 ) ) ;
#11033 = ORIENTED_EDGE ( 'NONE', *, *, #6023, .T. ) ;
#11034 = EDGE_LOOP ( 'NONE', ( #8805, #2156, #5245, #6605 ) ) ;
#11035 = DIRECTION ( 'NONE',  ( 0.0000000000000000000, -6.829619984160684300E-015, 1.000000000000000000 ) ) ;
#11036 = ORIENTED_EDGE ( 'NONE', *, *, #9053, .T. ) ;
#11037 = EDGE_CURVE ( 'NONE', #2451, #3814, #427, .T. ) ;
#11038 = COLOUR_RGB ( '',0.7921568627450980000, 0.8196078431372548800, 0.9333333333333333500 ) ;
#11039 = ORIENTED_EDGE ( 'NONE', *, *, #11037, .T. ) ;
#11040 = AXIS2_PLACEMENT_3D ( 'NONE', #2135, #8186, #2996 ) ;
#11041 = CARTESIAN_POINT ( 'NONE',  ( 0.1350000000000000600, 0.1024999999999999800, -0.2399999999999999100 ) ) ;
#11042 = DIRECTION ( 'NONE',  ( -1.000000000000000000, -0.0000000000000000000, -0.0000000000000000000 ) ) ;
#11043 = VECTOR ( 'NONE', #5172, 39.37007874015748100 ) ;
#11044 = DIRECTION ( 'NONE',  ( -1.000000000000000000, -0.0000000000000000000, -0.0000000000000000000 ) ) ;
#11045 = SURFACE_SIDE_STYLE ('',( #201 ) ) ;
#11046 = CYLINDRICAL_SURFACE ( 'NONE', #1795, 0.01210138312730635500 ) ;
#11047 = ADVANCED_FACE ( 'NONE', ( #10768 ), #8191, .F. ) ;
#11048 = DIRECTION ( 'NONE',  ( 0.0000000000000000000, -1.000000000000000000, 6.829619984160659800E-015 ) ) ;
#11049 = ORIENTED_EDGE ( 'NONE', *, *, #5422, .T. ) ;
#11050 = CLOSED_SHELL ( 'NONE', ( #9243, #4136, #6858, #2277, #3914, #8690, #9532, #5030, #4709, #838, #8095, #7696, #6353, #1235 ) ) ;
#11051 = VERTEX_POINT ( 'NONE', #4498 ) ;
#11052 = ORIENTED_EDGE ( 'NONE', *, *, #3065, .F. ) ;
#11053 = CARTESIAN_POINT ( 'NONE',  ( -0.1149999999999999600, 0.01210138312730608600, 0.2819175359259424300 ) ) ;
#11054 = DIRECTION ( 'NONE',  ( 0.0000000000000000000, -1.000000000000000000, 0.0000000000000000000 ) ) ;
#11055 = VECTOR ( 'NONE', #6968, 39.37007874015748100 ) ;
#11056 = CARTESIAN_POINT ( 'NONE',  ( 0.08500000000000004800, -3.201384367575308500E-018, -0.3150000000000000600 ) ) ;
#11057 = FACE_OUTER_BOUND ( 'NONE', #10391, .T. ) ;
#11058 = EDGE_CURVE ( 'NONE', #2408, #8571, #4320, .T. ) ;
#11059 = DIRECTION ( 'NONE',  ( 0.0000000000000000000, 1.000000000000000000, 0.0000000000000000000 ) ) ;
#11060 = DIRECTION ( 'NONE',  ( 1.000000000000000000, 0.0000000000000000000, 0.0000000000000000000 ) ) ;
#11061 = CARTESIAN_POINT ( 'NONE',  ( -0.1349999999999999500, 0.09076351822333045300, -0.2557592126802871200 ) ) ;
#11062 = VECTOR ( 'NONE', #4739, 39.37007874015748100 ) ;
#11063 = EDGE_CURVE ( 'NONE', #4046, #6531, #6592, .T. ) ;
#11064 = VERTEX_POINT ( 'NONE', #5684 ) ;
#11065 = DIRECTION ( 'NONE',  ( 0.0000000000000000000, -1.000000000000000000, 0.0000000000000000000 ) ) ;
#11066 = ORIENTED_EDGE ( 'NONE', *, *, #6186, .F. ) ;
#11067 = CARTESIAN_POINT ( 'NONE',  ( -0.1649999999999999800, 0.01210138312730608600, -0.2819175359259424300 ) ) ;
#11068 = DIRECTION ( 'NONE',  ( -1.000000000000000000, -0.0000000000000000000, -0.0000000000000000000 ) ) ;
#11069 = CARTESIAN_POINT ( 'NONE',  ( 0.2350000000000000400, 0.1024999999999999800, 0.2399999999999999100 ) ) ;
#11070 = VECTOR ( 'NONE', #198, 39.37007874015748100 ) ;
#11071 = AXIS2_PLACEMENT_3D ( 'NONE', #11094, #9455, #945 ) ;
#11072 = AXIS2_PLACEMENT_3D ( 'NONE', #1705, #8898, #2574 ) ;
#11073 = LINE ( 'NONE', #10732, #6481 ) ;
#11074 = EDGE_CURVE ( 'NONE', #7808, #6808, #6733, .T. ) ;
#11075 = VERTEX_POINT ( 'NONE', #4866 ) ;
#11076 = FILL_AREA_STYLE_COLOUR ( '', #1703 ) ;
#11077 = FACE_OUTER_BOUND ( 'NONE', #9353, .T. ) ;
#11078 = DIRECTION ( 'NONE',  ( -0.0000000000000000000, -0.0000000000000000000, 1.000000000000000000 ) ) ;
#11079 = DIRECTION ( 'NONE',  ( 0.0000000000000000000, -1.000000000000000000, 6.829619984160659800E-015 ) ) ;
#11080 = VECTOR ( 'NONE', #5083, 39.37007874015748900 ) ;
#11081 = CARTESIAN_POINT ( 'NONE',  ( 0.2850000000000000900, -2.411709556906732200E-016, -0.2819175359259424900 ) ) ;
#11082 = CARTESIAN_POINT ( 'NONE',  ( 0.1850000000000000800, 0.09039861687269366800, -0.2536897542844667700 ) ) ;
#11083 = PLANE ( 'NONE',  #4842 ) ;
#11084 = EDGE_LOOP ( 'NONE', ( #3131, #9923, #9029, #4255 ) ) ;
#11085 = ORIENTED_EDGE ( 'NONE', *, *, #6593, .T. ) ;
#11086 = VECTOR ( 'NONE', #5871, 39.37007874015748100 ) ;
#11087 = ADVANCED_FACE ( 'NONE', ( #4973 ), #4823, .F. ) ;
#11088 = CYLINDRICAL_SURFACE ( 'NONE', #1257, 0.01210138312730635500 ) ;
#11089 = EDGE_CURVE ( 'NONE', #10914, #8868, #2702, .T. ) ;
#11090 = PRESENTATION_LAYER_ASSIGNMENT (  '', '', ( #3945 ) ) ;
#11091 = DIRECTION ( 'NONE',  ( 0.0000000000000000000, 0.0000000000000000000, -1.000000000000000000 ) ) ;
#11092 = DIRECTION ( 'NONE',  ( 0.0000000000000000000, 7.225480511685028100E-015, 1.000000000000000000 ) ) ;
#11093 = CARTESIAN_POINT ( 'NONE',  ( -0.2857222057372608100, 0.09721825406947957900, 0.2082222057372607700 ) ) ;
#11094 = CARTESIAN_POINT ( 'NONE',  ( -0.2349999999999999900, 0.09039861687269366800, 0.2536897542844667700 ) ) ;
#11095 = ORIENTED_EDGE ( 'NONE', *, *, #4413, .T. ) ;
#11096 = DIRECTION ( 'NONE',  ( -0.0000000000000000000, 0.9848077530122082400, -0.1736481776669296100 ) ) ;
#11097 = EDGE_LOOP ( 'NONE', ( #4253, #3318, #7020, #5698, #9973, #6378, #7357, #2959, #10118, #7111, #10735, #9318 ) ) ;
#11098 = LINE ( 'NONE', #11011, #7442 ) ;
#11099 = LINE ( 'NONE', #7826, #7994 ) ;
#11100 = ADVANCED_FACE ( 'NONE', ( #4448 ), #11046, .T. ) ;
#11101 = DIRECTION ( 'NONE',  ( -1.000000000000000000, -0.0000000000000000000, -0.0000000000000000000 ) ) ;
#11102 = DIRECTION ( 'NONE',  ( 0.0000000000000000000, 0.0000000000000000000, 1.000000000000000000 ) ) ;
#11103 = EDGE_LOOP ( 'NONE', ( #6341, #6115, #8293, #9106, #8362, #3230, #7208, #3474, #5851, #4127, #3192, #14 ) ) ;
#11104 = EDGE_CURVE ( 'NONE', #921, #3281, #2166, .T. ) ;
#11105 = ORIENTED_EDGE ( 'NONE', *, *, #5957, .T. ) ;
#11106 = LENGTH_MEASURE_WITH_UNIT ( LENGTH_MEASURE( 0.02539999999999999900 ), #6200 );
#11107 = CARTESIAN_POINT ( 'NONE',  ( 0.1350000000000000600, 0.1024999999999999800, -0.2536897542844667700 ) ) ;
#11108 = FACE_OUTER_BOUND ( 'NONE', #5531, .T. ) ;
#11109 = CARTESIAN_POINT ( 'NONE',  ( 0.2350000000000000400, 0.09039861687269366800, 0.2536897542844667700 ) ) ;
#11110 = CARTESIAN_POINT ( 'NONE',  ( -0.1649999999999999800, 0.09076351822333045300, -0.2557592126802871200 ) ) ;
#11111 = DIRECTION ( 'NONE',  ( 0.0000000000000000000, -1.000000000000000000, 0.0000000000000000000 ) ) ;
#11112 = ORIENTED_EDGE ( 'NONE', *, *, #2852, .F. ) ;
#11113 = DIRECTION ( 'NONE',  ( 1.000000000000000000, 0.0000000000000000000, 0.0000000000000000000 ) ) ;
#11114 = EDGE_LOOP ( 'NONE', ( #5907, #10020, #7815, #8906 ) ) ;
#11115 = PLANE ( 'NONE',  #3458 ) ;
#11116 = DIRECTION ( 'NONE',  ( 0.0000000000000000000, -1.000000000000000000, 6.829619984160659800E-015 ) ) ;
#11117 = LINE ( 'NONE', #2329, #3581 ) ;
#11118 = VECTOR ( 'NONE', #7052, 39.37007874015748100 ) ;
#11119 = DIRECTION ( 'NONE',  ( 1.000000000000000000, 0.0000000000000000000, 0.0000000000000000000 ) ) ;
#11120 = VECTOR ( 'NONE', #7119, 39.37007874015748100 ) ;
#11121 = EDGE_CURVE ( 'NONE', #7828, #10992, #10395, .T. ) ;
#11122 = AXIS2_PLACEMENT_3D ( 'NONE', #3352, #2489, #11102 ) ;
#11123 = EDGE_CURVE ( 'NONE', #6425, #670, #1240, .T. ) ;
#11124 = UNCERTAINTY_MEASURE_WITH_UNIT (LENGTH_MEASURE( 1.000000000000000100E-005 ), #6332, 'distance_accuracy_value', 'NONE');
#11125 = CLOSED_SHELL ( 'NONE', ( #5378, #1730, #4025, #5943, #10509, #2346, #6059, #7096, #2391, #6450, #10152, #10330, #2624, #6241 ) ) ;
#11126 = DIRECTION ( 'NONE',  ( 0.0000000000000000000, -0.0000000000000000000, 1.000000000000000000 ) ) ;
#11127 = CARTESIAN_POINT ( 'NONE',  ( 0.2150000000000000500, 0.01210138312730608600, -0.2819175359259424300 ) ) ;
#11128 = VECTOR ( 'NONE', #7817, 39.37007874015748100 ) ;
#11129 = DIRECTION ( 'NONE',  ( 0.0000000000000000000, -0.9848077530122082400, 0.1736481776669295800 ) ) ;
#11130 = EDGE_LOOP ( 'NONE', ( #8183, #5119, #3978, #4967 ) ) ;
#11131 = DIRECTION ( 'NONE',  ( -1.000000000000000000, -0.0000000000000000000, -0.0000000000000000000 ) ) ;
#11132 = VERTEX_POINT ( 'NONE', #5753 ) ;
#11133 = LINE ( 'NONE', #4004, #6533 ) ;
#11134 = DIRECTION ( 'NONE',  ( 0.0000000000000000000, 1.000000000000000000, -6.829619984160661400E-015 ) ) ;
#11135 = DIRECTION ( 'NONE',  ( 0.0000000000000000000, -0.9848077530122082400, 0.1736481776669296100 ) ) ;
#11136 = CARTESIAN_POINT ( 'NONE',  ( 0.2350000000000000400, 0.09076351822333045300, -0.2557592126802871200 ) ) ;
#11137 = ORIENTED_EDGE ( 'NONE', *, *, #3545, .F. ) ;
#11138 = ORIENTED_EDGE ( 'NONE', *, *, #7772, .F. ) ;
#11139 = VECTOR ( 'NONE', #730, 39.37007874015748100 ) ;
#11140 = AXIS2_PLACEMENT_3D ( 'NONE', #6225, #6118, #3600 ) ;
#11141 = ORIENTED_EDGE ( 'NONE', *, *, #7176, .T. ) ;
#11142 = EDGE_CURVE ( 'NONE', #4725, #1335, #5505, .T. ) ;
#11143 = LINE ( 'NONE', #9465, #4272 ) ;
#11144 = CARTESIAN_POINT ( 'NONE',  ( 0.08500000000000004800, 0.09039861687269366800, 0.2536897542844667700 ) ) ;
#11145 = ADVANCED_FACE ( 'NONE', ( #168 ), #6728, .T. ) ;
#11146 = DIRECTION ( 'NONE',  ( 0.0000000000000000000, -1.000000000000000000, 0.0000000000000000000 ) ) ;
#11147 = ORIENTED_EDGE ( 'NONE', *, *, #132, .F. ) ;
#11148 = ORIENTED_EDGE ( 'NONE', *, *, #5516, .F. ) ;
#11149 = LENGTH_MEASURE_WITH_UNIT ( LENGTH_MEASURE( 0.02539999999999999900 ), #9280 );
ENDSEC;
END-ISO-10303-21;
